season,competition_id,round,match_id,match_number,group,date,time,home_team_id,home_team,home_goals,away_team_id,away_team,away_goals,venue,city,state,championship,status,result
2021,12487,1,817946,1,GRUPO ÚNICO,2021-05-30,16:00,20016,Flamengo,1.0,20002,Palmeiras,0.0,Maracanã,Rio de Janeiro,RJ,Campeonato Brasileiro,played,HOME
2021,12487,1,817947,2,GRUPO ÚNICO,2021-05-30,18:15,20001,Corinthians,0.0,20093,Atlético,1.0,Neo Química Arena,Sao Paulo,SP,Campeonato Brasileiro,played,AWAY
2021,12487,1,817948,3,GRUPO ÚNICO,2021-05-29,21:00,20005,São Paulo,0.0,20014,Fluminense,0.0,Morumbi,Sao Paulo,SP,Campeonato Brasileiro,played,DRAW
2021,12487,1,817949,4,GRUPO ÚNICO,2021-05-30,11:00,20003,Atlético Mineiro,1.0,20048,Fortaleza Esporte Clube,2.0,Mineirão,Belo Horizonte,MG,Campeonato Brasileiro,played,AWAY
2021,12487,1,817950,5,GRUPO ÚNICO,2021-05-30,20:30,20011,Internacional,2.0,20010,Sport Recife,2.0,Beira-Rio,Porto Alegre,RS,Campeonato Brasileiro,played,DRAW
2021,12487,1,817951,6,GRUPO ÚNICO,2021-05-30,16:00,20031,Ceará,3.0,20013,Grêmio,2.0,Arena Castelão,Fortaleza,CE,Campeonato Brasileiro,played,HOME
2021,12487,1,817952,7,GRUPO ÚNICO,2021-05-29,20:00,20006,Esporte Clube Bahia,3.0,20008,Santos FC,0.0,Pituaçu,Salvador,BA,Campeonato Brasileiro,played,HOME
2021,12487,1,817953,8,GRUPO ÚNICO,2021-05-30,18:15,20052,Athletico Paranaense,1.0,20047,America,0.0,Arena da Baixada,Curitiba,PR,Campeonato Brasileiro,played,HOME
2021,12487,1,817954,9,GRUPO ÚNICO,2021-05-30,18:15,20086,Chapecoense,0.0,20007,Red Bull Bragantino,3.0,Arena Condá,Chapeco,SC,Campeonato Brasileiro,played,AWAY
2021,12487,1,817955,10,GRUPO ÚNICO,2021-05-29,19:00,20800,Cuiabá,2.0,20027,Juventude,2.0,Arena Pantanal,Cuiaba,MT,Campeonato Brasileiro,played,DRAW
2021,12487,2,817956,11,GRUPO ÚNICO,2021-06-06,11:00,20014,Fluminense,1.0,20800,Cuiabá,0.0,São Januário,Rio de Janeiro,RJ,Campeonato Brasileiro,played,HOME
2021,12487,2,817957,12,GRUPO ÚNICO,2021-06-06,18:15,20002,Palmeiras,3.0,20086,Chapecoense,1.0,Nubank Parque,Sao Paulo,SP,Campeonato Brasileiro,played,HOME
2021,12487,2,817958,13,GRUPO ÚNICO,2021-06-05,21:00,20008,Santos FC,3.0,20031,Ceará,1.0,Vila Belmiro,Santos,SP,Campeonato Brasileiro,played,HOME
2021,12487,2,817959,14,GRUPO ÚNICO,2021-06-06,16:00,20047,America,0.0,20001,Corinthians,1.0,Independência,Belo Horizonte,MG,Campeonato Brasileiro,played,AWAY
2021,12487,2,817960,15,GRUPO ÚNICO,2021-11-23,21:00,20013,Grêmio,2.0,20016,Flamengo,2.0,Arena do Grêmio,Porto Alegre,RS,Campeonato Brasileiro,played,DRAW
2021,12487,2,817961,16,GRUPO ÚNICO,2021-06-06,16:00,20048,Fortaleza Esporte Clube,5.0,20011,Internacional,1.0,Arena Castelão,Fortaleza,CE,Campeonato Brasileiro,played,HOME
2021,12487,2,817962,17,GRUPO ÚNICO,2021-06-06,20:30,20010,Sport Recife,0.0,20003,Atlético Mineiro,1.0,Ilha do Retiro,Recife,PE,Campeonato Brasileiro,played,AWAY
2021,12487,2,817963,18,GRUPO ÚNICO,2021-06-05,21:00,20007,Red Bull Bragantino,3.0,20006,Esporte Clube Bahia,3.0,Nabi Abi Chedid,Braganca Paulista,SP,Campeonato Brasileiro,played,DRAW
2021,12487,2,817964,19,GRUPO ÚNICO,2021-06-06,18:15,20027,Juventude,0.0,20052,Athletico Paranaense,3.0,Alfredo Jaconi,Caxias do Sul,RS,Campeonato Brasileiro,played,AWAY
2021,12487,2,817965,20,GRUPO ÚNICO,2021-06-05,19:00,20093,Atlético,2.0,20005,São Paulo,0.0,Antônio Accioly,Goiania,GO,Campeonato Brasileiro,played,HOME
2021,12487,3,817966,21,GRUPO ÚNICO,2021-06-13,16:00,20016,Flamengo,2.0,20047,America,0.0,Maracanã,Rio de Janeiro,RJ,Campeonato Brasileiro,played,HOME
2021,12487,3,817967,22,GRUPO ÚNICO,2021-06-12,19:00,20002,Palmeiras,1.0,20001,Corinthians,1.0,Nubank Parque,Sao Paulo,SP,Campeonato Brasileiro,played,DRAW
2021,12487,3,817968,23,GRUPO ÚNICO,2021-06-12,19:00,20008,Santos FC,0.0,20027,Juventude,0.0,Vila Belmiro,Santos,SP,Campeonato Brasileiro,played,DRAW
2021,12487,3,817969,24,GRUPO ÚNICO,2021-06-13,16:00,20003,Atlético Mineiro,1.0,20005,São Paulo,0.0,Mineirão,Belo Horizonte,MG,Campeonato Brasileiro,played,HOME
2021,12487,3,817970,25,GRUPO ÚNICO,2021-06-13,16:00,20013,Grêmio,0.0,20052,Athletico Paranaense,1.0,Arena do Grêmio,Porto Alegre,RS,Campeonato Brasileiro,played,AWAY
2021,12487,3,817971,26,GRUPO ÚNICO,2021-06-13,20:30,20048,Fortaleza Esporte Clube,1.0,20010,Sport Recife,0.0,Arena Castelão,Fortaleza,CE,Campeonato Brasileiro,played,HOME
2021,12487,3,817972,27,GRUPO ÚNICO,2021-06-13,20:30,20006,Esporte Clube Bahia,0.0,20011,Internacional,1.0,Pituaçu,Salvador,BA,Campeonato Brasileiro,played,AWAY
2021,12487,3,817973,28,GRUPO ÚNICO,2021-06-13,20:30,20007,Red Bull Bragantino,2.0,20014,Fluminense,2.0,Nabi Abi Chedid,Braganca Paulista,SP,Campeonato Brasileiro,played,DRAW
2021,12487,3,817974,29,GRUPO ÚNICO,2021-06-13,20:30,20086,Chapecoense,0.0,20031,Ceará,0.0,Arena Condá,Chapeco,SC,Campeonato Brasileiro,played,DRAW
2021,12487,3,817975,30,GRUPO ÚNICO,2021-07-21,19:00,20800,Cuiabá,2.0,20093,Atlético,1.0,Arena Pantanal,Cuiaba,MT,Campeonato Brasileiro,played,HOME
2021,12487,4,817976,31,GRUPO ÚNICO,2021-06-17,19:00,20014,Fluminense,1.0,20008,Santos FC,0.0,Maracanã,Rio de Janeiro,RJ,Campeonato Brasileiro,played,HOME
2021,12487,4,817977,32,GRUPO ÚNICO,2021-06-16,20:30,20001,Corinthians,1.0,20007,Red Bull Bragantino,2.0,Neo Química Arena,Sao Paulo,SP,Campeonato Brasileiro,played,AWAY
2021,12487,4,817978,33,GRUPO ÚNICO,2021-06-16,19:00,20005,São Paulo,1.0,20086,Chapecoense,1.0,Morumbi,Sao Paulo,SP,Campeonato Brasileiro,played,DRAW
2021,12487,4,817979,34,GRUPO ÚNICO,2021-06-17,16:00,20047,America,0.0,20800,Cuiabá,0.0,Independência,Belo Horizonte,MG,Campeonato Brasileiro,played,DRAW
2021,12487,4,817980,35,GRUPO ÚNICO,2021-06-16,19:00,20011,Internacional,0.0,20003,Atlético Mineiro,1.0,Beira-Rio,Porto Alegre,RS,Campeonato Brasileiro,played,AWAY
2021,12487,4,817981,36,GRUPO ÚNICO,2021-06-17,16:00,20031,Ceará,1.0,20006,Esporte Clube Bahia,2.0,Arena Castelão,Fortaleza,CE,Campeonato Brasileiro,played,AWAY
2021,12487,4,817982,37,GRUPO ÚNICO,2021-06-17,19:00,20010,Sport Recife,1.0,20013,Grêmio,0.0,Ilha do Retiro,Recife,PE,Campeonato Brasileiro,played,HOME
2021,12487,4,817983,38,GRUPO ÚNICO,2021-11-02,16:00,20052,Athletico Paranaense,2.0,20016,Flamengo,2.0,Arena da Baixada,Curitiba,PR,Campeonato Brasileiro,played,DRAW
2021,12487,4,817984,39,GRUPO ÚNICO,2021-06-16,21:30,20027,Juventude,0.0,20002,Palmeiras,3.0,Alfredo Jaconi,Caxias do Sul,RS,Campeonato Brasileiro,played,AWAY
2021,12487,4,817985,40,GRUPO ÚNICO,2021-06-17,19:00,20093,Atlético,0.0,20048,Fortaleza Esporte Clube,0.0,Antônio Accioly,Goiania,GO,Campeonato Brasileiro,played,DRAW
2021,12487,5,817986,41,GRUPO ÚNICO,2021-06-19,21:00,20016,Flamengo,2.0,20007,Red Bull Bragantino,3.0,Maracanã,Rio de Janeiro,RJ,Campeonato Brasileiro,played,AWAY
2021,12487,5,817987,42,GRUPO ÚNICO,2021-06-20,11:00,20002,Palmeiras,2.0,20047,America,1.0,Nubank Parque,Sao Paulo,SP,Campeonato Brasileiro,played,HOME
2021,12487,5,817988,43,GRUPO ÚNICO,2021-06-20,18:15,20008,Santos FC,2.0,20005,São Paulo,0.0,Vila Belmiro,Santos,SP,Campeonato Brasileiro,played,HOME
2021,12487,5,817989,44,GRUPO ÚNICO,2021-06-21,20:00,20003,Atlético Mineiro,1.0,20086,Chapecoense,1.0,Mineirão,Belo Horizonte,MG,Campeonato Brasileiro,played,DRAW
2021,12487,5,817990,45,GRUPO ÚNICO,2021-06-20,16:00,20011,Internacional,1.0,20031,Ceará,1.0,Beira-Rio,Porto Alegre,RS,Campeonato Brasileiro,played,DRAW
2021,12487,5,817991,46,GRUPO ÚNICO,2021-06-20,18:15,20048,Fortaleza Esporte Clube,1.0,20014,Fluminense,1.0,Arena Castelão,Fortaleza,CE,Campeonato Brasileiro,played,DRAW
2021,12487,5,817992,47,GRUPO ÚNICO,2021-06-20,16:00,20006,Esporte Clube Bahia,0.0,20001,Corinthians,0.0,Pituaçu,Salvador,BA,Campeonato Brasileiro,played,DRAW
2021,12487,5,817993,48,GRUPO ÚNICO,2021-06-20,18:15,20052,Athletico Paranaense,2.0,20093,Atlético,1.0,Arena da Baixada,Curitiba,PR,Campeonato Brasileiro,played,HOME
2021,12487,5,817994,49,GRUPO ÚNICO,2021-06-20,20:30,20027,Juventude,1.0,20010,Sport Recife,0.0,Alfredo Jaconi,Caxias do Sul,RS,Campeonato Brasileiro,played,HOME
2021,12487,5,817995,50,GRUPO ÚNICO,2021-08-18,19:00,20800,Cuiabá,0.0,20013,Grêmio,1.0,Arena Pantanal,Cuiaba,MT,Campeonato Brasileiro,played,AWAY
2021,12487,6,817996,51,GRUPO ÚNICO,2021-06-23,19:00,20016,Flamengo,2.0,20048,Fortaleza Esporte Clube,1.0,Maracanã,Rio de Janeiro,RJ,Campeonato Brasileiro,played,HOME
2021,12487,6,817997,52,GRUPO ÚNICO,2021-06-24,19:00,20001,Corinthians,2.0,20010,Sport Recife,1.0,Neo Química Arena,Sao Paulo,SP,Campeonato Brasileiro,played,HOME
2021,12487,6,817998,53,GRUPO ÚNICO,2021-06-23,19:00,20005,São Paulo,2.0,20800,Cuiabá,2.0,Morumbi,Sao Paulo,SP,Campeonato Brasileiro,played,DRAW
2021,12487,6,817999,54,GRUPO ÚNICO,2021-06-24,16:00,20047,America,1.0,20027,Juventude,1.0,Independência,Belo Horizonte,MG,Campeonato Brasileiro,played,DRAW
2021,12487,6,818000,55,GRUPO ÚNICO,2021-06-24,21:30,20013,Grêmio,2.0,20008,Santos FC,2.0,Arena do Grêmio,Porto Alegre,RS,Campeonato Brasileiro,played,DRAW
2021,12487,6,818001,56,GRUPO ÚNICO,2021-06-24,19:00,20031,Ceará,2.0,20003,Atlético Mineiro,1.0,Arena Castelão,Fortaleza,CE,Campeonato Brasileiro,played,HOME
2021,12487,6,818002,57,GRUPO ÚNICO,2021-06-24,21:30,20006,Esporte Clube Bahia,2.0,20052,Athletico Paranaense,1.0,Pituaçu,Salvador,BA,Campeonato Brasileiro,played,HOME
2021,12487,6,818003,58,GRUPO ÚNICO,2021-06-23,19:00,20007,Red Bull Bragantino,3.0,20002,Palmeiras,1.0,Nabi Abi Chedid,Braganca Paulista,SP,Campeonato Brasileiro,played,HOME
2021,12487,6,818004,59,GRUPO ÚNICO,2021-06-24,19:00,20086,Chapecoense,1.0,20011,Internacional,2.0,Arena Condá,Chapeco,SC,Campeonato Brasileiro,played,AWAY
2021,12487,6,818005,60,GRUPO ÚNICO,2021-06-23,19:00,20093,Atlético,1.0,20014,Fluminense,0.0,Antônio Accioly,Goiania,GO,Campeonato Brasileiro,played,HOME
2021,12487,7,818006,61,GRUPO ÚNICO,2021-06-27,16:00,20014,Fluminense,1.0,20001,Corinthians,1.0,São Januário,Rio de Janeiro,RJ,Campeonato Brasileiro,played,DRAW
2021,12487,7,818007,62,GRUPO ÚNICO,2021-06-27,20:00,20002,Palmeiras,3.0,20006,Esporte Clube Bahia,2.0,Nubank Parque,Sao Paulo,SP,Campeonato Brasileiro,played,HOME
2021,12487,7,818008,63,GRUPO ÚNICO,2021-06-27,20:30,20008,Santos FC,2.0,20003,Atlético Mineiro,0.0,Vila Belmiro,Santos,SP,Campeonato Brasileiro,played,HOME
2021,12487,7,818009,64,GRUPO ÚNICO,2021-06-27,20:30,20047,America,1.0,20011,Internacional,1.0,Independência,Belo Horizonte,MG,Campeonato Brasileiro,played,DRAW
2021,12487,7,818010,65,GRUPO ÚNICO,2021-06-27,20:00,20013,Grêmio,0.0,20048,Fortaleza Esporte Clube,0.0,Arena do Grêmio,Porto Alegre,RS,Campeonato Brasileiro,played,DRAW
2021,12487,7,818011,66,GRUPO ÚNICO,2021-06-27,20:30,20031,Ceará,1.0,20005,São Paulo,1.0,Arena Castelão,Fortaleza,CE,Campeonato Brasileiro,played,DRAW
2021,12487,7,818012,67,GRUPO ÚNICO,2021-06-27,20:30,20010,Sport Recife,0.0,20800,Cuiabá,0.0,Ilha do Retiro,Recife,PE,Campeonato Brasileiro,played,DRAW
2021,12487,7,818013,68,GRUPO ÚNICO,2021-06-27,20:00,20052,Athletico Paranaense,2.0,20086,Chapecoense,2.0,Arena da Baixada,Curitiba,PR,Campeonato Brasileiro,played,DRAW
2021,12487,7,818014,69,GRUPO ÚNICO,2021-06-27,11:00,20027,Juventude,1.0,20016,Flamengo,0.0,Alfredo Jaconi,Caxias do Sul,RS,Campeonato Brasileiro,played,HOME
2021,12487,7,818015,70,GRUPO ÚNICO,2021-06-28,20:00,20093,Atlético,0.0,20007,Red Bull Bragantino,1.0,Antônio Accioly,Goiania,GO,Campeonato Brasileiro,played,AWAY
2021,12487,8,818016,71,GRUPO ÚNICO,2021-06-30,16:00,20014,Fluminense,1.0,20052,Athletico Paranaense,4.0,Raulino de Oliveira,Volta Redonda,RJ,Campeonato Brasileiro,played,AWAY
2021,12487,8,818017,72,GRUPO ÚNICO,2021-06-30,21:30,20001,Corinthians,0.0,20005,São Paulo,0.0,Neo Química Arena,Sao Paulo,SP,Campeonato Brasileiro,played,DRAW
2021,12487,8,818018,73,GRUPO ÚNICO,2021-06-30,20:30,20008,Santos FC,0.0,20010,Sport Recife,0.0,Vila Belmiro,Santos,SP,Campeonato Brasileiro,played,DRAW
2021,12487,8,818019,74,GRUPO ÚNICO,2021-07-01,19:00,20003,Atlético Mineiro,4.0,20093,Atlético,1.0,Mineirão,Belo Horizonte,MG,Campeonato Brasileiro,played,HOME
2021,12487,8,818020,75,GRUPO ÚNICO,2021-06-30,19:00,20011,Internacional,1.0,20002,Palmeiras,2.0,Beira-Rio,Porto Alegre,RS,Campeonato Brasileiro,played,AWAY
2021,12487,8,818021,76,GRUPO ÚNICO,2021-06-30,16:00,20048,Fortaleza Esporte Clube,3.0,20086,Chapecoense,2.0,Arena Castelão,Fortaleza,CE,Campeonato Brasileiro,played,HOME
2021,12487,8,818022,77,GRUPO ÚNICO,2021-06-30,19:00,20006,Esporte Clube Bahia,3.0,20047,America,4.0,Pituaçu,Salvador,BA,Campeonato Brasileiro,played,AWAY
2021,12487,8,818023,78,GRUPO ÚNICO,2021-07-01,16:00,20007,Red Bull Bragantino,0.0,20031,Ceará,0.0,Nabi Abi Chedid,Braganca Paulista,SP,Campeonato Brasileiro,played,DRAW
2021,12487,8,818024,79,GRUPO ÚNICO,2021-06-30,21:30,20027,Juventude,2.0,20013,Grêmio,0.0,Alfredo Jaconi,Caxias do Sul,RS,Campeonato Brasileiro,played,HOME
2021,12487,8,818025,80,GRUPO ÚNICO,2021-07-01,20:00,20800,Cuiabá,0.0,20016,Flamengo,2.0,Arena Pantanal,Cuiaba,MT,Campeonato Brasileiro,played,AWAY
2021,12487,9,818026,81,GRUPO ÚNICO,2021-07-04,16:00,20016,Flamengo,0.0,20014,Fluminense,1.0,Neo Química Arena,Sao Paulo,SP,Campeonato Brasileiro,played,AWAY
2021,12487,9,818027,82,GRUPO ÚNICO,2021-07-03,21:00,20001,Corinthians,1.0,20011,Internacional,1.0,Neo Química Arena,Sao Paulo,SP,Campeonato Brasileiro,played,DRAW
2021,12487,9,818028,83,GRUPO ÚNICO,2021-07-04,18:15,20005,São Paulo,1.0,20007,Red Bull Bragantino,2.0,Morumbi,Sao Paulo,SP,Campeonato Brasileiro,played,AWAY
2021,12487,9,818029,84,GRUPO ÚNICO,2021-07-03,19:00,20047,America,2.0,20008,Santos FC,0.0,Independência,Belo Horizonte,MG,Campeonato Brasileiro,played,HOME
2021,12487,9,818030,85,GRUPO ÚNICO,2021-07-04,20:30,20013,Grêmio,0.0,20093,Atlético,1.0,Arena do Grêmio,Porto Alegre,RS,Campeonato Brasileiro,played,AWAY
2021,12487,9,818031,86,GRUPO ÚNICO,2021-07-04,18:15,20031,Ceará,2.0,20027,Juventude,0.0,Arena Castelão,Fortaleza,CE,Campeonato Brasileiro,played,HOME
2021,12487,9,818032,87,GRUPO ÚNICO,2021-07-04,16:00,20010,Sport Recife,0.0,20002,Palmeiras,1.0,Ilha do Retiro,Recife,PE,Campeonato Brasileiro,played,AWAY
2021,12487,9,818033,88,GRUPO ÚNICO,2021-07-03,19:00,20052,Athletico Paranaense,2.0,20048,Fortaleza Esporte Clube,1.0,Arena da Baixada,Curitiba,PR,Campeonato Brasileiro,played,HOME
2021,12487,9,818034,89,GRUPO ÚNICO,2021-07-04,11:00,20086,Chapecoense,0.0,20006,Esporte Clube Bahia,2.0,Arena Condá,Chapeco,SC,Campeonato Brasileiro,played,AWAY
2021,12487,9,818035,90,GRUPO ÚNICO,2021-07-04,18:15,20800,Cuiabá,0.0,20003,Atlético Mineiro,1.0,Arena Pantanal,Cuiaba,MT,Campeonato Brasileiro,played,AWAY
2021,12487,10,818036,91,GRUPO ÚNICO,2021-07-07,21:30,20014,Fluminense,0.0,20031,Ceará,0.0,São Januário,Rio de Janeiro,RJ,Campeonato Brasileiro,played,DRAW
2021,12487,10,818037,92,GRUPO ÚNICO,2021-07-07,19:00,20002,Palmeiras,2.0,20013,Grêmio,0.0,Nubank Parque,Sao Paulo,SP,Campeonato Brasileiro,played,HOME
2021,12487,10,818038,93,GRUPO ÚNICO,2021-07-06,19:30,20008,Santos FC,2.0,20052,Athletico Paranaense,1.0,Vila Belmiro,Santos,SP,Campeonato Brasileiro,played,HOME
2021,12487,10,818039,94,GRUPO ÚNICO,2021-07-07,19:00,20003,Atlético Mineiro,2.0,20016,Flamengo,1.0,Mineirão,Belo Horizonte,MG,Campeonato Brasileiro,played,HOME
2021,12487,10,818040,95,GRUPO ÚNICO,2021-07-07,21:30,20011,Internacional,0.0,20005,São Paulo,2.0,Beira-Rio,Porto Alegre,RS,Campeonato Brasileiro,played,AWAY
2021,12487,10,818041,96,GRUPO ÚNICO,2021-07-07,18:00,20048,Fortaleza Esporte Clube,4.0,20047,America,0.0,Arena Castelão,Fortaleza,CE,Campeonato Brasileiro,played,HOME
2021,12487,10,818042,97,GRUPO ÚNICO,2021-07-07,18:00,20006,Esporte Clube Bahia,1.0,20027,Juventude,0.0,Pituaçu,Salvador,BA,Campeonato Brasileiro,played,HOME
2021,12487,10,818043,98,GRUPO ÚNICO,2021-07-07,18:00,20007,Red Bull Bragantino,1.0,20800,Cuiabá,1.0,Nabi Abi Chedid,Braganca Paulista,SP,Campeonato Brasileiro,played,DRAW
2021,12487,10,818044,99,GRUPO ÚNICO,2021-07-08,21:00,20086,Chapecoense,0.0,20001,Corinthians,1.0,Arena Condá,Chapeco,SC,Campeonato Brasileiro,played,AWAY
2021,12487,10,818045,100,GRUPO ÚNICO,2021-07-07,19:15,20093,Atlético,1.0,20010,Sport Recife,1.0,Antônio Accioly,Goiania,GO,Campeonato Brasileiro,played,DRAW
2021,12487,11,818046,101,GRUPO ÚNICO,2021-07-11,18:15,20016,Flamengo,2.0,20086,Chapecoense,1.0,Maracanã,Rio de Janeiro,RJ,Campeonato Brasileiro,played,HOME
2021,12487,11,818047,102,GRUPO ÚNICO,2021-07-10,16:30,20002,Palmeiras,3.0,20008,Santos FC,2.0,Nubank Parque,Sao Paulo,SP,Campeonato Brasileiro,played,HOME
2021,12487,11,818048,103,GRUPO ÚNICO,2021-07-10,19:00,20005,São Paulo,1.0,20006,Esporte Clube Bahia,0.0,Morumbi,Sao Paulo,SP,Campeonato Brasileiro,played,HOME
2021,12487,11,818049,104,GRUPO ÚNICO,2021-07-10,19:00,20047,America,0.0,20003,Atlético Mineiro,1.0,Independência,Belo Horizonte,MG,Campeonato Brasileiro,played,AWAY
2021,12487,11,818050,105,GRUPO ÚNICO,2021-07-10,16:30,20013,Grêmio,0.0,20011,Internacional,0.0,Arena do Grêmio,Porto Alegre,RS,Campeonato Brasileiro,played,DRAW
2021,12487,11,818051,106,GRUPO ÚNICO,2021-07-11,20:30,20048,Fortaleza Esporte Clube,1.0,20001,Corinthians,0.0,Arena Castelão,Fortaleza,CE,Campeonato Brasileiro,played,HOME
2021,12487,11,818052,107,GRUPO ÚNICO,2021-07-10,19:00,20010,Sport Recife,1.0,20014,Fluminense,2.0,Ilha do Retiro,Recife,PE,Campeonato Brasileiro,played,AWAY
2021,12487,11,818053,108,GRUPO ÚNICO,2021-07-10,17:30,20052,Athletico Paranaense,2.0,20007,Red Bull Bragantino,2.0,Arena da Baixada,Curitiba,PR,Campeonato Brasileiro,played,DRAW
2021,12487,11,818054,109,GRUPO ÚNICO,2021-07-11,11:00,20027,Juventude,1.0,20093,Atlético,1.0,Alfredo Jaconi,Caxias do Sul,RS,Campeonato Brasileiro,played,DRAW
2021,12487,11,818055,110,GRUPO ÚNICO,2021-07-11,18:15,20800,Cuiabá,2.0,20031,Ceará,2.0,Arena Pantanal,Cuiaba,MT,Campeonato Brasileiro,played,DRAW
2021,12487,12,818056,111,GRUPO ÚNICO,2021-07-17,21:00,20014,Fluminense,0.0,20013,Grêmio,1.0,Maracanã,Rio de Janeiro,RJ,Campeonato Brasileiro,played,AWAY
2021,12487,12,818057,112,GRUPO ÚNICO,2021-07-17,19:00,20001,Corinthians,1.0,20003,Atlético Mineiro,2.0,Neo Química Arena,Sao Paulo,SP,Campeonato Brasileiro,played,AWAY
2021,12487,12,818058,113,GRUPO ÚNICO,2021-07-17,17:00,20005,São Paulo,0.0,20048,Fortaleza Esporte Clube,1.0,Morumbi,Sao Paulo,SP,Campeonato Brasileiro,played,AWAY
2021,12487,12,818059,114,GRUPO ÚNICO,2021-07-19,20:00,20047,America,0.0,20010,Sport Recife,1.0,Independência,Belo Horizonte,MG,Campeonato Brasileiro,played,AWAY
2021,12487,12,818060,115,GRUPO ÚNICO,2021-07-18,20:30,20011,Internacional,1.0,20027,Juventude,0.0,Beira-Rio,Porto Alegre,RS,Campeonato Brasileiro,played,HOME
2021,12487,12,818061,116,GRUPO ÚNICO,2021-07-17,17:00,20031,Ceará,1.0,20052,Athletico Paranaense,0.0,Arena Castelão,Fortaleza,CE,Campeonato Brasileiro,played,HOME
2021,12487,12,818062,117,GRUPO ÚNICO,2021-07-18,18:15,20006,Esporte Clube Bahia,0.0,20016,Flamengo,5.0,Pituaçu,Salvador,BA,Campeonato Brasileiro,played,AWAY
2021,12487,12,818063,118,GRUPO ÚNICO,2021-07-18,20:30,20007,Red Bull Bragantino,2.0,20008,Santos FC,2.0,Nabi Abi Chedid,Braganca Paulista,SP,Campeonato Brasileiro,played,DRAW
2021,12487,12,818064,119,GRUPO ÚNICO,2021-07-18,11:00,20086,Chapecoense,2.0,20800,Cuiabá,3.0,Arena Condá,Chapeco,SC,Campeonato Brasileiro,played,AWAY
2021,12487,12,818065,120,GRUPO ÚNICO,2021-07-18,16:00,20093,Atlético,0.0,20002,Palmeiras,3.0,Antônio Accioly,Goiania,GO,Campeonato Brasileiro,played,AWAY
2021,12487,13,818066,121,GRUPO ÚNICO,2021-07-25,16:00,20016,Flamengo,5.0,20005,São Paulo,1.0,Maracanã,Rio de Janeiro,RJ,Campeonato Brasileiro,played,HOME
2021,12487,13,818067,122,GRUPO ÚNICO,2021-07-24,19:00,20002,Palmeiras,1.0,20014,Fluminense,0.0,Nubank Parque,Sao Paulo,SP,Campeonato Brasileiro,played,HOME
2021,12487,13,818068,123,GRUPO ÚNICO,2021-07-25,18:15,20008,Santos FC,0.0,20093,Atlético,1.0,Vila Belmiro,Santos,SP,Campeonato Brasileiro,played,AWAY
2021,12487,13,818069,124,GRUPO ÚNICO,2021-07-25,11:00,20003,Atlético Mineiro,3.0,20006,Esporte Clube Bahia,0.0,Mineirão,Belo Horizonte,MG,Campeonato Brasileiro,played,HOME
2021,12487,13,818070,125,GRUPO ÚNICO,2021-07-24,17:00,20013,Grêmio,1.0,20047,America,1.0,Arena do Grêmio,Porto Alegre,RS,Campeonato Brasileiro,played,DRAW
2021,12487,13,818071,126,GRUPO ÚNICO,2021-07-25,16:00,20048,Fortaleza Esporte Clube,1.0,20007,Red Bull Bragantino,0.0,Arena Castelão,Fortaleza,CE,Campeonato Brasileiro,played,HOME
2021,12487,13,818072,127,GRUPO ÚNICO,2021-07-25,20:30,20010,Sport Recife,0.0,20031,Ceará,0.0,Ilha do Retiro,Recife,PE,Campeonato Brasileiro,played,DRAW
2021,12487,13,818073,128,GRUPO ÚNICO,2021-07-25,18:15,20052,Athletico Paranaense,2.0,20011,Internacional,1.0,Arena da Baixada,Curitiba,PR,Campeonato Brasileiro,played,HOME
2021,12487,13,818074,129,GRUPO ÚNICO,2021-07-26,18:00,20027,Juventude,1.0,20086,Chapecoense,0.0,Alfredo Jaconi,Caxias do Sul,RS,Campeonato Brasileiro,played,HOME
2021,12487,13,818075,130,GRUPO ÚNICO,2021-07-26,20:00,20800,Cuiabá,1.0,20001,Corinthians,2.0,Arena Pantanal,Cuiaba,MT,Campeonato Brasileiro,played,AWAY
2021,12487,14,818076,131,GRUPO ÚNICO,2021-09-02,19:00,20014,Fluminense,1.0,20027,Juventude,1.0,Maracanã,Rio de Janeiro,RJ,Campeonato Brasileiro,played,DRAW
2021,12487,14,818077,132,GRUPO ÚNICO,2021-08-01,16:00,20001,Corinthians,1.0,20016,Flamengo,3.0,Neo Química Arena,Sao Paulo,SP,Campeonato Brasileiro,played,AWAY
2021,12487,14,818078,133,GRUPO ÚNICO,2021-07-31,19:00,20005,São Paulo,0.0,20002,Palmeiras,0.0,Morumbi,Sao Paulo,SP,Campeonato Brasileiro,played,DRAW
2021,12487,14,818079,134,GRUPO ÚNICO,2021-08-01,16:00,20003,Atlético Mineiro,2.0,20052,Athletico Paranaense,0.0,Mineirão,Belo Horizonte,MG,Campeonato Brasileiro,played,HOME
2021,12487,14,818080,135,GRUPO ÚNICO,2021-07-31,20:00,20011,Internacional,0.0,20800,Cuiabá,0.0,Beira-Rio,Porto Alegre,RS,Campeonato Brasileiro,played,DRAW
2021,12487,14,818081,136,GRUPO ÚNICO,2021-08-01,20:30,20031,Ceará,3.0,20048,Fortaleza Esporte Clube,1.0,Arena Castelão,Fortaleza,CE,Campeonato Brasileiro,played,HOME
2021,12487,14,818082,137,GRUPO ÚNICO,2021-08-01,18:15,20006,Esporte Clube Bahia,0.0,20010,Sport Recife,1.0,Pituaçu,Salvador,BA,Campeonato Brasileiro,played,AWAY
2021,12487,14,818083,138,GRUPO ÚNICO,2021-07-31,21:00,20007,Red Bull Bragantino,1.0,20013,Grêmio,0.0,Nabi Abi Chedid,Braganca Paulista,SP,Campeonato Brasileiro,played,HOME
2021,12487,14,818084,139,GRUPO ÚNICO,2021-08-01,18:15,20086,Chapecoense,0.0,20008,Santos FC,1.0,Arena Condá,Chapeco,SC,Campeonato Brasileiro,played,AWAY
2021,12487,14,818085,140,GRUPO ÚNICO,2021-08-01,20:30,20093,Atlético,1.0,20047,America,1.0,Antônio Accioly,Goiania,GO,Campeonato Brasileiro,played,DRAW
2021,12487,15,818086,141,GRUPO ÚNICO,2021-08-08,18:15,20016,Flamengo,0.0,20011,Internacional,4.0,Maracanã,Rio de Janeiro,RJ,Campeonato Brasileiro,played,AWAY
2021,12487,15,818087,142,GRUPO ÚNICO,2021-08-07,21:00,20002,Palmeiras,2.0,20048,Fortaleza Esporte Clube,3.0,Nubank Parque,Sao Paulo,SP,Campeonato Brasileiro,played,AWAY
2021,12487,15,818088,143,GRUPO ÚNICO,2021-08-08,16:00,20008,Santos FC,0.0,20001,Corinthians,0.0,Vila Belmiro,Santos,SP,Campeonato Brasileiro,played,DRAW
2021,12487,15,818089,144,GRUPO ÚNICO,2021-08-08,16:00,20047,America,1.0,20014,Fluminense,0.0,Independência,Belo Horizonte,MG,Campeonato Brasileiro,played,HOME
2021,12487,15,818090,145,GRUPO ÚNICO,2021-08-09,20:00,20013,Grêmio,2.0,20086,Chapecoense,1.0,Arena do Grêmio,Porto Alegre,RS,Campeonato Brasileiro,played,HOME
2021,12487,15,818091,146,GRUPO ÚNICO,2021-08-08,18:15,20031,Ceará,0.0,20093,Atlético,0.0,Arena Castelão,Fortaleza,CE,Campeonato Brasileiro,played,DRAW
2021,12487,15,818092,147,GRUPO ÚNICO,2021-08-06,19:00,20010,Sport Recife,0.0,20007,Red Bull Bragantino,0.0,Ilha do Retiro,Recife,PE,Campeonato Brasileiro,played,DRAW
2021,12487,15,818093,148,GRUPO ÚNICO,2021-08-07,18:00,20052,Athletico Paranaense,1.0,20005,São Paulo,2.0,Arena da Baixada,Curitiba,PR,Campeonato Brasileiro,played,AWAY
2021,12487,15,818094,149,GRUPO ÚNICO,2021-08-08,16:00,20027,Juventude,1.0,20003,Atlético Mineiro,2.0,Alfredo Jaconi,Caxias do Sul,RS,Campeonato Brasileiro,played,AWAY
2021,12487,15,818095,150,GRUPO ÚNICO,2021-08-07,21:00,20800,Cuiabá,1.0,20006,Esporte Clube Bahia,1.0,Arena Pantanal,Cuiaba,MT,Campeonato Brasileiro,played,DRAW
2021,12487,16,818096,151,GRUPO ÚNICO,2021-08-15,16:00,20016,Flamengo,2.0,20010,Sport Recife,0.0,Raulino de Oliveira,Volta Redonda,RJ,Campeonato Brasileiro,played,HOME
2021,12487,16,818097,152,GRUPO ÚNICO,2021-08-15,16:00,20001,Corinthians,3.0,20031,Ceará,1.0,Neo Química Arena,Sao Paulo,SP,Campeonato Brasileiro,played,HOME
2021,12487,16,818098,153,GRUPO ÚNICO,2021-08-14,21:00,20005,São Paulo,2.0,20013,Grêmio,1.0,Morumbi,Sao Paulo,SP,Campeonato Brasileiro,played,HOME
2021,12487,16,818099,154,GRUPO ÚNICO,2021-08-14,19:00,20003,Atlético Mineiro,2.0,20002,Palmeiras,0.0,Mineirão,Belo Horizonte,MG,Campeonato Brasileiro,played,HOME
2021,12487,16,818100,155,GRUPO ÚNICO,2021-08-15,20:30,20011,Internacional,4.0,20014,Fluminense,2.0,Beira-Rio,Porto Alegre,RS,Campeonato Brasileiro,played,HOME
2021,12487,16,818101,156,GRUPO ÚNICO,2021-08-15,18:15,20048,Fortaleza Esporte Clube,1.0,20008,Santos FC,1.0,Arena Castelão,Fortaleza,CE,Campeonato Brasileiro,played,DRAW
2021,12487,16,818102,157,GRUPO ÚNICO,2021-08-15,18:15,20006,Esporte Clube Bahia,1.0,20093,Atlético,2.0,Pituaçu,Salvador,BA,Campeonato Brasileiro,played,AWAY
2021,12487,16,818103,158,GRUPO ÚNICO,2021-08-14,17:00,20007,Red Bull Bragantino,1.0,20027,Juventude,2.0,Nabi Abi Chedid,Braganca Paulista,SP,Campeonato Brasileiro,played,AWAY
2021,12487,16,818104,159,GRUPO ÚNICO,2021-08-16,20:00,20086,Chapecoense,1.0,20047,America,1.0,Arena Condá,Chapeco,SC,Campeonato Brasileiro,played,DRAW
2021,12487,16,818105,160,GRUPO ÚNICO,2021-08-15,18:15,20800,Cuiabá,1.0,20052,Athletico Paranaense,0.0,Arena Pantanal,Cuiaba,MT,Campeonato Brasileiro,played,HOME
2021,12487,17,818106,161,GRUPO ÚNICO,2021-08-23,20:00,20014,Fluminense,1.0,20003,Atlético Mineiro,1.0,São Januário,Rio de Janeiro,RJ,Campeonato Brasileiro,played,DRAW
2021,12487,17,818107,162,GRUPO ÚNICO,2021-08-22,11:00,20002,Palmeiras,0.0,20800,Cuiabá,2.0,Nubank Parque,Sao Paulo,SP,Campeonato Brasileiro,played,AWAY
2021,12487,17,818108,163,GRUPO ÚNICO,2021-08-22,18:15,20008,Santos FC,2.0,20011,Internacional,2.0,Vila Belmiro,Santos,SP,Campeonato Brasileiro,played,DRAW
2021,12487,17,818109,164,GRUPO ÚNICO,2021-08-23,20:00,20047,America,0.0,20007,Red Bull Bragantino,2.0,Independência,Belo Horizonte,MG,Campeonato Brasileiro,played,AWAY
2021,12487,17,818110,165,GRUPO ÚNICO,2021-08-21,19:00,20013,Grêmio,2.0,20006,Esporte Clube Bahia,0.0,Arena do Grêmio,Porto Alegre,RS,Campeonato Brasileiro,played,HOME
2021,12487,17,818111,166,GRUPO ÚNICO,2021-08-22,16:00,20031,Ceará,1.0,20016,Flamengo,1.0,Arena Castelão,Fortaleza,CE,Campeonato Brasileiro,played,DRAW
2021,12487,17,818112,167,GRUPO ÚNICO,2021-08-22,20:30,20010,Sport Recife,0.0,20005,São Paulo,1.0,Ilha do Retiro,Recife,PE,Campeonato Brasileiro,played,AWAY
2021,12487,17,818113,168,GRUPO ÚNICO,2021-08-22,16:00,20052,Athletico Paranaense,0.0,20001,Corinthians,1.0,Arena da Baixada,Curitiba,PR,Campeonato Brasileiro,played,AWAY
2021,12487,17,818114,169,GRUPO ÚNICO,2021-08-21,21:00,20027,Juventude,1.0,20048,Fortaleza Esporte Clube,1.0,Alfredo Jaconi,Caxias do Sul,RS,Campeonato Brasileiro,played,DRAW
2021,12487,17,818115,170,GRUPO ÚNICO,2021-08-21,17:00,20093,Atlético,1.0,20086,Chapecoense,1.0,Antônio Accioly,Goiania,GO,Campeonato Brasileiro,played,DRAW
2021,12487,18,818116,171,GRUPO ÚNICO,2021-08-30,19:00,20014,Fluminense,2.0,20006,Esporte Clube Bahia,0.0,Maracanã,Rio de Janeiro,RJ,Campeonato Brasileiro,played,HOME
2021,12487,18,818117,172,GRUPO ÚNICO,2021-08-28,21:00,20002,Palmeiras,2.0,20052,Athletico Paranaense,1.0,Nubank Parque,Sao Paulo,SP,Campeonato Brasileiro,played,HOME
2021,12487,18,818118,173,GRUPO ÚNICO,2021-08-28,19:00,20008,Santos FC,0.0,20016,Flamengo,4.0,Vila Belmiro,Santos,SP,Campeonato Brasileiro,played,AWAY
2021,12487,18,818119,174,GRUPO ÚNICO,2021-08-29,11:00,20047,America,2.0,20031,Ceará,0.0,Independência,Belo Horizonte,MG,Campeonato Brasileiro,played,HOME
2021,12487,18,818120,175,GRUPO ÚNICO,2021-08-28,21:00,20013,Grêmio,0.0,20001,Corinthians,1.0,Arena do Grêmio,Porto Alegre,RS,Campeonato Brasileiro,played,AWAY
2021,12487,18,818121,176,GRUPO ÚNICO,2021-08-30,21:30,20048,Fortaleza Esporte Clube,0.0,20800,Cuiabá,0.0,Arena Castelão,Fortaleza,CE,Campeonato Brasileiro,played,DRAW
2021,12487,18,818122,177,GRUPO ÚNICO,2021-08-28,17:00,20010,Sport Recife,0.0,20086,Chapecoense,0.0,Ilha do Retiro,Recife,PE,Campeonato Brasileiro,played,DRAW
2021,12487,18,818123,178,GRUPO ÚNICO,2021-08-29,20:30,20007,Red Bull Bragantino,1.0,20003,Atlético Mineiro,1.0,Nabi Abi Chedid,Braganca Paulista,SP,Campeonato Brasileiro,played,DRAW
2021,12487,18,818124,179,GRUPO ÚNICO,2021-08-29,16:00,20027,Juventude,1.0,20005,São Paulo,1.0,Alfredo Jaconi,Caxias do Sul,RS,Campeonato Brasileiro,played,DRAW
2021,12487,18,818125,180,GRUPO ÚNICO,2021-08-29,18:15,20093,Atlético,0.0,20011,Internacional,0.0,Antônio Accioly,Goiania,GO,Campeonato Brasileiro,played,DRAW
2021,12487,19,818126,181,GRUPO ÚNICO,2021-11-05,21:30,20016,Flamengo,2.0,20093,Atlético,0.0,Maracanã,Rio de Janeiro,RJ,Campeonato Brasileiro,played,HOME
2021,12487,19,818127,182,GRUPO ÚNICO,2021-09-07,21:30,20001,Corinthians,1.0,20027,Juventude,1.0,Neo Química Arena,Sao Paulo,SP,Campeonato Brasileiro,played,DRAW
2021,12487,19,818128,183,GRUPO ÚNICO,2021-09-22,20:30,20005,São Paulo,0.0,20047,America,0.0,Morumbi,Sao Paulo,SP,Campeonato Brasileiro,played,DRAW
2021,12487,19,818129,184,GRUPO ÚNICO,2021-11-03,21:00,20003,Atlético Mineiro,2.0,20013,Grêmio,1.0,Mineirão,Belo Horizonte,MG,Campeonato Brasileiro,played,HOME
2021,12487,19,818130,185,GRUPO ÚNICO,2021-10-21,20:00,20011,Internacional,1.0,20007,Red Bull Bragantino,1.0,Beira-Rio,Porto Alegre,RS,Campeonato Brasileiro,played,DRAW
2021,12487,19,818131,186,GRUPO ÚNICO,2021-10-20,19:00,20031,Ceará,1.0,20002,Palmeiras,2.0,Arena Castelão,Fortaleza,CE,Campeonato Brasileiro,played,AWAY
2021,12487,19,818132,187,GRUPO ÚNICO,2021-09-04,21:00,20006,Esporte Clube Bahia,4.0,20048,Fortaleza Esporte Clube,2.0,Pituaçu,Salvador,BA,Campeonato Brasileiro,played,HOME
2021,12487,19,818133,188,GRUPO ÚNICO,2021-09-05,18:15,20052,Athletico Paranaense,0.0,20010,Sport Recife,0.0,Arena da Baixada,Curitiba,PR,Campeonato Brasileiro,played,DRAW
2021,12487,19,818134,189,GRUPO ÚNICO,2021-09-07,21:30,20086,Chapecoense,1.0,20014,Fluminense,2.0,Arena Condá,Chapeco,SC,Campeonato Brasileiro,played,AWAY
2021,12487,19,818135,190,GRUPO ÚNICO,2021-09-04,21:00,20800,Cuiabá,2.0,20008,Santos FC,1.0,Arena Pantanal,Cuiaba,MT,Campeonato Brasileiro,played,HOME
2021,12487,20,818136,191,GRUPO ÚNICO,2021-09-12,20:30,20014,Fluminense,2.0,20005,São Paulo,1.0,Maracanã,Rio de Janeiro,RJ,Campeonato Brasileiro,played,HOME
2021,12487,20,818137,192,GRUPO ÚNICO,2021-09-12,16:00,20002,Palmeiras,1.0,20016,Flamengo,3.0,Nubank Parque,Sao Paulo,SP,Campeonato Brasileiro,played,AWAY
2021,12487,20,818138,193,GRUPO ÚNICO,2021-09-11,21:00,20008,Santos FC,0.0,20006,Esporte Clube Bahia,0.0,Vila Belmiro,Santos,SP,Campeonato Brasileiro,played,DRAW
2021,12487,20,818139,194,GRUPO ÚNICO,2021-09-11,16:00,20047,America,2.0,20052,Athletico Paranaense,0.0,Independência,Belo Horizonte,MG,Campeonato Brasileiro,played,HOME
2021,12487,20,818140,195,GRUPO ÚNICO,2021-09-12,11:00,20013,Grêmio,2.0,20031,Ceará,0.0,Arena do Grêmio,Porto Alegre,RS,Campeonato Brasileiro,played,HOME
2021,12487,20,818141,196,GRUPO ÚNICO,2021-09-12,16:00,20048,Fortaleza Esporte Clube,0.0,20003,Atlético Mineiro,2.0,Arena Castelão,Fortaleza,CE,Campeonato Brasileiro,played,AWAY
2021,12487,20,818142,197,GRUPO ÚNICO,2021-09-13,20:00,20010,Sport Recife,0.0,20011,Internacional,1.0,Ilha do Retiro,Recife,PE,Campeonato Brasileiro,played,AWAY
2021,12487,20,818143,198,GRUPO ÚNICO,2021-09-11,19:00,20007,Red Bull Bragantino,1.0,20086,Chapecoense,2.0,Nabi Abi Chedid,Braganca Paulista,SP,Campeonato Brasileiro,played,AWAY
2021,12487,20,818144,199,GRUPO ÚNICO,2021-09-11,17:00,20027,Juventude,1.0,20800,Cuiabá,2.0,Alfredo Jaconi,Caxias do Sul,RS,Campeonato Brasileiro,played,AWAY
2021,12487,20,818145,200,GRUPO ÚNICO,2021-09-12,18:15,20093,Atlético,1.0,20001,Corinthians,1.0,Antônio Accioly,Goiania,GO,Campeonato Brasileiro,played,DRAW
2021,12487,21,818146,201,GRUPO ÚNICO,2021-09-19,20:30,20016,Flamengo,0.0,20013,Grêmio,1.0,Maracanã,Rio de Janeiro,RJ,Campeonato Brasileiro,played,AWAY
2021,12487,21,818147,202,GRUPO ÚNICO,2021-09-19,18:15,20001,Corinthians,1.0,20047,America,1.0,Neo Química Arena,Sao Paulo,SP,Campeonato Brasileiro,played,DRAW
2021,12487,21,818148,203,GRUPO ÚNICO,2021-09-19,16:00,20005,São Paulo,2.0,20093,Atlético,1.0,Morumbi,Sao Paulo,SP,Campeonato Brasileiro,played,HOME
2021,12487,21,818149,204,GRUPO ÚNICO,2021-09-18,19:00,20003,Atlético Mineiro,3.0,20010,Sport Recife,0.0,Mineirão,Belo Horizonte,MG,Campeonato Brasileiro,played,HOME
2021,12487,21,818150,205,GRUPO ÚNICO,2021-09-19,11:00,20011,Internacional,1.0,20048,Fortaleza Esporte Clube,0.0,Beira-Rio,Porto Alegre,RS,Campeonato Brasileiro,played,HOME
2021,12487,21,818151,206,GRUPO ÚNICO,2021-09-18,21:00,20031,Ceará,0.0,20008,Santos FC,0.0,Arena Castelão,Fortaleza,CE,Campeonato Brasileiro,played,DRAW
2021,12487,21,818152,207,GRUPO ÚNICO,2021-09-18,21:00,20006,Esporte Clube Bahia,1.0,20007,Red Bull Bragantino,1.0,Arena Fonte Nova,Salvador,BA,Campeonato Brasileiro,played,DRAW
2021,12487,21,818153,208,GRUPO ÚNICO,2021-09-18,18:45,20052,Athletico Paranaense,2.0,20027,Juventude,1.0,Arena da Baixada,Curitiba,PR,Campeonato Brasileiro,played,HOME
2021,12487,21,818154,209,GRUPO ÚNICO,2021-09-18,17:00,20086,Chapecoense,0.0,20002,Palmeiras,2.0,Arena Condá,Chapeco,SC,Campeonato Brasileiro,played,AWAY
2021,12487,21,818155,210,GRUPO ÚNICO,2021-09-20,20:00,20800,Cuiabá,2.0,20014,Fluminense,2.0,Arena Pantanal,Cuiaba,MT,Campeonato Brasileiro,played,DRAW
2021,12487,22,818156,211,GRUPO ÚNICO,2021-09-26,16:00,20014,Fluminense,2.0,20007,Red Bull Bragantino,1.0,Maracanã,Rio de Janeiro,RJ,Campeonato Brasileiro,played,HOME
2021,12487,22,818157,212,GRUPO ÚNICO,2021-09-25,19:00,20001,Corinthians,2.0,20002,Palmeiras,1.0,Neo Química Arena,Sao Paulo,SP,Campeonato Brasileiro,played,HOME
2021,12487,22,818158,213,GRUPO ÚNICO,2021-09-25,21:00,20005,São Paulo,0.0,20003,Atlético Mineiro,0.0,Morumbi,Sao Paulo,SP,Campeonato Brasileiro,played,DRAW
2021,12487,22,818159,214,GRUPO ÚNICO,2021-09-26,11:00,20047,America,1.0,20016,Flamengo,1.0,Independência,Belo Horizonte,MG,Campeonato Brasileiro,played,DRAW
2021,12487,22,818160,215,GRUPO ÚNICO,2021-09-26,16:00,20011,Internacional,2.0,20006,Esporte Clube Bahia,0.0,Beira-Rio,Porto Alegre,RS,Campeonato Brasileiro,played,HOME
2021,12487,22,818161,216,GRUPO ÚNICO,2021-09-25,17:00,20031,Ceará,1.0,20086,Chapecoense,0.0,Arena Castelão,Fortaleza,CE,Campeonato Brasileiro,played,HOME
2021,12487,22,818162,217,GRUPO ÚNICO,2021-09-26,18:15,20010,Sport Recife,0.0,20048,Fortaleza Esporte Clube,1.0,Arena Pernambuco,São Lourenço da Mata,PE,Campeonato Brasileiro,played,AWAY
2021,12487,22,818163,218,GRUPO ÚNICO,2021-09-26,18:15,20052,Athletico Paranaense,4.0,20013,Grêmio,2.0,Arena da Baixada,Curitiba,PR,Campeonato Brasileiro,played,HOME
2021,12487,22,818164,219,GRUPO ÚNICO,2021-09-26,16:00,20027,Juventude,3.0,20008,Santos FC,0.0,Alfredo Jaconi,Caxias do Sul,RS,Campeonato Brasileiro,played,HOME
2021,12487,22,818165,220,GRUPO ÚNICO,2021-09-26,20:30,20093,Atlético,0.0,20800,Cuiabá,0.0,Antônio Accioly,Goiania,GO,Campeonato Brasileiro,played,DRAW
2021,12487,23,818166,221,GRUPO ÚNICO,2021-10-03,16:00,20016,Flamengo,3.0,20052,Athletico Paranaense,0.0,Maracanã,Rio de Janeiro,RJ,Campeonato Brasileiro,played,HOME
2021,12487,23,818167,222,GRUPO ÚNICO,2021-10-03,18:15,20002,Palmeiras,1.0,20027,Juventude,1.0,Nubank Parque,Sao Paulo,SP,Campeonato Brasileiro,played,DRAW
2021,12487,23,818168,223,GRUPO ÚNICO,2021-10-27,19:00,20008,Santos FC,2.0,20014,Fluminense,0.0,Vila Belmiro,Santos,SP,Campeonato Brasileiro,played,HOME
2021,12487,23,818169,224,GRUPO ÚNICO,2021-10-02,21:00,20003,Atlético Mineiro,1.0,20011,Internacional,0.0,Mineirão,Belo Horizonte,MG,Campeonato Brasileiro,played,HOME
2021,12487,23,818170,225,GRUPO ÚNICO,2021-10-03,20:30,20013,Grêmio,1.0,20010,Sport Recife,2.0,Arena do Grêmio,Porto Alegre,RS,Campeonato Brasileiro,played,AWAY
2021,12487,23,818171,226,GRUPO ÚNICO,2021-10-02,17:00,20048,Fortaleza Esporte Clube,0.0,20093,Atlético,3.0,Arena Castelão,Fortaleza,CE,Campeonato Brasileiro,played,AWAY
2021,12487,23,818172,227,GRUPO ÚNICO,2021-10-27,19:00,20006,Esporte Clube Bahia,1.0,20031,Ceará,1.0,Arena Fonte Nova,Salvador,BA,Campeonato Brasileiro,played,DRAW
2021,12487,23,818173,228,GRUPO ÚNICO,2021-10-02,19:00,20007,Red Bull Bragantino,2.0,20001,Corinthians,2.0,Nabi Abi Chedid,Braganca Paulista,SP,Campeonato Brasileiro,played,DRAW
2021,12487,23,818174,229,GRUPO ÚNICO,2021-10-03,16:00,20086,Chapecoense,1.0,20005,São Paulo,1.0,Arena Condá,Chapeco,SC,Campeonato Brasileiro,played,DRAW
2021,12487,23,818175,230,GRUPO ÚNICO,2021-10-02,17:00,20800,Cuiabá,0.0,20047,America,2.0,Arena Pantanal,Cuiaba,MT,Campeonato Brasileiro,played,AWAY
2021,12487,24,818176,231,GRUPO ÚNICO,2021-10-06,21:30,20014,Fluminense,0.0,20048,Fortaleza Esporte Clube,2.0,Maracanã,Rio de Janeiro,RJ,Campeonato Brasileiro,played,AWAY
2021,12487,24,818177,232,GRUPO ÚNICO,2021-10-05,21:30,20001,Corinthians,3.0,20006,Esporte Clube Bahia,1.0,Neo Química Arena,Sao Paulo,SP,Campeonato Brasileiro,played,HOME
2021,12487,24,818178,233,GRUPO ÚNICO,2021-10-07,18:30,20005,São Paulo,1.0,20008,Santos FC,1.0,Morumbi,Sao Paulo,SP,Campeonato Brasileiro,played,DRAW
2021,12487,24,818179,234,GRUPO ÚNICO,2021-10-06,21:30,20047,America,2.0,20002,Palmeiras,1.0,Independência,Belo Horizonte,MG,Campeonato Brasileiro,played,HOME
2021,12487,24,818180,235,GRUPO ÚNICO,2021-10-06,21:30,20013,Grêmio,2.0,20800,Cuiabá,2.0,Arena do Grêmio,Porto Alegre,RS,Campeonato Brasileiro,played,DRAW
2021,12487,24,818181,236,GRUPO ÚNICO,2021-10-06,19:00,20031,Ceará,0.0,20011,Internacional,0.0,Arena Castelão,Fortaleza,CE,Campeonato Brasileiro,played,DRAW
2021,12487,24,818182,237,GRUPO ÚNICO,2021-10-06,19:00,20010,Sport Recife,3.0,20027,Juventude,1.0,Arena Pernambuco,São Lourenço da Mata,PE,Campeonato Brasileiro,played,HOME
2021,12487,24,818183,238,GRUPO ÚNICO,2021-10-06,20:30,20007,Red Bull Bragantino,1.0,20016,Flamengo,1.0,Nabi Abi Chedid,Braganca Paulista,SP,Campeonato Brasileiro,played,DRAW
2021,12487,24,818184,239,GRUPO ÚNICO,2021-10-06,19:00,20086,Chapecoense,2.0,20003,Atlético Mineiro,2.0,Arena Condá,Chapeco,SC,Campeonato Brasileiro,played,DRAW
2021,12487,24,818185,240,GRUPO ÚNICO,2021-10-06,19:00,20093,Atlético,0.0,20052,Athletico Paranaense,2.0,Antônio Accioly,Goiania,GO,Campeonato Brasileiro,played,AWAY
2021,12487,25,818186,241,GRUPO ÚNICO,2021-10-09,16:30,20014,Fluminense,0.0,20093,Atlético,0.0,Maracanã,Rio de Janeiro,RJ,Campeonato Brasileiro,played,DRAW
2021,12487,25,818187,242,GRUPO ÚNICO,2021-10-09,21:00,20002,Palmeiras,2.0,20007,Red Bull Bragantino,4.0,Nubank Parque,Sao Paulo,SP,Campeonato Brasileiro,played,AWAY
2021,12487,25,818188,243,GRUPO ÚNICO,2021-10-10,16:00,20008,Santos FC,1.0,20013,Grêmio,0.0,Vila Belmiro,Santos,SP,Campeonato Brasileiro,played,HOME
2021,12487,25,818189,244,GRUPO ÚNICO,2021-10-09,16:30,20003,Atlético Mineiro,3.0,20031,Ceará,1.0,Mineirão,Belo Horizonte,MG,Campeonato Brasileiro,played,HOME
2021,12487,25,818190,245,GRUPO ÚNICO,2021-10-10,11:00,20011,Internacional,5.0,20086,Chapecoense,2.0,Beira-Rio,Porto Alegre,RS,Campeonato Brasileiro,played,HOME
2021,12487,25,818191,246,GRUPO ÚNICO,2021-10-09,19:00,20048,Fortaleza Esporte Clube,0.0,20016,Flamengo,3.0,Arena Castelão,Fortaleza,CE,Campeonato Brasileiro,played,AWAY
2021,12487,25,818192,247,GRUPO ÚNICO,2021-10-09,16:30,20010,Sport Recife,1.0,20001,Corinthians,0.0,Arena Pernambuco,São Lourenço da Mata,PE,Campeonato Brasileiro,played,HOME
2021,12487,25,818193,248,GRUPO ÚNICO,2021-10-09,19:00,20052,Athletico Paranaense,0.0,20006,Esporte Clube Bahia,2.0,Arena da Baixada,Curitiba,PR,Campeonato Brasileiro,played,AWAY
2021,12487,25,818194,249,GRUPO ÚNICO,2021-10-09,21:00,20027,Juventude,1.0,20047,America,1.0,Alfredo Jaconi,Caxias do Sul,RS,Campeonato Brasileiro,played,DRAW
2021,12487,25,818195,250,GRUPO ÚNICO,2021-10-11,20:00,20800,Cuiabá,0.0,20005,São Paulo,0.0,Arena Pantanal,Cuiaba,MT,Campeonato Brasileiro,played,DRAW
2021,12487,26,818196,251,GRUPO ÚNICO,2021-10-13,19:00,20016,Flamengo,3.0,20027,Juventude,1.0,Maracanã,Rio de Janeiro,RJ,Campeonato Brasileiro,played,HOME
2021,12487,26,818197,252,GRUPO ÚNICO,2021-10-13,21:00,20001,Corinthians,1.0,20014,Fluminense,0.0,Neo Química Arena,Sao Paulo,SP,Campeonato Brasileiro,played,HOME
2021,12487,26,818198,253,GRUPO ÚNICO,2021-10-14,19:00,20005,São Paulo,1.0,20031,Ceará,1.0,Morumbi,Sao Paulo,SP,Campeonato Brasileiro,played,DRAW
2021,12487,26,818199,254,GRUPO ÚNICO,2021-10-13,19:00,20003,Atlético Mineiro,3.0,20008,Santos FC,1.0,Mineirão,Belo Horizonte,MG,Campeonato Brasileiro,played,HOME
2021,12487,26,818200,255,GRUPO ÚNICO,2021-10-13,21:30,20011,Internacional,3.0,20047,America,1.0,Beira-Rio,Porto Alegre,RS,Campeonato Brasileiro,played,HOME
2021,12487,26,818201,256,GRUPO ÚNICO,2021-10-13,20:30,20048,Fortaleza Esporte Clube,1.0,20013,Grêmio,0.0,Arena Castelão,Fortaleza,CE,Campeonato Brasileiro,played,HOME
2021,12487,26,818202,257,GRUPO ÚNICO,2021-10-12,21:30,20006,Esporte Clube Bahia,0.0,20002,Palmeiras,0.0,Arena Fonte Nova,Salvador,BA,Campeonato Brasileiro,played,DRAW
2021,12487,26,818203,258,GRUPO ÚNICO,2021-10-12,19:00,20007,Red Bull Bragantino,1.0,20093,Atlético,0.0,Nabi Abi Chedid,Braganca Paulista,SP,Campeonato Brasileiro,played,HOME
2021,12487,26,818204,259,GRUPO ÚNICO,2021-10-13,19:00,20086,Chapecoense,1.0,20052,Athletico Paranaense,1.0,Arena Condá,Chapeco,SC,Campeonato Brasileiro,played,DRAW
2021,12487,26,818205,260,GRUPO ÚNICO,2021-10-14,19:00,20800,Cuiabá,1.0,20010,Sport Recife,0.0,Arena Pantanal,Cuiaba,MT,Campeonato Brasileiro,played,HOME
2021,12487,27,818206,261,GRUPO ÚNICO,2021-10-17,20:30,20016,Flamengo,0.0,20800,Cuiabá,0.0,Maracanã,Rio de Janeiro,RJ,Campeonato Brasileiro,played,DRAW
2021,12487,27,818207,262,GRUPO ÚNICO,2021-10-17,16:00,20002,Palmeiras,1.0,20011,Internacional,0.0,Nubank Parque,Sao Paulo,SP,Campeonato Brasileiro,played,HOME
2021,12487,27,818208,263,GRUPO ÚNICO,2021-10-18,20:00,20005,São Paulo,1.0,20001,Corinthians,0.0,Morumbi,Sao Paulo,SP,Campeonato Brasileiro,played,HOME
2021,12487,27,818209,264,GRUPO ÚNICO,2021-10-16,21:00,20047,America,0.0,20006,Esporte Clube Bahia,0.0,Independência,Belo Horizonte,MG,Campeonato Brasileiro,played,DRAW
2021,12487,27,818210,265,GRUPO ÚNICO,2021-10-17,18:15,20013,Grêmio,3.0,20027,Juventude,2.0,Arena do Grêmio,Porto Alegre,RS,Campeonato Brasileiro,played,HOME
2021,12487,27,818211,266,GRUPO ÚNICO,2021-10-17,18:15,20031,Ceará,2.0,20007,Red Bull Bragantino,2.0,Arena Castelão,Fortaleza,CE,Campeonato Brasileiro,played,DRAW
2021,12487,27,818212,267,GRUPO ÚNICO,2021-10-17,20:30,20010,Sport Recife,0.0,20008,Santos FC,0.0,Arena Pernambuco,São Lourenço da Mata,PE,Campeonato Brasileiro,played,DRAW
2021,12487,27,818213,268,GRUPO ÚNICO,2021-10-17,16:00,20052,Athletico Paranaense,0.0,20014,Fluminense,1.0,Arena da Baixada,Curitiba,PR,Campeonato Brasileiro,played,AWAY
2021,12487,27,818214,269,GRUPO ÚNICO,2021-10-16,19:00,20086,Chapecoense,1.0,20048,Fortaleza Esporte Clube,2.0,Arena Condá,Chapeco,SC,Campeonato Brasileiro,played,AWAY
2021,12487,27,818215,270,GRUPO ÚNICO,2021-10-17,18:15,20093,Atlético,2.0,20003,Atlético Mineiro,1.0,Antônio Accioly,Goiania,GO,Campeonato Brasileiro,played,HOME
2021,12487,28,818216,271,GRUPO ÚNICO,2021-10-23,19:00,20014,Fluminense,3.0,20016,Flamengo,1.0,Maracanã,Rio de Janeiro,RJ,Campeonato Brasileiro,played,HOME
2021,12487,28,818217,272,GRUPO ÚNICO,2021-10-25,21:30,20002,Palmeiras,2.0,20010,Sport Recife,1.0,Nubank Parque,Sao Paulo,SP,Campeonato Brasileiro,played,HOME
2021,12487,28,818218,273,GRUPO ÚNICO,2021-10-23,17:00,20008,Santos FC,0.0,20047,America,2.0,Vila Belmiro,Santos,SP,Campeonato Brasileiro,played,AWAY
2021,12487,28,818219,274,GRUPO ÚNICO,2021-10-24,16:00,20003,Atlético Mineiro,2.0,20800,Cuiabá,1.0,Mineirão,Belo Horizonte,MG,Campeonato Brasileiro,played,HOME
2021,12487,28,818220,275,GRUPO ÚNICO,2021-10-24,16:00,20011,Internacional,2.0,20001,Corinthians,2.0,Beira-Rio,Porto Alegre,RS,Campeonato Brasileiro,played,DRAW
2021,12487,28,818221,276,GRUPO ÚNICO,2021-10-23,19:15,20048,Fortaleza Esporte Clube,3.0,20052,Athletico Paranaense,0.0,Arena Castelão,Fortaleza,CE,Campeonato Brasileiro,played,HOME
2021,12487,28,818222,277,GRUPO ÚNICO,2021-10-24,20:30,20006,Esporte Clube Bahia,3.0,20086,Chapecoense,0.0,Arena Fonte Nova,Salvador,BA,Campeonato Brasileiro,played,HOME
2021,12487,28,818223,278,GRUPO ÚNICO,2021-10-24,18:15,20007,Red Bull Bragantino,1.0,20005,São Paulo,0.0,Nabi Abi Chedid,Braganca Paulista,SP,Campeonato Brasileiro,played,HOME
2021,12487,28,818224,279,GRUPO ÚNICO,2021-10-23,17:00,20027,Juventude,0.0,20031,Ceará,0.0,Alfredo Jaconi,Caxias do Sul,RS,Campeonato Brasileiro,played,DRAW
2021,12487,28,818225,280,GRUPO ÚNICO,2021-10-25,20:00,20093,Atlético,2.0,20013,Grêmio,0.0,Antônio Accioly,Goiania,GO,Campeonato Brasileiro,played,HOME
2021,12487,29,818226,281,GRUPO ÚNICO,2021-10-30,19:00,20016,Flamengo,1.0,20003,Atlético Mineiro,0.0,Maracanã,Rio de Janeiro,RJ,Campeonato Brasileiro,played,HOME
2021,12487,29,818227,282,GRUPO ÚNICO,2021-11-01,21:30,20001,Corinthians,1.0,20086,Chapecoense,0.0,Neo Química Arena,Sao Paulo,SP,Campeonato Brasileiro,played,HOME
2021,12487,29,818228,283,GRUPO ÚNICO,2021-10-31,18:15,20005,São Paulo,1.0,20011,Internacional,0.0,Morumbi,Sao Paulo,SP,Campeonato Brasileiro,played,HOME
2021,12487,29,818229,284,GRUPO ÚNICO,2021-10-30,21:00,20047,America,2.0,20048,Fortaleza Esporte Clube,1.0,Independência,Belo Horizonte,MG,Campeonato Brasileiro,played,HOME
2021,12487,29,818230,285,GRUPO ÚNICO,2021-10-31,16:00,20013,Grêmio,1.0,20002,Palmeiras,3.0,Arena do Grêmio,Porto Alegre,RS,Campeonato Brasileiro,played,AWAY
2021,12487,29,818231,286,GRUPO ÚNICO,2021-10-31,16:00,20031,Ceará,1.0,20014,Fluminense,0.0,Arena Castelão,Fortaleza,CE,Campeonato Brasileiro,played,HOME
2021,12487,29,818232,287,GRUPO ÚNICO,2021-10-31,20:30,20010,Sport Recife,2.0,20093,Atlético,0.0,Arena Pernambuco,São Lourenço da Mata,PE,Campeonato Brasileiro,played,HOME
2021,12487,29,818233,288,GRUPO ÚNICO,2021-10-30,17:00,20052,Athletico Paranaense,0.0,20008,Santos FC,1.0,Arena da Baixada,Curitiba,PR,Campeonato Brasileiro,played,AWAY
2021,12487,29,818234,289,GRUPO ÚNICO,2021-10-30,19:15,20027,Juventude,0.0,20006,Esporte Clube Bahia,0.0,Alfredo Jaconi,Caxias do Sul,RS,Campeonato Brasileiro,played,DRAW
2021,12487,29,818235,290,GRUPO ÚNICO,2021-11-01,20:00,20800,Cuiabá,1.0,20007,Red Bull Bragantino,0.0,Arena Pantanal,Cuiaba,MT,Campeonato Brasileiro,played,HOME
2021,12487,30,818236,291,GRUPO ÚNICO,2021-11-06,21:00,20014,Fluminense,1.0,20010,Sport Recife,0.0,Maracanã,Rio de Janeiro,RJ,Campeonato Brasileiro,played,HOME
2021,12487,30,818237,292,GRUPO ÚNICO,2021-11-06,17:00,20001,Corinthians,1.0,20048,Fortaleza Esporte Clube,0.0,Neo Química Arena,Sao Paulo,SP,Campeonato Brasileiro,played,HOME
2021,12487,30,818238,293,GRUPO ÚNICO,2021-11-07,16:00,20008,Santos FC,0.0,20002,Palmeiras,2.0,Vila Belmiro,Santos,SP,Campeonato Brasileiro,played,AWAY
2021,12487,30,818239,294,GRUPO ÚNICO,2021-11-07,16:00,20003,Atlético Mineiro,1.0,20047,America,0.0,Mineirão,Belo Horizonte,MG,Campeonato Brasileiro,played,HOME
2021,12487,30,818240,295,GRUPO ÚNICO,2021-11-06,19:00,20011,Internacional,1.0,20013,Grêmio,0.0,Beira-Rio,Porto Alegre,RS,Campeonato Brasileiro,played,HOME
2021,12487,30,818241,296,GRUPO ÚNICO,2021-11-07,20:30,20031,Ceará,1.0,20800,Cuiabá,0.0,Arena Castelão,Fortaleza,CE,Campeonato Brasileiro,played,HOME
2021,12487,30,818242,297,GRUPO ÚNICO,2021-11-07,18:15,20006,Esporte Clube Bahia,1.0,20005,São Paulo,0.0,Arena Fonte Nova,Salvador,BA,Campeonato Brasileiro,played,HOME
2021,12487,30,818243,298,GRUPO ÚNICO,2021-11-07,16:00,20007,Red Bull Bragantino,0.0,20052,Athletico Paranaense,2.0,Nabi Abi Chedid,Braganca Paulista,SP,Campeonato Brasileiro,played,AWAY
2021,12487,30,818245,299,GRUPO ÚNICO,2021-11-08,20:00,20086,Chapecoense,2.0,20016,Flamengo,2.0,Arena Condá,Chapeco,SC,Campeonato Brasileiro,played,DRAW
2021,12487,30,818246,300,GRUPO ÚNICO,2021-11-23,19:00,20093,Atlético,1.0,20027,Juventude,1.0,Antônio Accioly,Goiania,GO,Campeonato Brasileiro,played,DRAW
2021,12487,31,818247,301,GRUPO ÚNICO,2021-11-11,19:00,20016,Flamengo,3.0,20006,Esporte Clube Bahia,0.0,Maracanã,Rio de Janeiro,RJ,Campeonato Brasileiro,played,HOME
2021,12487,31,818248,302,GRUPO ÚNICO,2021-11-10,20:30,20002,Palmeiras,4.0,20093,Atlético,0.0,Nubank Parque,Sao Paulo,SP,Campeonato Brasileiro,played,HOME
2021,12487,31,818249,303,GRUPO ÚNICO,2021-11-10,19:00,20008,Santos FC,2.0,20007,Red Bull Bragantino,0.0,Vila Belmiro,Santos,SP,Campeonato Brasileiro,played,HOME
2021,12487,31,818250,304,GRUPO ÚNICO,2021-11-10,19:00,20003,Atlético Mineiro,3.0,20001,Corinthians,0.0,Mineirão,Belo Horizonte,MG,Campeonato Brasileiro,played,HOME
2021,12487,31,818251,305,GRUPO ÚNICO,2021-11-09,21:30,20013,Grêmio,1.0,20014,Fluminense,0.0,Arena do Grêmio,Porto Alegre,RS,Campeonato Brasileiro,played,HOME
2021,12487,31,818252,306,GRUPO ÚNICO,2021-11-10,21:30,20048,Fortaleza Esporte Clube,1.0,20005,São Paulo,1.0,Arena Castelão,Fortaleza,CE,Campeonato Brasileiro,played,DRAW
2021,12487,31,818253,307,GRUPO ÚNICO,2021-11-10,21:30,20010,Sport Recife,2.0,20047,America,3.0,Arena Pernambuco,São Lourenço da Mata,PE,Campeonato Brasileiro,played,AWAY
2021,12487,31,818254,308,GRUPO ÚNICO,2021-11-10,18:30,20052,Athletico Paranaense,2.0,20031,Ceará,1.0,Arena da Baixada,Curitiba,PR,Campeonato Brasileiro,played,HOME
2021,12487,31,818255,309,GRUPO ÚNICO,2021-11-10,21:30,20027,Juventude,2.0,20011,Internacional,1.0,Alfredo Jaconi,Caxias do Sul,RS,Campeonato Brasileiro,played,HOME
2021,12487,31,818256,310,GRUPO ÚNICO,2021-11-04,21:00,20800,Cuiabá,0.0,20086,Chapecoense,0.0,Arena Pantanal,Cuiaba,MT,Campeonato Brasileiro,played,DRAW
2021,12487,32,818257,311,GRUPO ÚNICO,2021-11-14,18:15,20014,Fluminense,2.0,20002,Palmeiras,1.0,Maracanã,Rio de Janeiro,RJ,Campeonato Brasileiro,played,HOME
2021,12487,32,818258,312,GRUPO ÚNICO,2021-11-13,21:00,20001,Corinthians,3.0,20800,Cuiabá,2.0,Neo Química Arena,Sao Paulo,SP,Campeonato Brasileiro,played,HOME
2021,12487,32,818259,313,GRUPO ÚNICO,2021-11-14,16:00,20005,São Paulo,0.0,20016,Flamengo,4.0,Morumbi,Sao Paulo,SP,Campeonato Brasileiro,played,AWAY
2021,12487,32,818260,314,GRUPO ÚNICO,2021-11-13,18:30,20047,America,3.0,20013,Grêmio,1.0,Independência,Belo Horizonte,MG,Campeonato Brasileiro,played,HOME
2021,12487,32,818261,315,GRUPO ÚNICO,2021-11-13,19:00,20011,Internacional,2.0,20052,Athletico Paranaense,1.0,Beira-Rio,Porto Alegre,RS,Campeonato Brasileiro,played,HOME
2021,12487,32,818262,316,GRUPO ÚNICO,2021-11-14,19:00,20031,Ceará,2.0,20010,Sport Recife,1.0,Arena Castelão,Fortaleza,CE,Campeonato Brasileiro,played,HOME
2021,12487,32,818263,317,GRUPO ÚNICO,2021-12-02,18:00,20006,Esporte Clube Bahia,2.0,20003,Atlético Mineiro,3.0,Arena Fonte Nova,Salvador,BA,Campeonato Brasileiro,played,AWAY
2021,12487,32,818264,318,GRUPO ÚNICO,2021-11-13,19:00,20007,Red Bull Bragantino,3.0,20048,Fortaleza Esporte Clube,0.0,Nabi Abi Chedid,Braganca Paulista,SP,Campeonato Brasileiro,played,HOME
2021,12487,32,818265,319,GRUPO ÚNICO,2021-11-14,19:00,20086,Chapecoense,0.0,20027,Juventude,2.0,Arena Condá,Chapeco,SC,Campeonato Brasileiro,played,AWAY
2021,12487,32,818266,320,GRUPO ÚNICO,2021-11-13,17:00,20093,Atlético,0.0,20008,Santos FC,0.0,Antônio Accioly,Goiania,GO,Campeonato Brasileiro,played,DRAW
2021,12487,33,818267,321,GRUPO ÚNICO,2021-11-17,21:30,20016,Flamengo,1.0,20001,Corinthians,0.0,Maracanã,Rio de Janeiro,RJ,Campeonato Brasileiro,played,HOME
2021,12487,33,818268,322,GRUPO ÚNICO,2021-11-17,20:30,20002,Palmeiras,0.0,20005,São Paulo,2.0,Nubank Parque,Sao Paulo,SP,Campeonato Brasileiro,played,AWAY
2021,12487,33,818269,323,GRUPO ÚNICO,2021-11-17,19:00,20008,Santos FC,2.0,20086,Chapecoense,0.0,Vila Belmiro,Santos,SP,Campeonato Brasileiro,played,HOME
2021,12487,33,818270,324,GRUPO ÚNICO,2021-11-17,19:00,20047,America,0.0,20093,Atlético,0.0,Independência,Belo Horizonte,MG,Campeonato Brasileiro,played,DRAW
2021,12487,33,818271,325,GRUPO ÚNICO,2021-11-16,18:00,20013,Grêmio,3.0,20007,Red Bull Bragantino,0.0,Arena do Grêmio,Porto Alegre,RS,Campeonato Brasileiro,played,HOME
2021,12487,33,818272,326,GRUPO ÚNICO,2021-11-17,20:00,20048,Fortaleza Esporte Clube,0.0,20031,Ceará,4.0,Arena Castelão,Fortaleza,CE,Campeonato Brasileiro,played,AWAY
2021,12487,33,818273,327,GRUPO ÚNICO,2021-11-18,21:00,20010,Sport Recife,1.0,20006,Esporte Clube Bahia,0.0,Arena Pernambuco,São Lourenço da Mata,PE,Campeonato Brasileiro,played,HOME
2021,12487,33,818274,328,GRUPO ÚNICO,2021-11-16,16:00,20052,Athletico Paranaense,0.0,20003,Atlético Mineiro,1.0,Arena da Baixada,Curitiba,PR,Campeonato Brasileiro,played,AWAY
2021,12487,33,818275,329,GRUPO ÚNICO,2021-11-17,20:30,20027,Juventude,1.0,20014,Fluminense,0.0,Alfredo Jaconi,Caxias do Sul,RS,Campeonato Brasileiro,played,HOME
2021,12487,33,818276,330,GRUPO ÚNICO,2021-11-17,19:00,20800,Cuiabá,1.0,20011,Internacional,0.0,Arena Pantanal,Cuiaba,MT,Campeonato Brasileiro,played,HOME
2021,12487,34,818277,331,GRUPO ÚNICO,2021-11-21,17:00,20014,Fluminense,2.0,20047,America,0.0,Maracanã,Rio de Janeiro,RJ,Campeonato Brasileiro,played,HOME
2021,12487,34,818278,332,GRUPO ÚNICO,2021-11-21,16:00,20001,Corinthians,2.0,20008,Santos FC,0.0,Neo Química Arena,Sao Paulo,SP,Campeonato Brasileiro,played,HOME
2021,12487,34,818279,333,GRUPO ÚNICO,2021-11-24,21:30,20005,São Paulo,0.0,20052,Athletico Paranaense,0.0,Morumbi,Sao Paulo,SP,Campeonato Brasileiro,played,DRAW
2021,12487,34,818280,334,GRUPO ÚNICO,2021-11-20,19:00,20003,Atlético Mineiro,2.0,20027,Juventude,0.0,Mineirão,Belo Horizonte,MG,Campeonato Brasileiro,played,HOME
2021,12487,34,818281,335,GRUPO ÚNICO,2021-11-20,21:30,20011,Internacional,1.0,20016,Flamengo,2.0,Beira-Rio,Porto Alegre,RS,Campeonato Brasileiro,played,AWAY
2021,12487,34,818282,336,GRUPO ÚNICO,2021-11-20,19:00,20048,Fortaleza Esporte Clube,1.0,20002,Palmeiras,0.0,Arena Castelão,Fortaleza,CE,Campeonato Brasileiro,played,HOME
2021,12487,34,818283,337,GRUPO ÚNICO,2021-11-21,19:00,20006,Esporte Clube Bahia,0.0,20800,Cuiabá,0.0,Arena Fonte Nova,Salvador,BA,Campeonato Brasileiro,played,DRAW
2021,12487,34,818284,338,GRUPO ÚNICO,2021-10-28,19:00,20007,Red Bull Bragantino,3.0,20010,Sport Recife,0.0,Nabi Abi Chedid,Braganca Paulista,SP,Campeonato Brasileiro,played,HOME
2021,12487,34,818285,339,GRUPO ÚNICO,2021-11-20,19:00,20086,Chapecoense,1.0,20013,Grêmio,3.0,Arena Condá,Chapeco,SC,Campeonato Brasileiro,played,AWAY
2021,12487,34,818286,340,GRUPO ÚNICO,2021-11-20,21:00,20093,Atlético,1.0,20031,Ceará,1.0,Antônio Accioly,Goiania,GO,Campeonato Brasileiro,played,DRAW
2021,12487,35,818287,341,GRUPO ÚNICO,2021-11-24,21:30,20014,Fluminense,1.0,20011,Internacional,0.0,Maracanã,Rio de Janeiro,RJ,Campeonato Brasileiro,played,HOME
2021,12487,35,818288,342,GRUPO ÚNICO,2021-11-23,21:30,20002,Palmeiras,2.0,20003,Atlético Mineiro,2.0,Nubank Parque,Sao Paulo,SP,Campeonato Brasileiro,played,DRAW
2021,12487,35,818289,343,GRUPO ÚNICO,2021-11-25,19:00,20008,Santos FC,2.0,20048,Fortaleza Esporte Clube,0.0,Vila Belmiro,Santos,SP,Campeonato Brasileiro,played,HOME
2021,12487,35,818290,344,GRUPO ÚNICO,2021-11-30,21:00,20047,America,3.0,20086,Chapecoense,0.0,Independência,Belo Horizonte,MG,Campeonato Brasileiro,played,HOME
2021,12487,35,818291,345,GRUPO ÚNICO,2021-12-02,20:00,20013,Grêmio,3.0,20005,São Paulo,0.0,Arena do Grêmio,Porto Alegre,RS,Campeonato Brasileiro,played,HOME
2021,12487,35,818292,346,GRUPO ÚNICO,2021-11-25,20:00,20031,Ceará,2.0,20001,Corinthians,1.0,Arena Castelão,Fortaleza,CE,Campeonato Brasileiro,played,HOME
2021,12487,35,818293,347,GRUPO ÚNICO,2021-12-03,20:00,20010,Sport Recife,1.0,20016,Flamengo,1.0,Arena Pernambuco,São Lourenço da Mata,PE,Campeonato Brasileiro,played,DRAW
2021,12487,35,818294,348,GRUPO ÚNICO,2021-12-03,19:00,20052,Athletico Paranaense,1.0,20800,Cuiabá,0.0,Arena da Baixada,Curitiba,PR,Campeonato Brasileiro,played,HOME
2021,12487,35,818295,349,GRUPO ÚNICO,2021-11-30,19:00,20027,Juventude,1.0,20007,Red Bull Bragantino,0.0,Alfredo Jaconi,Caxias do Sul,RS,Campeonato Brasileiro,played,HOME
2021,12487,35,818296,350,GRUPO ÚNICO,2021-11-29,19:00,20093,Atlético,2.0,20006,Esporte Clube Bahia,1.0,Antônio Accioly,Goiania,GO,Campeonato Brasileiro,played,HOME
2021,12487,36,818297,351,GRUPO ÚNICO,2021-11-30,20:00,20016,Flamengo,2.0,20031,Ceará,1.0,Maracanã,Rio de Janeiro,RJ,Campeonato Brasileiro,played,HOME
2021,12487,36,818298,352,GRUPO ÚNICO,2021-11-28,16:00,20001,Corinthians,1.0,20052,Athletico Paranaense,0.0,Neo Química Arena,Sao Paulo,SP,Campeonato Brasileiro,played,HOME
2021,12487,36,818299,353,GRUPO ÚNICO,2021-11-27,21:30,20005,São Paulo,2.0,20010,Sport Recife,0.0,Morumbi,Sao Paulo,SP,Campeonato Brasileiro,played,HOME
2021,12487,36,818300,354,GRUPO ÚNICO,2021-11-28,16:00,20003,Atlético Mineiro,2.0,20014,Fluminense,1.0,Mineirão,Belo Horizonte,MG,Campeonato Brasileiro,played,HOME
2021,12487,36,818301,355,GRUPO ÚNICO,2021-11-28,19:00,20011,Internacional,1.0,20008,Santos FC,1.0,Beira-Rio,Porto Alegre,RS,Campeonato Brasileiro,played,DRAW
2021,12487,36,818302,356,GRUPO ÚNICO,2021-12-03,21:00,20048,Fortaleza Esporte Clube,1.0,20027,Juventude,0.0,Arena Castelão,Fortaleza,CE,Campeonato Brasileiro,played,HOME
2021,12487,36,818303,357,GRUPO ÚNICO,2021-11-26,19:00,20006,Esporte Clube Bahia,3.0,20013,Grêmio,1.0,Arena Fonte Nova,Salvador,BA,Campeonato Brasileiro,played,HOME
2021,12487,36,818304,358,GRUPO ÚNICO,2021-11-27,19:30,20007,Red Bull Bragantino,1.0,20047,America,1.0,Nabi Abi Chedid,Braganca Paulista,SP,Campeonato Brasileiro,played,DRAW
2021,12487,36,818305,359,GRUPO ÚNICO,2021-12-03,20:00,20086,Chapecoense,0.0,20093,Atlético,1.0,Arena Condá,Chapeco,SC,Campeonato Brasileiro,played,AWAY
2021,12487,36,818306,360,GRUPO ÚNICO,2021-11-30,22:00,20800,Cuiabá,1.0,20002,Palmeiras,3.0,Arena Pantanal,Cuiaba,MT,Campeonato Brasileiro,played,AWAY
2021,12487,37,818307,361,GRUPO ÚNICO,2021-12-06,20:00,20016,Flamengo,0.0,20008,Santos FC,1.0,Maracanã,Rio de Janeiro,RJ,Campeonato Brasileiro,played,AWAY
2021,12487,37,818308,362,GRUPO ÚNICO,2021-12-05,16:00,20001,Corinthians,1.0,20013,Grêmio,1.0,Neo Química Arena,Sao Paulo,SP,Campeonato Brasileiro,played,DRAW
2021,12487,37,818309,363,GRUPO ÚNICO,2021-12-06,19:00,20005,São Paulo,3.0,20027,Juventude,1.0,Morumbi,Sao Paulo,SP,Campeonato Brasileiro,played,HOME
2021,12487,37,818310,364,GRUPO ÚNICO,2021-12-05,16:00,20003,Atlético Mineiro,4.0,20007,Red Bull Bragantino,3.0,Mineirão,Belo Horizonte,MG,Campeonato Brasileiro,played,HOME
2021,12487,37,818311,365,GRUPO ÚNICO,2021-12-06,20:00,20011,Internacional,1.0,20093,Atlético,2.0,Beira-Rio,Porto Alegre,RS,Campeonato Brasileiro,played,AWAY
2021,12487,37,818312,366,GRUPO ÚNICO,2021-12-05,19:00,20031,Ceará,0.0,20047,America,0.0,Arena Castelão,Fortaleza,CE,Campeonato Brasileiro,played,DRAW
2021,12487,37,818313,367,GRUPO ÚNICO,2021-12-05,16:00,20006,Esporte Clube Bahia,2.0,20014,Fluminense,0.0,Arena Fonte Nova,Salvador,BA,Campeonato Brasileiro,played,HOME
2021,12487,37,818314,368,GRUPO ÚNICO,2021-12-06,19:00,20052,Athletico Paranaense,0.0,20002,Palmeiras,0.0,Arena da Baixada,Curitiba,PR,Campeonato Brasileiro,played,DRAW
2021,12487,37,818315,369,GRUPO ÚNICO,2021-12-06,21:00,20086,Chapecoense,0.0,20010,Sport Recife,1.0,Arena Condá,Chapeco,SC,Campeonato Brasileiro,played,AWAY
2021,12487,37,818316,370,GRUPO ÚNICO,2021-12-06,20:00,20800,Cuiabá,1.0,20048,Fortaleza Esporte Clube,0.0,Arena Pantanal,Cuiaba,MT,Campeonato Brasileiro,played,HOME
2021,12487,38,818317,371,GRUPO ÚNICO,2021-12-09,21:30,20014,Fluminense,3.0,20086,Chapecoense,0.0,Maracanã,Rio de Janeiro,RJ,Campeonato Brasileiro,played,HOME
2021,12487,38,818318,372,GRUPO ÚNICO,2021-12-09,21:30,20002,Palmeiras,1.0,20031,Ceará,0.0,Arena Barueri,Barueri,SP,Campeonato Brasileiro,played,HOME
2021,12487,38,818319,373,GRUPO ÚNICO,2021-12-09,21:30,20008,Santos FC,1.0,20800,Cuiabá,1.0,Vila Belmiro,Santos,SP,Campeonato Brasileiro,played,DRAW
2021,12487,38,818320,374,GRUPO ÚNICO,2021-12-09,21:30,20047,America,2.0,20005,São Paulo,0.0,Independência,Belo Horizonte,MG,Campeonato Brasileiro,played,HOME
2021,12487,38,818321,375,GRUPO ÚNICO,2021-12-09,21:30,20013,Grêmio,4.0,20003,Atlético Mineiro,3.0,Arena do Grêmio,Porto Alegre,RS,Campeonato Brasileiro,played,HOME
2021,12487,38,818322,376,GRUPO ÚNICO,2021-12-09,21:30,20048,Fortaleza Esporte Clube,2.0,20006,Esporte Clube Bahia,1.0,Arena Castelão,Fortaleza,CE,Campeonato Brasileiro,played,HOME
2021,12487,38,818323,377,GRUPO ÚNICO,2021-12-09,21:30,20010,Sport Recife,1.0,20052,Athletico Paranaense,1.0,Arena Pernambuco,São Lourenço da Mata,PE,Campeonato Brasileiro,played,DRAW
2021,12487,38,818324,378,GRUPO ÚNICO,2021-12-09,21:30,20007,Red Bull Bragantino,1.0,20011,Internacional,0.0,Nabi Abi Chedid,Braganca Paulista,SP,Campeonato Brasileiro,played,HOME
2021,12487,38,818325,379,GRUPO ÚNICO,2021-12-09,21:30,20027,Juventude,1.0,20001,Corinthians,0.0,Alfredo Jaconi,Caxias do Sul,RS,Campeonato Brasileiro,played,HOME
2021,12487,38,818326,380,GRUPO ÚNICO,2021-12-09,21:30,20093,Atlético,2.0,20016,Flamengo,0.0,Antônio Accioly,Goiania,GO,Campeonato Brasileiro,played,HOME
2022,12518,1,820675,1,GRUPO ÚNICO,2022-04-10,16:00,20003,Atlético Mineiro,2.0,20011,Internacional,0.0,Mineirão,Belo Horizonte,MG,Campeonato Brasileiro,played,HOME
2022,12518,1,820676,2,GRUPO ÚNICO,2022-04-09,16:30,20014,Fluminense,0.0,20008,Santos FC,0.0,Maracanã,Rio de Janeiro,RJ,Campeonato Brasileiro,played,DRAW
2022,12518,1,820677,3,GRUPO ÚNICO,2022-04-10,19:00,20005,São Paulo,4.0,20052,Athletico Paranaense,0.0,Morumbi,Sao Paulo,SP,Campeonato Brasileiro,played,HOME
2022,12518,1,820678,4,GRUPO ÚNICO,2022-04-09,21:00,20002,Palmeiras,2.0,20031,Ceará,3.0,Nubank Parque,Sao Paulo,SP,Campeonato Brasileiro,played,AWAY
2022,12518,1,820679,5,GRUPO ÚNICO,2022-04-10,16:00,60175,Botafogo,1.0,20001,Corinthians,3.0,Nilton Santos,Rio de Janeiro,RJ,Campeonato Brasileiro,played,AWAY
2022,12518,1,820680,6,GRUPO ÚNICO,2022-04-11,20:00,20027,Juventude,2.0,20007,Red Bull Bragantino,2.0,Alfredo Jaconi,Caxias do Sul,RS,Campeonato Brasileiro,played,DRAW
2022,12518,1,820681,7,GRUPO ÚNICO,2022-04-10,18:00,20048,Fortaleza Esporte Clube,0.0,20800,Cuiabá,1.0,Arena Castelão,Fortaleza,CE,Campeonato Brasileiro,played,AWAY
2022,12518,1,820682,8,GRUPO ÚNICO,2022-04-09,19:00,20093,Atlético,1.0,20016,Flamengo,1.0,Antônio Accioly,Goiania,GO,Campeonato Brasileiro,played,DRAW
2022,12518,1,820683,9,GRUPO ÚNICO,2022-04-10,19:00,20058,Avaí,1.0,59897,América,0.0,Ressacada,Florianopolis,SC,Campeonato Brasileiro,played,HOME
2022,12518,1,820684,10,GRUPO ÚNICO,2022-04-10,11:00,20025,Coritiba,3.0,20028,Goiás,0.0,Couto Pereira,Curitiba,PR,Campeonato Brasileiro,played,HOME
2022,12518,2,820685,11,GRUPO ÚNICO,2022-04-16,19:00,59897,América,4.0,20027,Juventude,1.0,Independência,Belo Horizonte,MG,Campeonato Brasileiro,played,HOME
2022,12518,2,820686,12,GRUPO ÚNICO,2022-04-17,16:00,20016,Flamengo,3.0,20005,São Paulo,1.0,Maracanã,Rio de Janeiro,RJ,Campeonato Brasileiro,played,HOME
2022,12518,2,820687,13,GRUPO ÚNICO,2022-04-17,18:00,20007,Red Bull Bragantino,4.0,20093,Atlético,0.0,Nabi Abi Chedid,Braganca Paulista,SP,Campeonato Brasileiro,played,HOME
2022,12518,2,820688,14,GRUPO ÚNICO,2022-04-16,19:00,20001,Corinthians,3.0,20058,Avaí,0.0,Neo Química Arena,Sao Paulo,SP,Campeonato Brasileiro,played,HOME
2022,12518,2,820689,15,GRUPO ÚNICO,2022-04-17,11:00,20008,Santos FC,2.0,20025,Coritiba,1.0,Vila Belmiro,Santos,SP,Campeonato Brasileiro,played,HOME
2022,12518,2,820690,16,GRUPO ÚNICO,2022-04-17,18:00,20011,Internacional,2.0,20048,Fortaleza Esporte Clube,1.0,Beira-Rio,Porto Alegre,RS,Campeonato Brasileiro,played,HOME
2022,12518,2,820691,17,GRUPO ÚNICO,2022-04-17,19:00,20031,Ceará,1.0,60175,Botafogo,3.0,Arena Castelão,Fortaleza,CE,Campeonato Brasileiro,played,AWAY
2022,12518,2,820692,18,GRUPO ÚNICO,2022-04-16,16:30,20028,Goiás,1.0,20002,Palmeiras,1.0,Hailé Pinheiro,Goiania,GO,Campeonato Brasileiro,played,DRAW
2022,12518,2,820693,19,GRUPO ÚNICO,2022-04-16,21:00,20800,Cuiabá,0.0,20014,Fluminense,1.0,Arena Pantanal,Cuiaba,MT,Campeonato Brasileiro,played,AWAY
2022,12518,2,820694,20,GRUPO ÚNICO,2022-04-17,18:00,20052,Athletico Paranaense,0.0,20003,Atlético Mineiro,1.0,Arena da Baixada,Curitiba,PR,Campeonato Brasileiro,played,AWAY
2022,12518,3,820695,21,GRUPO ÚNICO,2022-04-23,21:00,20003,Atlético Mineiro,2.0,20025,Coritiba,2.0,Independência,Belo Horizonte,MG,Campeonato Brasileiro,played,DRAW
2022,12518,3,820696,22,GRUPO ÚNICO,2022-04-23,19:00,20014,Fluminense,0.0,20011,Internacional,1.0,Maracanã,Rio de Janeiro,RJ,Campeonato Brasileiro,played,AWAY
2022,12518,3,820697,23,GRUPO ÚNICO,2022-04-23,16:30,20007,Red Bull Bragantino,1.0,20005,São Paulo,1.0,Nabi Abi Chedid,Braganca Paulista,SP,Campeonato Brasileiro,played,DRAW
2022,12518,3,820698,24,GRUPO ÚNICO,2022-04-23,19:00,20002,Palmeiras,3.0,20001,Corinthians,0.0,Arena Barueri,Barueri,SP,Campeonato Brasileiro,played,HOME
2022,12518,3,820699,25,GRUPO ÚNICO,2022-04-24,16:00,20008,Santos FC,3.0,59897,América,0.0,Vila Belmiro,Santos,SP,Campeonato Brasileiro,played,HOME
2022,12518,3,820700,26,GRUPO ÚNICO,2022-04-24,18:00,20027,Juventude,0.0,20800,Cuiabá,1.0,Alfredo Jaconi,Caxias do Sul,RS,Campeonato Brasileiro,played,AWAY
2022,12518,3,820701,27,GRUPO ÚNICO,2022-06-01,20:30,20048,Fortaleza Esporte Clube,0.0,20031,Ceará,1.0,Arena Castelão,Fortaleza,CE,Campeonato Brasileiro,played,AWAY
2022,12518,3,820702,28,GRUPO ÚNICO,2022-04-24,18:30,20093,Atlético,1.0,60175,Botafogo,1.0,Antônio Accioly,Goiania,GO,Campeonato Brasileiro,played,DRAW
2022,12518,3,820703,29,GRUPO ÚNICO,2022-04-25,20:00,20058,Avaí,3.0,20028,Goiás,2.0,Ressacada,Florianopolis,SC,Campeonato Brasileiro,played,HOME
2022,12518,3,820704,30,GRUPO ÚNICO,2022-04-23,16:30,20052,Athletico Paranaense,1.0,20016,Flamengo,0.0,Arena da Baixada,Curitiba,PR,Campeonato Brasileiro,played,HOME
2022,12518,4,820705,31,GRUPO ÚNICO,2022-04-30,16:30,59897,América,1.0,20052,Athletico Paranaense,0.0,Independência,Belo Horizonte,MG,Campeonato Brasileiro,played,HOME
2022,12518,4,820706,32,GRUPO ÚNICO,2022-04-20,19:30,20016,Flamengo,0.0,20002,Palmeiras,0.0,Maracanã,Rio de Janeiro,RJ,Campeonato Brasileiro,played,DRAW
2022,12518,4,820707,33,GRUPO ÚNICO,2022-05-02,20:00,20005,São Paulo,2.0,20008,Santos FC,1.0,Morumbi,Sao Paulo,SP,Campeonato Brasileiro,played,HOME
2022,12518,4,820708,34,GRUPO ÚNICO,2022-05-01,16:00,20001,Corinthians,1.0,20048,Fortaleza Esporte Clube,0.0,Neo Química Arena,Sao Paulo,SP,Campeonato Brasileiro,played,HOME
2022,12518,4,820709,35,GRUPO ÚNICO,2022-05-01,11:00,60175,Botafogo,1.0,20027,Juventude,1.0,Nilton Santos,Rio de Janeiro,RJ,Campeonato Brasileiro,played,DRAW
2022,12518,4,820710,36,GRUPO ÚNICO,2022-05-01,19:00,20011,Internacional,0.0,20058,Avaí,0.0,Beira-Rio,Porto Alegre,RS,Campeonato Brasileiro,played,DRAW
2022,12518,4,820711,37,GRUPO ÚNICO,2022-04-30,16:30,20031,Ceará,0.0,20007,Red Bull Bragantino,1.0,Arena Castelão,Fortaleza,CE,Campeonato Brasileiro,played,AWAY
2022,12518,4,820712,38,GRUPO ÚNICO,2022-04-30,18:30,20028,Goiás,2.0,20003,Atlético Mineiro,2.0,Hailé Pinheiro,Goiania,GO,Campeonato Brasileiro,played,DRAW
2022,12518,4,820713,39,GRUPO ÚNICO,2022-04-30,19:00,20800,Cuiabá,1.0,20093,Atlético,1.0,Arena Pantanal,Cuiaba,MT,Campeonato Brasileiro,played,DRAW
2022,12518,4,820714,40,GRUPO ÚNICO,2022-05-01,16:00,20025,Coritiba,3.0,20014,Fluminense,2.0,Couto Pereira,Curitiba,PR,Campeonato Brasileiro,played,HOME
2022,12518,5,820715,41,GRUPO ÚNICO,2022-05-07,16:30,20003,Atlético Mineiro,1.0,59897,América,2.0,Independência,Belo Horizonte,MG,Campeonato Brasileiro,played,AWAY
2022,12518,5,820716,42,GRUPO ÚNICO,2022-05-08,11:00,20016,Flamengo,0.0,60175,Botafogo,1.0,Mané Garrincha,Brasilia,DF,Campeonato Brasileiro,played,AWAY
2022,12518,5,820717,43,GRUPO ÚNICO,2022-05-08,18:00,20007,Red Bull Bragantino,0.0,20001,Corinthians,1.0,Nabi Abi Chedid,Braganca Paulista,SP,Campeonato Brasileiro,played,AWAY
2022,12518,5,820718,44,GRUPO ÚNICO,2022-05-08,16:00,20002,Palmeiras,1.0,20014,Fluminense,1.0,Nubank Parque,Sao Paulo,SP,Campeonato Brasileiro,played,DRAW
2022,12518,5,820719,45,GRUPO ÚNICO,2022-05-08,18:00,20008,Santos FC,4.0,20800,Cuiabá,1.0,Vila Belmiro,Santos,SP,Campeonato Brasileiro,played,HOME
2022,12518,5,820720,46,GRUPO ÚNICO,2022-05-08,19:00,20027,Juventude,1.0,20011,Internacional,1.0,Alfredo Jaconi,Caxias do Sul,RS,Campeonato Brasileiro,played,DRAW
2022,12518,5,820721,47,GRUPO ÚNICO,2022-05-08,19:00,20048,Fortaleza Esporte Clube,1.0,20005,São Paulo,1.0,Arena Castelão,Fortaleza,CE,Campeonato Brasileiro,played,DRAW
2022,12518,5,820722,48,GRUPO ÚNICO,2022-05-08,16:00,20093,Atlético,0.0,20028,Goiás,1.0,Antônio Accioly,Goiania,GO,Campeonato Brasileiro,played,AWAY
2022,12518,5,820723,49,GRUPO ÚNICO,2022-05-09,20:00,20058,Avaí,2.0,20025,Coritiba,1.0,Ressacada,Florianopolis,SC,Campeonato Brasileiro,played,HOME
2022,12518,5,820724,50,GRUPO ÚNICO,2022-05-07,20:30,20052,Athletico Paranaense,1.0,20031,Ceará,0.0,Arena da Baixada,Curitiba,PR,Campeonato Brasileiro,played,HOME
2022,12518,6,820725,51,GRUPO ÚNICO,2022-05-14,19:00,20003,Atlético Mineiro,2.0,20093,Atlético,0.0,Independência,Belo Horizonte,MG,Campeonato Brasileiro,played,HOME
2022,12518,6,820726,52,GRUPO ÚNICO,2022-05-14,21:00,20014,Fluminense,2.0,20052,Athletico Paranaense,1.0,Raulino de Oliveira,Volta Redonda,RJ,Campeonato Brasileiro,played,HOME
2022,12518,6,820727,53,GRUPO ÚNICO,2022-05-15,16:00,20005,São Paulo,2.0,20800,Cuiabá,1.0,Morumbi,Sao Paulo,SP,Campeonato Brasileiro,played,HOME
2022,12518,6,820728,54,GRUPO ÚNICO,2022-05-14,16:30,20002,Palmeiras,2.0,20007,Red Bull Bragantino,0.0,Nubank Parque,Sao Paulo,SP,Campeonato Brasileiro,played,HOME
2022,12518,6,820729,55,GRUPO ÚNICO,2022-05-15,18:00,60175,Botafogo,3.0,20048,Fortaleza Esporte Clube,1.0,Nilton Santos,Rio de Janeiro,RJ,Campeonato Brasileiro,played,HOME
2022,12518,6,820730,56,GRUPO ÚNICO,2022-05-14,19:00,20011,Internacional,2.0,20001,Corinthians,2.0,Beira-Rio,Porto Alegre,RS,Campeonato Brasileiro,played,DRAW
2022,12518,6,820731,57,GRUPO ÚNICO,2022-05-14,16:30,20031,Ceará,2.0,20016,Flamengo,2.0,Arena Castelão,Fortaleza,CE,Campeonato Brasileiro,played,DRAW
2022,12518,6,820732,58,GRUPO ÚNICO,2022-05-15,19:00,20028,Goiás,1.0,20008,Santos FC,0.0,Hailé Pinheiro,Goiania,GO,Campeonato Brasileiro,played,HOME
2022,12518,6,820733,59,GRUPO ÚNICO,2022-05-15,18:00,20058,Avaí,1.0,20027,Juventude,2.0,Ressacada,Florianopolis,SC,Campeonato Brasileiro,played,AWAY
2022,12518,6,820734,60,GRUPO ÚNICO,2022-05-15,17:30,20025,Coritiba,1.0,59897,América,0.0,Couto Pereira,Curitiba,PR,Campeonato Brasileiro,played,HOME
2022,12518,7,820735,61,GRUPO ÚNICO,2022-05-21,21:00,59897,América,1.0,60175,Botafogo,1.0,Independência,Belo Horizonte,MG,Campeonato Brasileiro,played,DRAW
2022,12518,7,820736,62,GRUPO ÚNICO,2022-05-21,16:30,20016,Flamengo,1.0,20028,Goiás,0.0,Maracanã,Rio de Janeiro,RJ,Campeonato Brasileiro,played,HOME
2022,12518,7,820737,63,GRUPO ÚNICO,2022-05-11,20:30,20007,Red Bull Bragantino,1.0,20003,Atlético Mineiro,1.0,Nabi Abi Chedid,Braganca Paulista,SP,Campeonato Brasileiro,played,DRAW
2022,12518,7,820738,64,GRUPO ÚNICO,2022-05-22,16:00,20001,Corinthians,1.0,20005,São Paulo,1.0,Neo Química Arena,Sao Paulo,SP,Campeonato Brasileiro,played,DRAW
2022,12518,7,820739,65,GRUPO ÚNICO,2022-05-21,18:30,20008,Santos FC,0.0,20031,Ceará,0.0,Arena Barueri,Barueri,SP,Campeonato Brasileiro,played,DRAW
2022,12518,7,820740,66,GRUPO ÚNICO,2022-05-21,19:00,20027,Juventude,0.0,20002,Palmeiras,3.0,Alfredo Jaconi,Caxias do Sul,RS,Campeonato Brasileiro,played,AWAY
2022,12518,7,820741,67,GRUPO ÚNICO,2022-05-22,16:00,20048,Fortaleza Esporte Clube,0.0,20014,Fluminense,1.0,Arena Castelão,Fortaleza,CE,Campeonato Brasileiro,played,AWAY
2022,12518,7,820742,68,GRUPO ÚNICO,2022-05-21,16:30,20093,Atlético,2.0,20025,Coritiba,0.0,Antônio Accioly,Goiania,GO,Campeonato Brasileiro,played,HOME
2022,12518,7,820743,69,GRUPO ÚNICO,2022-05-21,21:00,20800,Cuiabá,1.0,20011,Internacional,1.0,Arena Pantanal,Cuiaba,MT,Campeonato Brasileiro,played,DRAW
2022,12518,7,820744,70,GRUPO ÚNICO,2022-05-22,19:00,20052,Athletico Paranaense,2.0,20058,Avaí,1.0,Arena da Baixada,Curitiba,PR,Campeonato Brasileiro,played,HOME
2022,12518,8,820745,71,GRUPO ÚNICO,2022-05-29,19:00,20003,Atlético Mineiro,2.0,20058,Avaí,1.0,Mineirão,Belo Horizonte,MG,Campeonato Brasileiro,played,HOME
2022,12518,8,820746,72,GRUPO ÚNICO,2022-05-29,18:00,20014,Fluminense,1.0,20016,Flamengo,2.0,Maracanã,Rio de Janeiro,RJ,Campeonato Brasileiro,played,AWAY
2022,12518,8,820747,73,GRUPO ÚNICO,2022-05-28,19:00,20005,São Paulo,2.0,20031,Ceará,2.0,Morumbi,Sao Paulo,SP,Campeonato Brasileiro,played,DRAW
2022,12518,8,820748,74,GRUPO ÚNICO,2022-05-29,18:00,20001,Corinthians,1.0,59897,América,1.0,Neo Química Arena,Sao Paulo,SP,Campeonato Brasileiro,played,DRAW
2022,12518,8,820749,75,GRUPO ÚNICO,2022-05-29,16:00,20008,Santos FC,0.0,20002,Palmeiras,1.0,Vila Belmiro,Santos,SP,Campeonato Brasileiro,played,AWAY
2022,12518,8,820750,76,GRUPO ÚNICO,2022-05-30,20:00,20011,Internacional,1.0,20093,Atlético,1.0,Beira-Rio,Porto Alegre,RS,Campeonato Brasileiro,played,DRAW
2022,12518,8,820751,77,GRUPO ÚNICO,2022-05-28,20:30,20048,Fortaleza Esporte Clube,1.0,20027,Juventude,1.0,Arena Castelão,Fortaleza,CE,Campeonato Brasileiro,played,DRAW
2022,12518,8,820752,78,GRUPO ÚNICO,2022-05-28,16:30,20028,Goiás,1.0,20007,Red Bull Bragantino,1.0,Hailé Pinheiro,Goiania,GO,Campeonato Brasileiro,played,DRAW
2022,12518,8,820753,79,GRUPO ÚNICO,2022-05-29,18:00,20800,Cuiabá,0.0,20052,Athletico Paranaense,1.0,Arena Pantanal,Cuiaba,MT,Campeonato Brasileiro,played,AWAY
2022,12518,8,820754,80,GRUPO ÚNICO,2022-05-29,16:00,20025,Coritiba,1.0,60175,Botafogo,0.0,Couto Pereira,Curitiba,PR,Campeonato Brasileiro,played,HOME
2022,12518,9,820755,81,GRUPO ÚNICO,2022-06-04,16:30,59897,América,2.0,20800,Cuiabá,1.0,Independência,Belo Horizonte,MG,Campeonato Brasileiro,played,HOME
2022,12518,9,820756,82,GRUPO ÚNICO,2022-06-05,16:00,20016,Flamengo,1.0,20048,Fortaleza Esporte Clube,2.0,Maracanã,Rio de Janeiro,RJ,Campeonato Brasileiro,played,AWAY
2022,12518,9,820757,83,GRUPO ÚNICO,2022-06-05,19:00,20007,Red Bull Bragantino,0.0,20011,Internacional,2.0,Nabi Abi Chedid,Braganca Paulista,SP,Campeonato Brasileiro,played,AWAY
2022,12518,9,820758,84,GRUPO ÚNICO,2022-06-05,16:00,20002,Palmeiras,0.0,20003,Atlético Mineiro,0.0,Nubank Parque,Sao Paulo,SP,Campeonato Brasileiro,played,DRAW
2022,12518,9,820759,85,GRUPO ÚNICO,2022-06-06,20:00,60175,Botafogo,1.0,20028,Goiás,2.0,Nilton Santos,Rio de Janeiro,RJ,Campeonato Brasileiro,played,AWAY
2022,12518,9,820760,86,GRUPO ÚNICO,2022-06-05,11:00,20027,Juventude,1.0,20014,Fluminense,0.0,Alfredo Jaconi,Caxias do Sul,RS,Campeonato Brasileiro,played,HOME
2022,12518,9,820761,87,GRUPO ÚNICO,2022-06-04,19:00,20031,Ceará,1.0,20025,Coritiba,1.0,Arena Castelão,Fortaleza,CE,Campeonato Brasileiro,played,DRAW
2022,12518,9,820762,88,GRUPO ÚNICO,2022-06-04,20:30,20093,Atlético,0.0,20001,Corinthians,1.0,Antônio Accioly,Goiania,GO,Campeonato Brasileiro,played,AWAY
2022,12518,9,820763,89,GRUPO ÚNICO,2022-06-04,19:00,20058,Avaí,1.0,20005,São Paulo,1.0,Ressacada,Florianopolis,SC,Campeonato Brasileiro,played,DRAW
2022,12518,9,820764,90,GRUPO ÚNICO,2022-06-04,19:00,20052,Athletico Paranaense,2.0,20008,Santos FC,2.0,Arena da Baixada,Curitiba,PR,Campeonato Brasileiro,played,DRAW
2022,12518,10,820765,91,GRUPO ÚNICO,2022-06-08,19:00,59897,América,0.0,20031,Ceará,2.0,Independência,Belo Horizonte,MG,Campeonato Brasileiro,played,AWAY
2022,12518,10,820766,92,GRUPO ÚNICO,2022-06-08,21:30,20014,Fluminense,5.0,20003,Atlético Mineiro,3.0,Maracanã,Rio de Janeiro,RJ,Campeonato Brasileiro,played,HOME
2022,12518,10,820767,93,GRUPO ÚNICO,2022-06-08,20:30,20007,Red Bull Bragantino,1.0,20016,Flamengo,0.0,Nabi Abi Chedid,Braganca Paulista,SP,Campeonato Brasileiro,played,HOME
2022,12518,10,820768,94,GRUPO ÚNICO,2022-06-09,19:00,20002,Palmeiras,4.0,60175,Botafogo,0.0,Nubank Parque,Sao Paulo,SP,Campeonato Brasileiro,played,HOME
2022,12518,10,820769,95,GRUPO ÚNICO,2022-06-08,21:30,20008,Santos FC,1.0,20011,Internacional,1.0,Vila Belmiro,Santos,SP,Campeonato Brasileiro,played,DRAW
2022,12518,10,820770,96,GRUPO ÚNICO,2022-06-08,19:00,20027,Juventude,1.0,20052,Athletico Paranaense,3.0,Alfredo Jaconi,Caxias do Sul,RS,Campeonato Brasileiro,played,AWAY
2022,12518,10,820771,97,GRUPO ÚNICO,2022-06-09,20:00,20048,Fortaleza Esporte Clube,1.0,20028,Goiás,1.0,Arena Castelão,Fortaleza,CE,Campeonato Brasileiro,played,DRAW
2022,12518,10,820772,98,GRUPO ÚNICO,2022-06-08,20:30,20093,Atlético,2.0,20058,Avaí,1.0,Antônio Accioly,Goiania,GO,Campeonato Brasileiro,played,HOME
2022,12518,10,820773,99,GRUPO ÚNICO,2022-06-07,21:30,20800,Cuiabá,1.0,20001,Corinthians,0.0,Arena Pantanal,Cuiaba,MT,Campeonato Brasileiro,played,HOME
2022,12518,10,820774,100,GRUPO ÚNICO,2022-06-09,20:00,20025,Coritiba,1.0,20005,São Paulo,1.0,Couto Pereira,Curitiba,PR,Campeonato Brasileiro,played,DRAW
2022,12518,11,820775,101,GRUPO ÚNICO,2022-06-11,19:00,20003,Atlético Mineiro,1.0,20008,Santos FC,1.0,Mineirão,Belo Horizonte,MG,Campeonato Brasileiro,played,DRAW
2022,12518,11,820776,102,GRUPO ÚNICO,2022-06-11,19:00,20014,Fluminense,0.0,20093,Atlético,2.0,Maracanã,Rio de Janeiro,RJ,Campeonato Brasileiro,played,AWAY
2022,12518,11,820777,103,GRUPO ÚNICO,2022-06-12,16:00,20005,São Paulo,1.0,59897,América,0.0,Morumbi,Sao Paulo,SP,Campeonato Brasileiro,played,HOME
2022,12518,11,820778,104,GRUPO ÚNICO,2022-06-11,16:30,20001,Corinthians,2.0,20027,Juventude,0.0,Neo Química Arena,Sao Paulo,SP,Campeonato Brasileiro,played,HOME
2022,12518,11,820779,105,GRUPO ÚNICO,2022-06-13,19:00,60175,Botafogo,0.0,20058,Avaí,1.0,Nilton Santos,Rio de Janeiro,RJ,Campeonato Brasileiro,played,AWAY
2022,12518,11,820780,106,GRUPO ÚNICO,2022-06-11,21:00,20011,Internacional,3.0,20016,Flamengo,1.0,Beira-Rio,Porto Alegre,RS,Campeonato Brasileiro,played,HOME
2022,12518,11,820781,107,GRUPO ÚNICO,2022-06-12,19:00,20048,Fortaleza Esporte Clube,0.0,20052,Athletico Paranaense,0.0,Arena Castelão,Fortaleza,CE,Campeonato Brasileiro,played,DRAW
2022,12518,11,820782,108,GRUPO ÚNICO,2022-06-12,16:00,20028,Goiás,1.0,20031,Ceará,1.0,Hailé Pinheiro,Goiania,GO,Campeonato Brasileiro,played,DRAW
2022,12518,11,820783,109,GRUPO ÚNICO,2022-06-11,19:00,20800,Cuiabá,1.0,20007,Red Bull Bragantino,1.0,Arena Pantanal,Cuiaba,MT,Campeonato Brasileiro,played,DRAW
2022,12518,11,820784,110,GRUPO ÚNICO,2022-06-12,18:00,20025,Coritiba,0.0,20002,Palmeiras,2.0,Couto Pereira,Curitiba,PR,Campeonato Brasileiro,played,AWAY
2022,12518,12,820785,111,GRUPO ÚNICO,2022-06-15,21:30,59897,América,0.0,20014,Fluminense,0.0,Independência,Belo Horizonte,MG,Campeonato Brasileiro,played,DRAW
2022,12518,12,820786,112,GRUPO ÚNICO,2022-06-15,20:30,20016,Flamengo,2.0,20800,Cuiabá,0.0,Maracanã,Rio de Janeiro,RJ,Campeonato Brasileiro,played,HOME
2022,12518,12,820787,113,GRUPO ÚNICO,2022-06-15,19:00,20007,Red Bull Bragantino,4.0,20025,Coritiba,2.0,Nabi Abi Chedid,Braganca Paulista,SP,Campeonato Brasileiro,played,HOME
2022,12518,12,820788,114,GRUPO ÚNICO,2022-06-16,18:00,20002,Palmeiras,4.0,20093,Atlético,2.0,Nubank Parque,Sao Paulo,SP,Campeonato Brasileiro,played,HOME
2022,12518,12,820789,115,GRUPO ÚNICO,2022-06-16,16:00,60175,Botafogo,1.0,20005,São Paulo,0.0,Nilton Santos,Rio de Janeiro,RJ,Campeonato Brasileiro,played,HOME
2022,12518,12,820790,116,GRUPO ÚNICO,2022-06-14,21:30,20027,Juventude,1.0,20008,Santos FC,2.0,Alfredo Jaconi,Caxias do Sul,RS,Campeonato Brasileiro,played,AWAY
2022,12518,12,820791,117,GRUPO ÚNICO,2022-06-15,19:00,20031,Ceará,0.0,20003,Atlético Mineiro,0.0,Arena Castelão,Fortaleza,CE,Campeonato Brasileiro,played,DRAW
2022,12518,12,820792,118,GRUPO ÚNICO,2022-06-15,20:30,20028,Goiás,1.0,20011,Internacional,2.0,Hailé Pinheiro,Goiania,GO,Campeonato Brasileiro,played,AWAY
2022,12518,12,820793,119,GRUPO ÚNICO,2022-06-16,19:00,20058,Avaí,3.0,20048,Fortaleza Esporte Clube,2.0,Ressacada,Florianopolis,SC,Campeonato Brasileiro,played,HOME
2022,12518,12,820794,120,GRUPO ÚNICO,2022-06-15,21:30,20052,Athletico Paranaense,1.0,20001,Corinthians,1.0,Arena da Baixada,Curitiba,PR,Campeonato Brasileiro,played,DRAW
2022,12518,13,821375,121,GRUPO ÚNICO,2022-06-19,16:00,20003,Atlético Mineiro,2.0,20016,Flamengo,0.0,Mineirão,Belo Horizonte,MG,Campeonato Brasileiro,played,HOME
2022,12518,13,821376,122,GRUPO ÚNICO,2022-06-19,19:00,20014,Fluminense,2.0,20058,Avaí,0.0,Maracanã,Rio de Janeiro,RJ,Campeonato Brasileiro,played,HOME
2022,12518,13,821377,123,GRUPO ÚNICO,2022-06-20,20:00,20005,São Paulo,1.0,20002,Palmeiras,2.0,Morumbi,Sao Paulo,SP,Campeonato Brasileiro,played,AWAY
2022,12518,13,821378,124,GRUPO ÚNICO,2022-06-19,16:00,20001,Corinthians,1.0,20028,Goiás,0.0,Neo Química Arena,Sao Paulo,SP,Campeonato Brasileiro,played,HOME
2022,12518,13,821379,125,GRUPO ÚNICO,2022-06-18,21:00,20008,Santos FC,2.0,20007,Red Bull Bragantino,2.0,Vila Belmiro,Santos,SP,Campeonato Brasileiro,played,DRAW
2022,12518,13,821380,126,GRUPO ÚNICO,2022-06-19,18:00,20011,Internacional,2.0,60175,Botafogo,3.0,Beira-Rio,Porto Alegre,RS,Campeonato Brasileiro,played,AWAY
2022,12518,13,821381,127,GRUPO ÚNICO,2022-06-19,18:00,20048,Fortaleza Esporte Clube,1.0,59897,América,0.0,Arena Castelão,Fortaleza,CE,Campeonato Brasileiro,played,HOME
2022,12518,13,821382,128,GRUPO ÚNICO,2022-06-19,18:00,20093,Atlético,3.0,20027,Juventude,1.0,Antônio Accioly,Goiania,GO,Campeonato Brasileiro,played,HOME
2022,12518,13,821383,129,GRUPO ÚNICO,2022-06-18,19:00,20800,Cuiabá,0.0,20031,Ceará,0.0,Arena Pantanal,Cuiaba,MT,Campeonato Brasileiro,played,DRAW
2022,12518,13,821384,130,GRUPO ÚNICO,2022-06-19,16:00,20025,Coritiba,0.0,20052,Athletico Paranaense,1.0,Couto Pereira,Curitiba,PR,Campeonato Brasileiro,played,AWAY
2022,12518,14,821385,131,GRUPO ÚNICO,2022-06-25,21:00,20003,Atlético Mineiro,3.0,20048,Fortaleza Esporte Clube,2.0,Mineirão,Belo Horizonte,MG,Campeonato Brasileiro,played,HOME
2022,12518,14,821386,132,GRUPO ÚNICO,2022-06-25,19:00,20016,Flamengo,3.0,59897,América,0.0,Maracanã,Rio de Janeiro,RJ,Campeonato Brasileiro,played,HOME
2022,12518,14,821387,133,GRUPO ÚNICO,2022-06-26,18:00,20005,São Paulo,0.0,20027,Juventude,0.0,Morumbi,Sao Paulo,SP,Campeonato Brasileiro,played,DRAW
2022,12518,14,821388,134,GRUPO ÚNICO,2022-06-25,19:00,20001,Corinthians,0.0,20008,Santos FC,0.0,Neo Química Arena,Sao Paulo,SP,Campeonato Brasileiro,played,DRAW
2022,12518,14,821389,135,GRUPO ÚNICO,2022-06-26,16:00,60175,Botafogo,0.0,20014,Fluminense,1.0,Nilton Santos,Rio de Janeiro,RJ,Campeonato Brasileiro,played,AWAY
2022,12518,14,821390,136,GRUPO ÚNICO,2022-06-24,21:30,20011,Internacional,3.0,20025,Coritiba,0.0,Beira-Rio,Porto Alegre,RS,Campeonato Brasileiro,played,HOME
2022,12518,14,821391,137,GRUPO ÚNICO,2022-06-26,18:00,20031,Ceará,1.0,20093,Atlético,1.0,Arena Castelão,Fortaleza,CE,Campeonato Brasileiro,played,DRAW
2022,12518,14,821392,138,GRUPO ÚNICO,2022-06-26,18:00,20028,Goiás,1.0,20800,Cuiabá,0.0,Hailé Pinheiro,Goiania,GO,Campeonato Brasileiro,played,HOME
2022,12518,14,821393,139,GRUPO ÚNICO,2022-06-26,16:00,20058,Avaí,2.0,20002,Palmeiras,2.0,Ressacada,Florianopolis,SC,Campeonato Brasileiro,played,DRAW
2022,12518,14,821394,140,GRUPO ÚNICO,2022-06-25,16:30,20052,Athletico Paranaense,4.0,20007,Red Bull Bragantino,2.0,Arena da Baixada,Curitiba,PR,Campeonato Brasileiro,played,HOME
2022,12518,15,821395,141,GRUPO ÚNICO,2022-07-03,18:00,59897,América,1.0,20028,Goiás,0.0,Independência,Belo Horizonte,MG,Campeonato Brasileiro,played,HOME
2022,12518,15,821396,142,GRUPO ÚNICO,2022-07-02,16:30,20014,Fluminense,4.0,20001,Corinthians,0.0,Maracanã,Rio de Janeiro,RJ,Campeonato Brasileiro,played,HOME
2022,12518,15,821397,143,GRUPO ÚNICO,2022-07-04,20:00,20007,Red Bull Bragantino,0.0,60175,Botafogo,1.0,Nabi Abi Chedid,Braganca Paulista,SP,Campeonato Brasileiro,played,AWAY
2022,12518,15,821400,144,GRUPO ÚNICO,2022-07-02,21:00,20002,Palmeiras,0.0,20052,Athletico Paranaense,2.0,Nubank Parque,Sao Paulo,SP,Campeonato Brasileiro,played,AWAY
2022,12518,15,821401,145,GRUPO ÚNICO,2022-07-02,19:00,20008,Santos FC,1.0,20016,Flamengo,2.0,Vila Belmiro,Santos,SP,Campeonato Brasileiro,played,AWAY
2022,12518,15,821402,146,GRUPO ÚNICO,2022-07-02,16:30,20027,Juventude,1.0,20003,Atlético Mineiro,2.0,Alfredo Jaconi,Caxias do Sul,RS,Campeonato Brasileiro,played,AWAY
2022,12518,15,821403,147,GRUPO ÚNICO,2022-07-02,19:00,20031,Ceará,1.0,20011,Internacional,1.0,Arena Castelão,Fortaleza,CE,Campeonato Brasileiro,played,DRAW
2022,12518,15,821404,148,GRUPO ÚNICO,2022-07-03,16:00,20093,Atlético,1.0,20005,São Paulo,2.0,Antônio Accioly,Goiania,GO,Campeonato Brasileiro,played,AWAY
2022,12518,15,821405,149,GRUPO ÚNICO,2022-07-03,11:00,20058,Avaí,1.0,20800,Cuiabá,2.0,Ressacada,Florianopolis,SC,Campeonato Brasileiro,played,AWAY
2022,12518,15,821406,150,GRUPO ÚNICO,2022-07-03,18:00,20025,Coritiba,2.0,20048,Fortaleza Esporte Clube,1.0,Couto Pereira,Curitiba,PR,Campeonato Brasileiro,played,HOME
2022,12518,16,821407,151,GRUPO ÚNICO,2022-07-10,18:00,20003,Atlético Mineiro,0.0,20005,São Paulo,0.0,Mineirão,Belo Horizonte,MG,Campeonato Brasileiro,played,DRAW
2022,12518,16,821408,152,GRUPO ÚNICO,2022-07-09,19:00,20014,Fluminense,2.0,20031,Ceará,1.0,Maracanã,Rio de Janeiro,RJ,Campeonato Brasileiro,played,HOME
2022,12518,16,821411,153,GRUPO ÚNICO,2022-07-09,16:30,20007,Red Bull Bragantino,4.0,20058,Avaí,0.0,Nabi Abi Chedid,Braganca Paulista,SP,Campeonato Brasileiro,played,HOME
2022,12518,16,821412,154,GRUPO ÚNICO,2022-07-10,16:00,20001,Corinthians,1.0,20016,Flamengo,0.0,Neo Química Arena,Sao Paulo,SP,Campeonato Brasileiro,played,HOME
2022,12518,16,821413,155,GRUPO ÚNICO,2022-07-10,18:00,20008,Santos FC,1.0,20093,Atlético,0.0,Vila Belmiro,Santos,SP,Campeonato Brasileiro,played,HOME
2022,12518,16,821414,156,GRUPO ÚNICO,2022-07-11,20:00,20011,Internacional,1.0,59897,América,0.0,Beira-Rio,Porto Alegre,RS,Campeonato Brasileiro,played,HOME
2022,12518,16,821415,157,GRUPO ÚNICO,2022-07-10,18:00,20048,Fortaleza Esporte Clube,0.0,20002,Palmeiras,0.0,Arena Castelão,Fortaleza,CE,Campeonato Brasileiro,played,DRAW
2022,12518,16,821416,158,GRUPO ÚNICO,2022-07-09,20:30,20028,Goiás,2.0,20052,Athletico Paranaense,1.0,Hailé Pinheiro,Goiania,GO,Campeonato Brasileiro,played,HOME
2022,12518,16,821417,159,GRUPO ÚNICO,2022-07-10,19:00,20800,Cuiabá,2.0,60175,Botafogo,0.0,Arena Pantanal,Cuiaba,MT,Campeonato Brasileiro,played,HOME
2022,12518,16,821418,160,GRUPO ÚNICO,2022-07-10,11:00,20025,Coritiba,2.0,20027,Juventude,2.0,Couto Pereira,Curitiba,PR,Campeonato Brasileiro,played,DRAW
2022,12518,17,821419,161,GRUPO ÚNICO,2022-07-17,19:00,59897,América,0.0,20007,Red Bull Bragantino,3.0,Independência,Belo Horizonte,MG,Campeonato Brasileiro,played,AWAY
2022,12518,17,821420,162,GRUPO ÚNICO,2022-07-16,19:00,20016,Flamengo,2.0,20025,Coritiba,0.0,Mané Garrincha,Brasilia,DF,Campeonato Brasileiro,played,HOME
2022,12518,17,821421,163,GRUPO ÚNICO,2022-07-17,16:00,20005,São Paulo,2.0,20014,Fluminense,2.0,Morumbi,Sao Paulo,SP,Campeonato Brasileiro,played,DRAW
2022,12518,17,821422,164,GRUPO ÚNICO,2022-07-18,20:00,20002,Palmeiras,1.0,20800,Cuiabá,0.0,Nubank Parque,Sao Paulo,SP,Campeonato Brasileiro,played,HOME
2022,12518,17,821423,165,GRUPO ÚNICO,2022-07-17,18:00,60175,Botafogo,0.0,20003,Atlético Mineiro,1.0,Nilton Santos,Rio de Janeiro,RJ,Campeonato Brasileiro,played,AWAY
2022,12518,17,821424,166,GRUPO ÚNICO,2022-07-17,11:00,20027,Juventude,0.0,20028,Goiás,0.0,Alfredo Jaconi,Caxias do Sul,RS,Campeonato Brasileiro,played,DRAW
2022,12518,17,821425,167,GRUPO ÚNICO,2022-07-16,21:00,20031,Ceará,3.0,20001,Corinthians,1.0,Arena Castelão,Fortaleza,CE,Campeonato Brasileiro,played,HOME
2022,12518,17,821426,168,GRUPO ÚNICO,2022-07-17,18:00,20093,Atlético,0.0,20048,Fortaleza Esporte Clube,1.0,Antônio Accioly,Goiania,GO,Campeonato Brasileiro,played,AWAY
2022,12518,17,821427,169,GRUPO ÚNICO,2022-07-16,19:00,20058,Avaí,1.0,20008,Santos FC,0.0,Ressacada,Florianopolis,SC,Campeonato Brasileiro,played,HOME
2022,12518,17,821428,170,GRUPO ÚNICO,2022-07-16,16:30,20052,Athletico Paranaense,0.0,20011,Internacional,0.0,Arena da Baixada,Curitiba,PR,Campeonato Brasileiro,played,DRAW
2022,12518,18,821429,171,GRUPO ÚNICO,2022-07-21,20:00,59897,América,0.0,20002,Palmeiras,1.0,Independência,Belo Horizonte,MG,Campeonato Brasileiro,played,AWAY
2022,12518,18,821430,172,GRUPO ÚNICO,2022-07-20,20:30,20016,Flamengo,4.0,20027,Juventude,0.0,Mané Garrincha,Brasilia,DF,Campeonato Brasileiro,played,HOME
2022,12518,18,821431,173,GRUPO ÚNICO,2022-07-20,19:00,20007,Red Bull Bragantino,2.0,20048,Fortaleza Esporte Clube,1.0,Nabi Abi Chedid,Braganca Paulista,SP,Campeonato Brasileiro,played,HOME
2022,12518,18,821432,174,GRUPO ÚNICO,2022-07-20,21:30,20001,Corinthians,3.0,20025,Coritiba,1.0,Neo Química Arena,Sao Paulo,SP,Campeonato Brasileiro,played,HOME
2022,12518,18,821433,175,GRUPO ÚNICO,2022-07-20,21:30,20008,Santos FC,2.0,60175,Botafogo,0.0,Vila Belmiro,Santos,SP,Campeonato Brasileiro,played,HOME
2022,12518,18,821434,176,GRUPO ÚNICO,2022-07-20,20:30,20011,Internacional,3.0,20005,São Paulo,3.0,Beira-Rio,Porto Alegre,RS,Campeonato Brasileiro,played,DRAW
2022,12518,18,821435,177,GRUPO ÚNICO,2022-07-19,21:30,20031,Ceará,1.0,20058,Avaí,0.0,Arena Castelão,Fortaleza,CE,Campeonato Brasileiro,played,HOME
2022,12518,18,821436,178,GRUPO ÚNICO,2022-07-20,19:00,20028,Goiás,2.0,20014,Fluminense,3.0,Hailé Pinheiro,Goiania,GO,Campeonato Brasileiro,played,AWAY
2022,12518,18,821437,179,GRUPO ÚNICO,2022-07-21,19:00,20800,Cuiabá,1.0,20003,Atlético Mineiro,1.0,Arena Pantanal,Cuiaba,MT,Campeonato Brasileiro,played,DRAW
2022,12518,18,821438,180,GRUPO ÚNICO,2022-07-20,19:30,20052,Athletico Paranaense,4.0,20093,Atlético,1.0,Arena da Baixada,Curitiba,PR,Campeonato Brasileiro,played,HOME
2022,12518,19,821439,181,GRUPO ÚNICO,2022-07-24,18:00,20003,Atlético Mineiro,1.0,20001,Corinthians,2.0,Mineirão,Belo Horizonte,MG,Campeonato Brasileiro,played,AWAY
2022,12518,19,821440,182,GRUPO ÚNICO,2022-07-24,16:00,20014,Fluminense,2.0,20007,Red Bull Bragantino,1.0,Raulino de Oliveira,Volta Redonda,RJ,Campeonato Brasileiro,played,HOME
2022,12518,19,821441,183,GRUPO ÚNICO,2022-07-23,19:00,20005,São Paulo,3.0,20028,Goiás,3.0,Morumbi,Sao Paulo,SP,Campeonato Brasileiro,played,DRAW
2022,12518,19,821442,184,GRUPO ÚNICO,2022-07-24,16:00,20002,Palmeiras,2.0,20011,Internacional,1.0,Nubank Parque,Sao Paulo,SP,Campeonato Brasileiro,played,HOME
2022,12518,19,821443,185,GRUPO ÚNICO,2022-07-23,21:00,60175,Botafogo,2.0,20052,Athletico Paranaense,0.0,Nilton Santos,Rio de Janeiro,RJ,Campeonato Brasileiro,played,HOME
2022,12518,19,821444,186,GRUPO ÚNICO,2022-07-24,16:00,20027,Juventude,1.0,20031,Ceará,0.0,Alfredo Jaconi,Caxias do Sul,RS,Campeonato Brasileiro,played,HOME
2022,12518,19,821445,187,GRUPO ÚNICO,2022-07-24,19:00,20048,Fortaleza Esporte Clube,0.0,20008,Santos FC,0.0,Arena Castelão,Fortaleza,CE,Campeonato Brasileiro,played,DRAW
2022,12518,19,821446,188,GRUPO ÚNICO,2022-07-24,18:00,20093,Atlético,0.0,59897,América,1.0,Antônio Accioly,Goiania,GO,Campeonato Brasileiro,played,AWAY
2022,12518,19,821447,189,GRUPO ÚNICO,2022-07-24,11:00,20058,Avaí,1.0,20016,Flamengo,2.0,Ressacada,Florianopolis,SC,Campeonato Brasileiro,played,AWAY
2022,12518,19,821448,190,GRUPO ÚNICO,2022-07-25,20:00,20025,Coritiba,1.0,20800,Cuiabá,0.0,Couto Pereira,Curitiba,PR,Campeonato Brasileiro,played,HOME
2022,12518,20,821449,191,GRUPO ÚNICO,2022-07-31,18:00,59897,América,3.0,20058,Avaí,1.0,Independência,Belo Horizonte,MG,Campeonato Brasileiro,played,HOME
2022,12518,20,821450,192,GRUPO ÚNICO,2022-07-30,20:30,20016,Flamengo,4.0,20093,Atlético,1.0,Maracanã,Rio de Janeiro,RJ,Campeonato Brasileiro,played,HOME
2022,12518,20,821451,193,GRUPO ÚNICO,2022-07-31,19:00,20007,Red Bull Bragantino,1.0,20027,Juventude,0.0,Nabi Abi Chedid,Braganca Paulista,SP,Campeonato Brasileiro,played,HOME
2022,12518,20,821452,194,GRUPO ÚNICO,2022-07-30,19:00,20001,Corinthians,1.0,60175,Botafogo,0.0,Neo Química Arena,Sao Paulo,SP,Campeonato Brasileiro,played,HOME
2022,12518,20,821453,195,GRUPO ÚNICO,2022-08-01,20:00,20008,Santos FC,2.0,20014,Fluminense,2.0,Vila Belmiro,Santos,SP,Campeonato Brasileiro,played,DRAW
2022,12518,20,821454,196,GRUPO ÚNICO,2022-07-31,16:00,20011,Internacional,3.0,20003,Atlético Mineiro,0.0,Beira-Rio,Porto Alegre,RS,Campeonato Brasileiro,played,HOME
2022,12518,20,821455,197,GRUPO ÚNICO,2022-07-30,16:30,20031,Ceará,1.0,20002,Palmeiras,2.0,Arena Castelão,Fortaleza,CE,Campeonato Brasileiro,played,AWAY
2022,12518,20,821456,198,GRUPO ÚNICO,2022-07-30,16:30,20028,Goiás,1.0,20025,Coritiba,0.0,Hailé Pinheiro,Goiania,GO,Campeonato Brasileiro,played,HOME
2022,12518,20,821457,199,GRUPO ÚNICO,2022-07-31,18:00,20800,Cuiabá,0.0,20048,Fortaleza Esporte Clube,1.0,Arena Pantanal,Cuiaba,MT,Campeonato Brasileiro,played,AWAY
2022,12518,20,821458,200,GRUPO ÚNICO,2022-07-31,16:00,20052,Athletico Paranaense,1.0,20005,São Paulo,0.0,Arena da Baixada,Curitiba,PR,Campeonato Brasileiro,played,HOME
2022,12518,21,821463,201,GRUPO ÚNICO,2022-08-07,19:00,20003,Atlético Mineiro,2.0,20052,Athletico Paranaense,3.0,Mineirão,Belo Horizonte,MG,Campeonato Brasileiro,played,AWAY
2022,12518,21,821464,202,GRUPO ÚNICO,2022-08-07,16:00,20014,Fluminense,1.0,20800,Cuiabá,0.0,Maracanã,Rio de Janeiro,RJ,Campeonato Brasileiro,played,HOME
2022,12518,21,821465,203,GRUPO ÚNICO,2022-08-06,20:30,20005,São Paulo,0.0,20016,Flamengo,2.0,Morumbi,Sao Paulo,SP,Campeonato Brasileiro,played,AWAY
2022,12518,21,821466,204,GRUPO ÚNICO,2022-08-07,16:00,20002,Palmeiras,3.0,20028,Goiás,0.0,Nubank Parque,Sao Paulo,SP,Campeonato Brasileiro,played,HOME
2022,12518,21,821467,205,GRUPO ÚNICO,2022-08-06,16:30,60175,Botafogo,1.0,20031,Ceará,1.0,Nilton Santos,Rio de Janeiro,RJ,Campeonato Brasileiro,played,DRAW
2022,12518,21,821468,206,GRUPO ÚNICO,2022-08-06,16:30,20027,Juventude,0.0,59897,América,1.0,Alfredo Jaconi,Caxias do Sul,RS,Campeonato Brasileiro,played,AWAY
2022,12518,21,821469,207,GRUPO ÚNICO,2022-08-07,18:00,20048,Fortaleza Esporte Clube,3.0,20011,Internacional,0.0,Arena Castelão,Fortaleza,CE,Campeonato Brasileiro,played,HOME
2022,12518,21,821471,208,GRUPO ÚNICO,2022-08-06,19:00,20093,Atlético,2.0,20007,Red Bull Bragantino,1.0,Antônio Accioly,Goiania,GO,Campeonato Brasileiro,played,HOME
2022,12518,21,821472,209,GRUPO ÚNICO,2022-08-06,19:00,20058,Avaí,1.0,20001,Corinthians,1.0,Ressacada,Florianopolis,SC,Campeonato Brasileiro,played,DRAW
2022,12518,21,821473,210,GRUPO ÚNICO,2022-08-08,20:00,20025,Coritiba,1.0,20008,Santos FC,2.0,Couto Pereira,Curitiba,PR,Campeonato Brasileiro,played,AWAY
2022,12518,22,821474,211,GRUPO ÚNICO,2022-08-14,18:00,59897,América,1.0,20008,Santos FC,0.0,Independência,Belo Horizonte,MG,Campeonato Brasileiro,played,HOME
2022,12518,22,821475,212,GRUPO ÚNICO,2022-08-14,16:00,20016,Flamengo,5.0,20052,Athletico Paranaense,0.0,Maracanã,Rio de Janeiro,RJ,Campeonato Brasileiro,played,HOME
2022,12518,22,821476,213,GRUPO ÚNICO,2022-08-14,16:00,20005,São Paulo,3.0,20007,Red Bull Bragantino,0.0,Morumbi,Sao Paulo,SP,Campeonato Brasileiro,played,HOME
2022,12518,22,821477,214,GRUPO ÚNICO,2022-08-13,19:00,20001,Corinthians,0.0,20002,Palmeiras,1.0,Neo Química Arena,Sao Paulo,SP,Campeonato Brasileiro,played,AWAY
2022,12518,22,821478,215,GRUPO ÚNICO,2022-08-13,21:00,60175,Botafogo,0.0,20093,Atlético,0.0,Nilton Santos,Rio de Janeiro,RJ,Campeonato Brasileiro,played,DRAW
2022,12518,22,821479,216,GRUPO ÚNICO,2022-08-14,19:00,20011,Internacional,3.0,20014,Fluminense,0.0,Beira-Rio,Porto Alegre,RS,Campeonato Brasileiro,played,HOME
2022,12518,22,821480,217,GRUPO ÚNICO,2022-08-14,16:00,20031,Ceará,0.0,20048,Fortaleza Esporte Clube,1.0,Arena Castelão,Fortaleza,CE,Campeonato Brasileiro,played,AWAY
2022,12518,22,821481,218,GRUPO ÚNICO,2022-08-13,16:30,20028,Goiás,1.0,20058,Avaí,1.0,Hailé Pinheiro,Goiania,GO,Campeonato Brasileiro,played,DRAW
2022,12518,22,821482,219,GRUPO ÚNICO,2022-08-13,20:30,20800,Cuiabá,1.0,20027,Juventude,0.0,Arena Pantanal,Cuiaba,MT,Campeonato Brasileiro,played,HOME
2022,12518,22,821483,220,GRUPO ÚNICO,2022-08-14,11:00,20025,Coritiba,0.0,20003,Atlético Mineiro,1.0,Couto Pereira,Curitiba,PR,Campeonato Brasileiro,played,AWAY
2022,12518,23,821484,221,GRUPO ÚNICO,2022-08-20,16:30,20003,Atlético Mineiro,0.0,20028,Goiás,1.0,Mineirão,Belo Horizonte,MG,Campeonato Brasileiro,played,AWAY
2022,12518,23,821485,222,GRUPO ÚNICO,2022-08-20,19:00,20014,Fluminense,5.0,20025,Coritiba,2.0,Maracanã,Rio de Janeiro,RJ,Campeonato Brasileiro,played,HOME
2022,12518,23,821486,223,GRUPO ÚNICO,2022-08-21,18:00,20007,Red Bull Bragantino,1.0,20031,Ceará,1.0,Nabi Abi Chedid,Braganca Paulista,SP,Campeonato Brasileiro,played,DRAW
2022,12518,23,821487,224,GRUPO ÚNICO,2022-08-21,16:00,20002,Palmeiras,1.0,20016,Flamengo,1.0,Nubank Parque,Sao Paulo,SP,Campeonato Brasileiro,played,DRAW
2022,12518,23,821488,225,GRUPO ÚNICO,2022-08-21,19:00,20008,Santos FC,1.0,20005,São Paulo,0.0,Vila Belmiro,Santos,SP,Campeonato Brasileiro,played,HOME
2022,12518,23,821489,226,GRUPO ÚNICO,2022-08-21,11:00,20027,Juventude,2.0,60175,Botafogo,2.0,Alfredo Jaconi,Caxias do Sul,RS,Campeonato Brasileiro,played,DRAW
2022,12518,23,821490,227,GRUPO ÚNICO,2022-08-21,18:00,20048,Fortaleza Esporte Clube,1.0,20001,Corinthians,0.0,Arena Castelão,Fortaleza,CE,Campeonato Brasileiro,played,HOME
2022,12518,23,821491,228,GRUPO ÚNICO,2022-08-21,18:00,20093,Atlético,1.0,20800,Cuiabá,1.0,Antônio Accioly,Goiania,GO,Campeonato Brasileiro,played,DRAW
2022,12518,23,821492,229,GRUPO ÚNICO,2022-08-22,20:00,20058,Avaí,0.0,20011,Internacional,1.0,Ressacada,Florianopolis,SC,Campeonato Brasileiro,played,AWAY
2022,12518,23,821493,230,GRUPO ÚNICO,2022-08-21,18:00,20052,Athletico Paranaense,1.0,59897,América,1.0,Arena da Baixada,Curitiba,PR,Campeonato Brasileiro,played,DRAW
2022,12518,24,821494,231,GRUPO ÚNICO,2022-08-28,16:00,59897,América,1.0,20003,Atlético Mineiro,1.0,Independência,Belo Horizonte,MG,Campeonato Brasileiro,played,DRAW
2022,12518,24,821495,232,GRUPO ÚNICO,2022-08-27,19:00,20014,Fluminense,1.0,20002,Palmeiras,1.0,Maracanã,Rio de Janeiro,RJ,Campeonato Brasileiro,played,DRAW
2022,12518,24,821496,233,GRUPO ÚNICO,2022-08-28,16:00,20005,São Paulo,0.0,20048,Fortaleza Esporte Clube,1.0,Morumbi,Sao Paulo,SP,Campeonato Brasileiro,played,AWAY
2022,12518,24,821497,234,GRUPO ÚNICO,2022-08-29,21:30,20001,Corinthians,1.0,20007,Red Bull Bragantino,0.0,Neo Química Arena,Sao Paulo,SP,Campeonato Brasileiro,played,HOME
2022,12518,24,821498,235,GRUPO ÚNICO,2022-08-28,18:00,60175,Botafogo,0.0,20016,Flamengo,1.0,Nilton Santos,Rio de Janeiro,RJ,Campeonato Brasileiro,played,AWAY
2022,12518,24,821499,236,GRUPO ÚNICO,2022-08-29,20:00,20011,Internacional,4.0,20027,Juventude,0.0,Beira-Rio,Porto Alegre,RS,Campeonato Brasileiro,played,HOME
2022,12518,24,821500,237,GRUPO ÚNICO,2022-08-27,21:00,20031,Ceará,0.0,20052,Athletico Paranaense,0.0,Arena Castelão,Fortaleza,CE,Campeonato Brasileiro,played,DRAW
2022,12518,24,821501,238,GRUPO ÚNICO,2022-08-27,16:30,20028,Goiás,2.0,20093,Atlético,1.0,Hailé Pinheiro,Goiania,GO,Campeonato Brasileiro,played,HOME
2022,12518,24,821502,239,GRUPO ÚNICO,2022-08-28,18:00,20800,Cuiabá,0.0,20008,Santos FC,0.0,Arena Pantanal,Cuiaba,MT,Campeonato Brasileiro,played,DRAW
2022,12518,24,821503,240,GRUPO ÚNICO,2022-08-27,16:30,20025,Coritiba,1.0,20058,Avaí,0.0,Couto Pereira,Curitiba,PR,Campeonato Brasileiro,played,HOME
2022,12518,25,821504,241,GRUPO ÚNICO,2022-09-03,20:30,59897,América,2.0,20025,Coritiba,0.0,Independência,Belo Horizonte,MG,Campeonato Brasileiro,played,HOME
2022,12518,25,821505,242,GRUPO ÚNICO,2022-09-04,11:00,20016,Flamengo,1.0,20031,Ceará,1.0,Maracanã,Rio de Janeiro,RJ,Campeonato Brasileiro,played,DRAW
2022,12518,25,821506,243,GRUPO ÚNICO,2022-09-03,19:00,20007,Red Bull Bragantino,2.0,20002,Palmeiras,2.0,Nabi Abi Chedid,Braganca Paulista,SP,Campeonato Brasileiro,played,DRAW
2022,12518,25,821507,244,GRUPO ÚNICO,2022-09-04,16:00,20001,Corinthians,2.0,20011,Internacional,2.0,Neo Química Arena,Sao Paulo,SP,Campeonato Brasileiro,played,DRAW
2022,12518,25,821508,245,GRUPO ÚNICO,2022-09-05,20:00,20008,Santos FC,1.0,20028,Goiás,2.0,Vila Belmiro,Santos,SP,Campeonato Brasileiro,played,AWAY
2022,12518,25,821509,246,GRUPO ÚNICO,2022-09-03,16:30,20027,Juventude,1.0,20058,Avaí,1.0,Alfredo Jaconi,Caxias do Sul,RS,Campeonato Brasileiro,played,DRAW
2022,12518,25,821510,247,GRUPO ÚNICO,2022-09-04,16:00,20048,Fortaleza Esporte Clube,1.0,60175,Botafogo,3.0,Arena Castelão,Fortaleza,CE,Campeonato Brasileiro,played,AWAY
2022,12518,25,821511,248,GRUPO ÚNICO,2022-09-04,18:00,20093,Atlético,0.0,20003,Atlético Mineiro,2.0,Antônio Accioly,Goiania,GO,Campeonato Brasileiro,played,AWAY
2022,12518,25,821512,249,GRUPO ÚNICO,2022-09-04,19:00,20800,Cuiabá,1.0,20005,São Paulo,1.0,Arena Pantanal,Cuiaba,MT,Campeonato Brasileiro,played,DRAW
2022,12518,25,821513,250,GRUPO ÚNICO,2022-09-03,19:00,20052,Athletico Paranaense,1.0,20014,Fluminense,0.0,Arena da Baixada,Curitiba,PR,Campeonato Brasileiro,played,HOME
2022,12518,26,821514,251,GRUPO ÚNICO,2022-09-07,17:00,20003,Atlético Mineiro,1.0,20007,Red Bull Bragantino,1.0,Mineirão,Belo Horizonte,MG,Campeonato Brasileiro,played,DRAW
2022,12518,26,821515,252,GRUPO ÚNICO,2022-09-10,19:00,20014,Fluminense,2.0,20048,Fortaleza Esporte Clube,1.0,Maracanã,Rio de Janeiro,RJ,Campeonato Brasileiro,played,HOME
2022,12518,26,821516,253,GRUPO ÚNICO,2022-09-11,16:00,20005,São Paulo,1.0,20001,Corinthians,1.0,Morumbi,Sao Paulo,SP,Campeonato Brasileiro,played,DRAW
2022,12518,26,821517,254,GRUPO ÚNICO,2022-09-10,21:00,20002,Palmeiras,2.0,20027,Juventude,1.0,Nubank Parque,Sao Paulo,SP,Campeonato Brasileiro,played,HOME
2022,12518,26,821518,255,GRUPO ÚNICO,2022-09-11,11:00,60175,Botafogo,0.0,59897,América,0.0,Nilton Santos,Rio de Janeiro,RJ,Campeonato Brasileiro,played,DRAW
2022,12518,26,821519,256,GRUPO ÚNICO,2022-09-10,16:30,20011,Internacional,1.0,20800,Cuiabá,0.0,Beira-Rio,Porto Alegre,RS,Campeonato Brasileiro,played,HOME
2022,12518,26,821520,257,GRUPO ÚNICO,2022-09-10,16:30,20031,Ceará,2.0,20008,Santos FC,1.0,Arena Castelão,Fortaleza,CE,Campeonato Brasileiro,played,HOME
2022,12518,26,821521,258,GRUPO ÚNICO,2022-09-11,19:00,20028,Goiás,1.0,20016,Flamengo,1.0,Hailé Pinheiro,Goiania,GO,Campeonato Brasileiro,played,DRAW
2022,12518,26,821522,259,GRUPO ÚNICO,2022-09-11,11:00,20058,Avaí,1.0,20052,Athletico Paranaense,1.0,Ressacada,Florianopolis,SC,Campeonato Brasileiro,played,DRAW
2022,12518,26,821523,260,GRUPO ÚNICO,2022-09-11,16:00,20025,Coritiba,2.0,20093,Atlético,0.0,Couto Pereira,Curitiba,PR,Campeonato Brasileiro,played,HOME
2022,12518,27,821524,261,GRUPO ÚNICO,2022-09-18,18:00,59897,América,1.0,20001,Corinthians,0.0,Independência,Belo Horizonte,MG,Campeonato Brasileiro,played,HOME
2022,12518,27,821525,262,GRUPO ÚNICO,2022-09-18,16:00,20016,Flamengo,1.0,20014,Fluminense,2.0,Maracanã,Rio de Janeiro,RJ,Campeonato Brasileiro,played,AWAY
2022,12518,27,821526,263,GRUPO ÚNICO,2022-09-18,11:00,20007,Red Bull Bragantino,1.0,20028,Goiás,1.0,Nabi Abi Chedid,Braganca Paulista,SP,Campeonato Brasileiro,played,DRAW
2022,12518,27,821527,264,GRUPO ÚNICO,2022-09-18,18:30,20002,Palmeiras,1.0,20008,Santos FC,0.0,Nubank Parque,Sao Paulo,SP,Campeonato Brasileiro,played,HOME
2022,12518,27,821528,265,GRUPO ÚNICO,2022-09-17,19:00,60175,Botafogo,2.0,20025,Coritiba,0.0,Nilton Santos,Rio de Janeiro,RJ,Campeonato Brasileiro,played,HOME
2022,12518,27,821529,266,GRUPO ÚNICO,2022-09-18,18:00,20027,Juventude,1.0,20048,Fortaleza Esporte Clube,1.0,Alfredo Jaconi,Caxias do Sul,RS,Campeonato Brasileiro,played,DRAW
2022,12518,27,821530,267,GRUPO ÚNICO,2022-09-18,16:00,20031,Ceará,0.0,20005,São Paulo,2.0,Arena Castelão,Fortaleza,CE,Campeonato Brasileiro,played,AWAY
2022,12518,27,821531,268,GRUPO ÚNICO,2022-09-19,20:00,20093,Atlético,1.0,20011,Internacional,2.0,Antônio Accioly,Goiania,GO,Campeonato Brasileiro,played,AWAY
2022,12518,27,821532,269,GRUPO ÚNICO,2022-09-17,16:30,20058,Avaí,1.0,20003,Atlético Mineiro,0.0,Ressacada,Florianopolis,SC,Campeonato Brasileiro,played,HOME
2022,12518,27,821533,270,GRUPO ÚNICO,2022-09-18,19:00,20052,Athletico Paranaense,2.0,20800,Cuiabá,2.0,Arena da Baixada,Curitiba,PR,Campeonato Brasileiro,played,DRAW
2022,12518,28,821534,271,GRUPO ÚNICO,2022-09-28,21:45,20003,Atlético Mineiro,0.0,20002,Palmeiras,1.0,Mineirão,Belo Horizonte,MG,Campeonato Brasileiro,played,AWAY
2022,12518,28,821535,272,GRUPO ÚNICO,2022-09-28,19:00,20014,Fluminense,4.0,20027,Juventude,0.0,Maracanã,Rio de Janeiro,RJ,Campeonato Brasileiro,played,HOME
2022,12518,28,821536,273,GRUPO ÚNICO,2022-09-25,20:00,20005,São Paulo,4.0,20058,Avaí,0.0,Morumbi,Sao Paulo,SP,Campeonato Brasileiro,played,HOME
2022,12518,28,821537,274,GRUPO ÚNICO,2022-09-28,19:00,20001,Corinthians,2.0,20093,Atlético,1.0,Neo Química Arena,Sao Paulo,SP,Campeonato Brasileiro,played,HOME
2022,12518,28,821538,275,GRUPO ÚNICO,2022-09-27,21:00,20008,Santos FC,2.0,20052,Athletico Paranaense,0.0,Vila Belmiro,Santos,SP,Campeonato Brasileiro,played,HOME
2022,12518,28,821539,276,GRUPO ÚNICO,2022-09-28,21:45,20011,Internacional,0.0,20007,Red Bull Bragantino,0.0,Beira-Rio,Porto Alegre,RS,Campeonato Brasileiro,played,DRAW
2022,12518,28,821540,277,GRUPO ÚNICO,2022-09-28,19:00,20048,Fortaleza Esporte Clube,3.0,20016,Flamengo,2.0,Arena Castelão,Fortaleza,CE,Campeonato Brasileiro,played,HOME
2022,12518,28,821541,278,GRUPO ÚNICO,2022-09-28,21:45,20028,Goiás,0.0,60175,Botafogo,1.0,Hailé Pinheiro,Goiania,GO,Campeonato Brasileiro,played,AWAY
2022,12518,28,821542,279,GRUPO ÚNICO,2022-09-28,21:00,20800,Cuiabá,2.0,59897,América,1.0,Arena Pantanal,Cuiaba,MT,Campeonato Brasileiro,played,HOME
2022,12518,28,821543,280,GRUPO ÚNICO,2022-09-28,19:00,20025,Coritiba,1.0,20031,Ceará,0.0,Couto Pereira,Curitiba,PR,Campeonato Brasileiro,played,HOME
2022,12518,29,821544,281,GRUPO ÚNICO,2022-10-01,15:00,20003,Atlético Mineiro,2.0,20014,Fluminense,0.0,Mineirão,Belo Horizonte,MG,Campeonato Brasileiro,played,HOME
2022,12518,29,821545,282,GRUPO ÚNICO,2022-10-01,19:00,20016,Flamengo,4.0,20007,Red Bull Bragantino,1.0,Maracanã,Rio de Janeiro,RJ,Campeonato Brasileiro,played,HOME
2022,12518,29,821546,283,GRUPO ÚNICO,2022-10-20,20:00,20005,São Paulo,3.0,20025,Coritiba,1.0,Morumbi,Sao Paulo,SP,Campeonato Brasileiro,played,HOME
2022,12518,29,821547,284,GRUPO ÚNICO,2022-10-01,21:00,20001,Corinthians,2.0,20800,Cuiabá,0.0,Neo Química Arena,Sao Paulo,SP,Campeonato Brasileiro,played,HOME
2022,12518,29,821548,285,GRUPO ÚNICO,2022-10-03,20:00,60175,Botafogo,1.0,20002,Palmeiras,3.0,Nilton Santos,Rio de Janeiro,RJ,Campeonato Brasileiro,played,AWAY
2022,12518,29,821549,286,GRUPO ÚNICO,2022-10-01,15:00,20011,Internacional,1.0,20008,Santos FC,0.0,Beira-Rio,Porto Alegre,RS,Campeonato Brasileiro,played,HOME
2022,12518,29,821550,287,GRUPO ÚNICO,2022-10-01,15:00,20031,Ceará,1.0,59897,América,2.0,Arena Castelão,Fortaleza,CE,Campeonato Brasileiro,played,AWAY
2022,12518,29,821551,288,GRUPO ÚNICO,2022-10-01,19:00,20028,Goiás,0.0,20048,Fortaleza Esporte Clube,1.0,Hailé Pinheiro,Goiania,GO,Campeonato Brasileiro,played,AWAY
2022,12518,29,821552,289,GRUPO ÚNICO,2022-10-01,19:00,20058,Avaí,1.0,20093,Atlético,2.0,Ressacada,Florianopolis,SC,Campeonato Brasileiro,played,AWAY
2022,12518,29,821553,290,GRUPO ÚNICO,2022-10-01,19:00,20052,Athletico Paranaense,2.0,20027,Juventude,0.0,Arena da Baixada,Curitiba,PR,Campeonato Brasileiro,played,HOME
2022,12518,30,821554,291,GRUPO ÚNICO,2022-10-06,20:00,59897,América,1.0,20005,São Paulo,2.0,Independência,Belo Horizonte,MG,Campeonato Brasileiro,played,AWAY
2022,12518,30,821555,292,GRUPO ÚNICO,2022-10-05,21:30,20016,Flamengo,0.0,20011,Internacional,0.0,Maracanã,Rio de Janeiro,RJ,Campeonato Brasileiro,played,DRAW
2022,12518,30,821556,293,GRUPO ÚNICO,2022-10-05,19:00,20007,Red Bull Bragantino,2.0,20800,Cuiabá,1.0,Nabi Abi Chedid,Braganca Paulista,SP,Campeonato Brasileiro,played,HOME
2022,12518,30,821557,294,GRUPO ÚNICO,2022-10-06,19:00,20002,Palmeiras,4.0,20025,Coritiba,0.0,Nubank Parque,Sao Paulo,SP,Campeonato Brasileiro,played,HOME
2022,12518,30,821558,295,GRUPO ÚNICO,2022-10-05,21:30,20008,Santos FC,1.0,20003,Atlético Mineiro,2.0,Vila Belmiro,Santos,SP,Campeonato Brasileiro,played,AWAY
2022,12518,30,821559,296,GRUPO ÚNICO,2022-10-04,21:30,20027,Juventude,2.0,20001,Corinthians,2.0,Alfredo Jaconi,Caxias do Sul,RS,Campeonato Brasileiro,played,DRAW
2022,12518,30,821560,297,GRUPO ÚNICO,2022-10-05,19:00,20031,Ceará,1.0,20028,Goiás,1.0,Arena Castelão,Fortaleza,CE,Campeonato Brasileiro,played,DRAW
2022,12518,30,821561,298,GRUPO ÚNICO,2022-10-05,19:00,20093,Atlético,3.0,20014,Fluminense,2.0,Antônio Accioly,Goiania,GO,Campeonato Brasileiro,played,HOME
2022,12518,30,821562,299,GRUPO ÚNICO,2022-10-06,20:00,20058,Avaí,1.0,60175,Botafogo,2.0,Ressacada,Florianopolis,SC,Campeonato Brasileiro,played,AWAY
2022,12518,30,821563,300,GRUPO ÚNICO,2022-10-05,19:30,20052,Athletico Paranaense,1.0,20048,Fortaleza Esporte Clube,1.0,Arena da Baixada,Curitiba,PR,Campeonato Brasileiro,played,DRAW
2022,12518,31,821564,301,GRUPO ÚNICO,2022-10-09,18:00,20003,Atlético Mineiro,0.0,20031,Ceará,0.0,Mineirão,Belo Horizonte,MG,Campeonato Brasileiro,played,DRAW
2022,12518,31,821565,302,GRUPO ÚNICO,2022-10-09,18:00,20014,Fluminense,0.0,59897,América,2.0,Maracanã,Rio de Janeiro,RJ,Campeonato Brasileiro,played,AWAY
2022,12518,31,821566,303,GRUPO ÚNICO,2022-10-09,16:00,20005,São Paulo,0.0,60175,Botafogo,1.0,Morumbi,Sao Paulo,SP,Campeonato Brasileiro,played,AWAY
2022,12518,31,821567,304,GRUPO ÚNICO,2022-10-08,21:00,20001,Corinthians,2.0,20052,Athletico Paranaense,1.0,Neo Química Arena,Sao Paulo,SP,Campeonato Brasileiro,played,HOME
2022,12518,31,821568,305,GRUPO ÚNICO,2022-10-10,20:00,20008,Santos FC,4.0,20027,Juventude,1.0,Vila Belmiro,Santos,SP,Campeonato Brasileiro,played,HOME
2022,12518,31,821569,306,GRUPO ÚNICO,2022-10-09,11:00,20011,Internacional,4.0,20028,Goiás,2.0,Beira-Rio,Porto Alegre,RS,Campeonato Brasileiro,played,HOME
2022,12518,31,821570,307,GRUPO ÚNICO,2022-10-09,16:00,20048,Fortaleza Esporte Clube,2.0,20058,Avaí,0.0,Arena Castelão,Fortaleza,CE,Campeonato Brasileiro,played,HOME
2022,12518,31,821571,308,GRUPO ÚNICO,2022-10-10,18:30,20093,Atlético,1.0,20002,Palmeiras,1.0,Antônio Accioly,Goiania,GO,Campeonato Brasileiro,played,DRAW
2022,12518,31,821572,309,GRUPO ÚNICO,2022-10-08,19:00,20800,Cuiabá,1.0,20016,Flamengo,2.0,Arena Pantanal,Cuiaba,MT,Campeonato Brasileiro,played,AWAY
2022,12518,31,821573,310,GRUPO ÚNICO,2022-10-09,18:00,20025,Coritiba,2.0,20007,Red Bull Bragantino,1.0,Couto Pereira,Curitiba,PR,Campeonato Brasileiro,played,HOME
2022,12518,32,821574,311,GRUPO ÚNICO,2022-10-15,20:30,59897,América,1.0,20048,Fortaleza Esporte Clube,2.0,Independência,Belo Horizonte,MG,Campeonato Brasileiro,played,AWAY
2022,12518,32,821575,312,GRUPO ÚNICO,2022-10-15,20:30,20016,Flamengo,1.0,20003,Atlético Mineiro,0.0,Maracanã,Rio de Janeiro,RJ,Campeonato Brasileiro,played,HOME
2022,12518,32,821576,313,GRUPO ÚNICO,2022-10-17,20:00,20007,Red Bull Bragantino,0.0,20008,Santos FC,2.0,Nabi Abi Chedid,Braganca Paulista,SP,Campeonato Brasileiro,played,AWAY
2022,12518,32,821577,314,GRUPO ÚNICO,2022-10-16,16:00,20002,Palmeiras,0.0,20005,São Paulo,0.0,Nubank Parque,Sao Paulo,SP,Campeonato Brasileiro,played,DRAW
2022,12518,32,821578,315,GRUPO ÚNICO,2022-10-16,18:00,60175,Botafogo,0.0,20011,Internacional,1.0,Nilton Santos,Rio de Janeiro,RJ,Campeonato Brasileiro,played,AWAY
2022,12518,32,821579,316,GRUPO ÚNICO,2022-10-16,18:00,20027,Juventude,1.0,20093,Atlético,1.0,Alfredo Jaconi,Caxias do Sul,RS,Campeonato Brasileiro,played,DRAW
2022,12518,32,821580,317,GRUPO ÚNICO,2022-10-16,16:00,20031,Ceará,1.0,20800,Cuiabá,1.0,Arena Castelão,Fortaleza,CE,Campeonato Brasileiro,played,DRAW
2022,12518,32,821581,318,GRUPO ÚNICO,2022-10-29,19:30,20028,Goiás,0.0,20001,Corinthians,0.0,Hailé Pinheiro,Goiania,GO,Campeonato Brasileiro,played,DRAW
2022,12518,32,821582,319,GRUPO ÚNICO,2022-10-16,19:00,20058,Avaí,0.0,20014,Fluminense,3.0,Ressacada,Florianopolis,SC,Campeonato Brasileiro,played,AWAY
2022,12518,32,821583,320,GRUPO ÚNICO,2022-10-16,19:00,20052,Athletico Paranaense,1.0,20025,Coritiba,0.0,Arena da Baixada,Curitiba,PR,Campeonato Brasileiro,played,HOME
2022,12518,33,821584,321,GRUPO ÚNICO,2022-10-22,19:00,59897,América,1.0,20016,Flamengo,2.0,Independência,Belo Horizonte,MG,Campeonato Brasileiro,played,AWAY
2022,12518,33,821585,322,GRUPO ÚNICO,2022-10-23,16:00,20014,Fluminense,2.0,60175,Botafogo,2.0,Maracanã,Rio de Janeiro,RJ,Campeonato Brasileiro,played,DRAW
2022,12518,33,821586,323,GRUPO ÚNICO,2022-10-22,16:30,20007,Red Bull Bragantino,4.0,20052,Athletico Paranaense,2.0,Nabi Abi Chedid,Braganca Paulista,SP,Campeonato Brasileiro,played,HOME
2022,12518,33,821587,324,GRUPO ÚNICO,2022-10-22,21:00,20002,Palmeiras,3.0,20058,Avaí,0.0,Nubank Parque,Sao Paulo,SP,Campeonato Brasileiro,played,HOME
2022,12518,33,821588,325,GRUPO ÚNICO,2022-10-22,19:00,20008,Santos FC,0.0,20001,Corinthians,1.0,Vila Belmiro,Santos,SP,Campeonato Brasileiro,played,AWAY
2022,12518,33,821589,326,GRUPO ÚNICO,2022-10-23,16:00,20027,Juventude,1.0,20005,São Paulo,2.0,Alfredo Jaconi,Caxias do Sul,RS,Campeonato Brasileiro,played,AWAY
2022,12518,33,821590,327,GRUPO ÚNICO,2022-10-24,20:00,20048,Fortaleza Esporte Clube,0.0,20003,Atlético Mineiro,0.0,Arena Castelão,Fortaleza,CE,Campeonato Brasileiro,played,DRAW
2022,12518,33,821591,328,GRUPO ÚNICO,2022-10-23,18:00,20093,Atlético,1.0,20031,Ceará,0.0,Antônio Accioly,Goiania,GO,Campeonato Brasileiro,played,HOME
2022,12518,33,821592,329,GRUPO ÚNICO,2022-10-23,18:00,20800,Cuiabá,1.0,20028,Goiás,2.0,Arena Pantanal,Cuiaba,MT,Campeonato Brasileiro,played,AWAY
2022,12518,33,821593,330,GRUPO ÚNICO,2022-10-23,18:00,20025,Coritiba,1.0,20011,Internacional,1.0,Couto Pereira,Curitiba,PR,Campeonato Brasileiro,played,DRAW
2022,12518,34,821594,331,GRUPO ÚNICO,2022-10-27,19:30,20003,Atlético Mineiro,1.0,20027,Juventude,0.0,Mineirão,Belo Horizonte,MG,Campeonato Brasileiro,played,HOME
2022,12518,34,821595,332,GRUPO ÚNICO,2022-10-25,21:45,20016,Flamengo,3.0,20008,Santos FC,2.0,Maracanã,Rio de Janeiro,RJ,Campeonato Brasileiro,played,HOME
2022,12518,34,821596,333,GRUPO ÚNICO,2022-10-27,19:00,20005,São Paulo,2.0,20093,Atlético,1.0,Morumbi,Sao Paulo,SP,Campeonato Brasileiro,played,HOME
2022,12518,34,821597,334,GRUPO ÚNICO,2022-10-26,21:45,20001,Corinthians,0.0,20014,Fluminense,2.0,Neo Química Arena,Sao Paulo,SP,Campeonato Brasileiro,played,AWAY
2022,12518,34,821598,335,GRUPO ÚNICO,2022-10-26,19:30,60175,Botafogo,2.0,20007,Red Bull Bragantino,1.0,Nilton Santos,Rio de Janeiro,RJ,Campeonato Brasileiro,played,HOME
2022,12518,34,821599,336,GRUPO ÚNICO,2022-10-26,21:45,20011,Internacional,2.0,20031,Ceará,1.0,Beira-Rio,Porto Alegre,RS,Campeonato Brasileiro,played,HOME
2022,12518,34,821600,337,GRUPO ÚNICO,2022-10-27,19:00,20048,Fortaleza Esporte Clube,3.0,20025,Coritiba,1.0,Arena Castelão,Fortaleza,CE,Campeonato Brasileiro,played,HOME
2022,12518,34,821601,338,GRUPO ÚNICO,2022-10-26,21:45,20028,Goiás,2.0,59897,América,2.0,Hailé Pinheiro,Goiania,GO,Campeonato Brasileiro,played,DRAW
2022,12518,34,821603,339,GRUPO ÚNICO,2022-10-27,20:00,20800,Cuiabá,1.0,20058,Avaí,0.0,Arena Pantanal,Cuiaba,MT,Campeonato Brasileiro,played,HOME
2022,12518,34,821604,340,GRUPO ÚNICO,2022-10-25,21:45,20052,Athletico Paranaense,1.0,20002,Palmeiras,3.0,Arena da Baixada,Curitiba,PR,Campeonato Brasileiro,played,AWAY
2022,12518,35,821605,341,GRUPO ÚNICO,2022-11-02,16:00,59897,América,1.0,20011,Internacional,0.0,Independência,Belo Horizonte,MG,Campeonato Brasileiro,played,HOME
2022,12518,35,821606,342,GRUPO ÚNICO,2022-11-02,21:30,20016,Flamengo,1.0,20001,Corinthians,2.0,Maracanã,Rio de Janeiro,RJ,Campeonato Brasileiro,played,AWAY
2022,12518,35,821607,343,GRUPO ÚNICO,2022-11-01,21:30,20005,São Paulo,2.0,20003,Atlético Mineiro,2.0,Morumbi,Sao Paulo,SP,Campeonato Brasileiro,played,DRAW
2022,12518,35,821608,344,GRUPO ÚNICO,2022-11-02,21:30,20002,Palmeiras,4.0,20048,Fortaleza Esporte Clube,0.0,Nubank Parque,Sao Paulo,SP,Campeonato Brasileiro,played,HOME
2022,12518,35,821609,345,GRUPO ÚNICO,2022-11-01,19:00,60175,Botafogo,0.0,20800,Cuiabá,2.0,Nilton Santos,Rio de Janeiro,RJ,Campeonato Brasileiro,played,AWAY
2022,12518,35,821610,346,GRUPO ÚNICO,2022-11-02,19:00,20027,Juventude,0.0,20025,Coritiba,1.0,Alfredo Jaconi,Caxias do Sul,RS,Campeonato Brasileiro,played,AWAY
2022,12518,35,821611,347,GRUPO ÚNICO,2022-10-31,20:00,20031,Ceará,0.0,20014,Fluminense,1.0,Arena Castelão,Fortaleza,CE,Campeonato Brasileiro,played,AWAY
2022,12518,35,821612,348,GRUPO ÚNICO,2022-11-02,19:00,20093,Atlético,2.0,20008,Santos FC,3.0,Antônio Accioly,Goiania,GO,Campeonato Brasileiro,played,AWAY
2022,12518,35,821613,349,GRUPO ÚNICO,2022-11-02,19:00,20058,Avaí,1.0,20007,Red Bull Bragantino,2.0,Ressacada,Florianopolis,SC,Campeonato Brasileiro,played,AWAY
2022,12518,35,821614,350,GRUPO ÚNICO,2022-11-02,16:00,20052,Athletico Paranaense,3.0,20028,Goiás,2.0,Arena da Baixada,Curitiba,PR,Campeonato Brasileiro,played,HOME
2022,12518,36,821615,351,GRUPO ÚNICO,2022-11-07,20:00,20003,Atlético Mineiro,0.0,60175,Botafogo,2.0,Mineirão,Belo Horizonte,MG,Campeonato Brasileiro,played,AWAY
2022,12518,36,821616,352,GRUPO ÚNICO,2022-11-05,16:30,20014,Fluminense,3.0,20005,São Paulo,1.0,Maracanã,Rio de Janeiro,RJ,Campeonato Brasileiro,played,HOME
2022,12518,36,821617,353,GRUPO ÚNICO,2022-11-05,19:00,20007,Red Bull Bragantino,1.0,59897,América,4.0,Nabi Abi Chedid,Braganca Paulista,SP,Campeonato Brasileiro,played,AWAY
2022,12518,36,821618,354,GRUPO ÚNICO,2022-11-05,20:30,20001,Corinthians,1.0,20031,Ceará,0.0,Neo Química Arena,Sao Paulo,SP,Campeonato Brasileiro,played,HOME
2022,12518,36,821619,355,GRUPO ÚNICO,2022-11-05,16:30,20008,Santos FC,1.0,20058,Avaí,1.0,Arena Barueri,Barueri,SP,Campeonato Brasileiro,played,DRAW
2022,12518,36,821620,356,GRUPO ÚNICO,2022-11-05,21:00,20011,Internacional,2.0,20052,Athletico Paranaense,0.0,Beira-Rio,Porto Alegre,RS,Campeonato Brasileiro,played,HOME
2022,12518,36,821621,357,GRUPO ÚNICO,2022-11-06,16:00,20048,Fortaleza Esporte Clube,1.0,20093,Atlético,1.0,Arena Castelão,Fortaleza,CE,Campeonato Brasileiro,played,DRAW
2022,12518,36,821622,358,GRUPO ÚNICO,2022-11-05,19:00,20028,Goiás,1.0,20027,Juventude,0.0,Hailé Pinheiro,Goiania,GO,Campeonato Brasileiro,played,HOME
2022,12518,36,821623,359,GRUPO ÚNICO,2022-11-06,18:30,20800,Cuiabá,1.0,20002,Palmeiras,1.0,Arena Pantanal,Cuiaba,MT,Campeonato Brasileiro,played,DRAW
2022,12518,36,821624,360,GRUPO ÚNICO,2022-11-06,16:00,20025,Coritiba,1.0,20016,Flamengo,0.0,Couto Pereira,Curitiba,PR,Campeonato Brasileiro,played,HOME
2022,12518,37,821625,361,GRUPO ÚNICO,2022-11-10,20:00,20003,Atlético Mineiro,3.0,20800,Cuiabá,0.0,Mineirão,Belo Horizonte,MG,Campeonato Brasileiro,played,HOME
2022,12518,37,821626,362,GRUPO ÚNICO,2022-11-09,19:00,20014,Fluminense,3.0,20028,Goiás,0.0,Maracanã,Rio de Janeiro,RJ,Campeonato Brasileiro,played,HOME
2022,12518,37,821627,363,GRUPO ÚNICO,2022-11-08,21:30,20005,São Paulo,0.0,20011,Internacional,1.0,Morumbi,Sao Paulo,SP,Campeonato Brasileiro,played,AWAY
2022,12518,37,821628,364,GRUPO ÚNICO,2022-11-09,21:30,20002,Palmeiras,2.0,59897,América,1.0,Nubank Parque,Sao Paulo,SP,Campeonato Brasileiro,played,HOME
2022,12518,37,821629,365,GRUPO ÚNICO,2022-11-10,20:00,60175,Botafogo,3.0,20008,Santos FC,0.0,Nilton Santos,Rio de Janeiro,RJ,Campeonato Brasileiro,played,HOME
2022,12518,37,821630,366,GRUPO ÚNICO,2022-11-09,21:30,20027,Juventude,2.0,20016,Flamengo,2.0,Alfredo Jaconi,Caxias do Sul,RS,Campeonato Brasileiro,played,DRAW
2022,12518,37,821631,367,GRUPO ÚNICO,2022-11-09,20:30,20048,Fortaleza Esporte Clube,6.0,20007,Red Bull Bragantino,0.0,Arena Castelão,Fortaleza,CE,Campeonato Brasileiro,played,HOME
2022,12518,37,821632,368,GRUPO ÚNICO,2022-11-09,21:30,20093,Atlético,1.0,20052,Athletico Paranaense,1.0,Antônio Accioly,Goiania,GO,Campeonato Brasileiro,played,DRAW
2022,12518,37,821633,369,GRUPO ÚNICO,2022-11-09,19:00,20058,Avaí,2.0,20031,Ceará,0.0,Ressacada,Florianopolis,SC,Campeonato Brasileiro,played,HOME
2022,12518,37,821634,370,GRUPO ÚNICO,2022-11-09,19:00,20025,Coritiba,2.0,20001,Corinthians,2.0,Couto Pereira,Curitiba,PR,Campeonato Brasileiro,played,DRAW
2022,12518,38,823447,371,GRUPO ÚNICO,2022-11-13,16:00,59897,América,1.0,20093,Atlético,1.0,Independência,Belo Horizonte,MG,Campeonato Brasileiro,played,DRAW
2022,12518,38,823448,372,GRUPO ÚNICO,2022-11-12,16:00,20016,Flamengo,1.0,20058,Avaí,2.0,Maracanã,Rio de Janeiro,RJ,Campeonato Brasileiro,played,AWAY
2022,12518,38,823449,373,GRUPO ÚNICO,2022-11-13,16:00,20007,Red Bull Bragantino,0.0,20014,Fluminense,1.0,Nabi Abi Chedid,Braganca Paulista,SP,Campeonato Brasileiro,played,AWAY
2022,12518,38,823450,374,GRUPO ÚNICO,2022-11-13,16:00,20001,Corinthians,0.0,20003,Atlético Mineiro,1.0,Neo Química Arena,Sao Paulo,SP,Campeonato Brasileiro,played,AWAY
2022,12518,38,823451,375,GRUPO ÚNICO,2022-11-13,16:00,20008,Santos FC,0.0,20048,Fortaleza Esporte Clube,2.0,Vila Belmiro,Santos,SP,Campeonato Brasileiro,played,AWAY
2022,12518,38,823452,376,GRUPO ÚNICO,2022-11-13,16:00,20011,Internacional,3.0,20002,Palmeiras,0.0,Beira-Rio,Porto Alegre,RS,Campeonato Brasileiro,played,HOME
2022,12518,38,823453,377,GRUPO ÚNICO,2022-11-13,16:00,20031,Ceará,4.0,20027,Juventude,1.0,Arena Castelão,Fortaleza,CE,Campeonato Brasileiro,played,HOME
2022,12518,38,823454,378,GRUPO ÚNICO,2022-11-13,16:00,20028,Goiás,0.0,20005,São Paulo,4.0,Hailé Pinheiro,Goiania,GO,Campeonato Brasileiro,played,AWAY
2022,12518,38,823455,379,GRUPO ÚNICO,2022-11-13,16:00,20800,Cuiabá,2.0,20025,Coritiba,1.0,Arena Pantanal,Cuiaba,MT,Campeonato Brasileiro,played,HOME
2022,12518,38,823456,380,GRUPO ÚNICO,2022-11-13,16:00,20052,Athletico Paranaense,3.0,60175,Botafogo,0.0,Arena da Baixada,Curitiba,PR,Campeonato Brasileiro,played,HOME
2023,12555,1,823803,1,GRUPO ÚNICO,2023-04-16,16:00,20016,Flamengo,3.0,61590,Coritiba SAF,0.0,Maracanã,Rio de Janeiro,RJ,Campeonato Brasileiro,played,HOME
2023,12555,1,823804,2,GRUPO ÚNICO,2023-04-15,18:30,60175,Botafogo,2.0,20005,São Paulo,1.0,Nilton Santos,Rio de Janeiro,RJ,Campeonato Brasileiro,played,HOME
2023,12555,1,823805,3,GRUPO ÚNICO,2023-04-15,16:00,20002,Palmeiras,2.0,20800,Cuiabá,1.0,Nubank Parque,Sao Paulo,SP,Campeonato Brasileiro,played,HOME
2023,12555,1,823806,4,GRUPO ÚNICO,2023-04-16,16:00,20001,Corinthians,2.0,59849,Cruzeiro,1.0,Neo Química Arena,Sao Paulo,SP,Campeonato Brasileiro,played,HOME
2023,12555,1,823807,5,GRUPO ÚNICO,2023-04-15,18:30,20007,Red Bull Bragantino,2.0,61377,Bahia,1.0,Nabi Abi Chedid,Braganca Paulista,SP,Campeonato Brasileiro,played,HOME
2023,12555,1,823808,6,GRUPO ÚNICO,2023-04-15,21:00,62194,Atlético Mineiro,1.0,60646,Vasco da Gama Saf,2.0,Mineirão,Belo Horizonte,MG,Campeonato Brasileiro,played,AWAY
2023,12555,1,823809,7,GRUPO ÚNICO,2023-04-16,18:30,20013,Grêmio,1.0,20008,Santos FC,0.0,Alfredo Jaconi,Caxias do Sul,RS,Campeonato Brasileiro,played,HOME
2023,12555,1,823810,8,GRUPO ÚNICO,2023-04-15,18:30,20052,Athletico Paranaense,2.0,20028,Goiás,0.0,Arena da Baixada,Curitiba,PR,Campeonato Brasileiro,played,HOME
2023,12555,1,823811,9,GRUPO ÚNICO,2023-04-15,18:30,20048,Fortaleza Esporte Clube,1.0,20011,Internacional,1.0,Arena Castelão,Fortaleza,CE,Campeonato Brasileiro,played,DRAW
2023,12555,1,823812,10,GRUPO ÚNICO,2023-04-15,16:00,59897,América,0.0,20014,Fluminense,3.0,Independência,Belo Horizonte,MG,Campeonato Brasileiro,played,AWAY
2023,12555,2,823813,11,GRUPO ÚNICO,2023-04-22,16:00,20014,Fluminense,2.0,20052,Athletico Paranaense,0.0,Maracanã,Rio de Janeiro,RJ,Campeonato Brasileiro,played,HOME
2023,12555,2,823814,12,GRUPO ÚNICO,2023-04-23,16:00,60646,Vasco da Gama Saf,2.0,20002,Palmeiras,2.0,Maracanã,Rio de Janeiro,RJ,Campeonato Brasileiro,played,DRAW
2023,12555,2,823815,13,GRUPO ÚNICO,2023-04-22,18:30,20005,São Paulo,3.0,59897,América,0.0,Morumbi,Sao Paulo,SP,Campeonato Brasileiro,played,HOME
2023,12555,2,823816,14,GRUPO ÚNICO,2023-04-23,16:00,20008,Santos FC,0.0,62194,Atlético Mineiro,0.0,Vila Belmiro,Santos,SP,Campeonato Brasileiro,played,DRAW
2023,12555,2,823817,15,GRUPO ÚNICO,2023-04-23,19:00,20028,Goiás,3.0,20001,Corinthians,1.0,Hailé Pinheiro,Goiania,GO,Campeonato Brasileiro,played,HOME
2023,12555,2,823818,16,GRUPO ÚNICO,2023-04-22,21:00,59849,Cruzeiro,1.0,20013,Grêmio,0.0,Independência,Belo Horizonte,MG,Campeonato Brasileiro,played,HOME
2023,12555,2,823819,17,GRUPO ÚNICO,2023-04-23,11:00,20011,Internacional,2.0,20016,Flamengo,1.0,Beira-Rio,Porto Alegre,RS,Campeonato Brasileiro,played,HOME
2023,12555,2,823820,18,GRUPO ÚNICO,2023-04-23,18:30,61590,Coritiba SAF,0.0,20048,Fortaleza Esporte Clube,3.0,Couto Pereira,Curitiba,PR,Campeonato Brasileiro,played,AWAY
2023,12555,2,823821,19,GRUPO ÚNICO,2023-04-24,20:00,61377,Bahia,1.0,60175,Botafogo,2.0,Arena Fonte Nova,Salvador,BA,Campeonato Brasileiro,played,AWAY
2023,12555,2,823822,20,GRUPO ÚNICO,2023-04-22,18:30,20800,Cuiabá,1.0,20007,Red Bull Bragantino,1.0,Arena Pantanal,Cuiaba,MT,Campeonato Brasileiro,played,DRAW
2023,12555,3,823823,21,GRUPO ÚNICO,2023-04-30,16:00,20016,Flamengo,2.0,60175,Botafogo,3.0,Maracanã,Rio de Janeiro,RJ,Campeonato Brasileiro,played,AWAY
2023,12555,3,823824,22,GRUPO ÚNICO,2023-05-01,20:00,60646,Vasco da Gama Saf,0.0,61377,Bahia,1.0,São Januário,Rio de Janeiro,RJ,Campeonato Brasileiro,played,AWAY
2023,12555,3,823825,23,GRUPO ÚNICO,2023-04-29,18:30,20002,Palmeiras,2.0,20001,Corinthians,1.0,Nubank Parque,Sao Paulo,SP,Campeonato Brasileiro,played,HOME
2023,12555,3,823826,24,GRUPO ÚNICO,2023-04-29,18:30,20008,Santos FC,3.0,59897,América,2.0,Vila Belmiro,Santos,SP,Campeonato Brasileiro,played,HOME
2023,12555,3,823827,25,GRUPO ÚNICO,2023-04-29,18:30,20007,Red Bull Bragantino,0.0,59849,Cruzeiro,3.0,Nabi Abi Chedid,Braganca Paulista,SP,Campeonato Brasileiro,played,AWAY
2023,12555,3,823828,26,GRUPO ÚNICO,2023-04-29,21:00,62194,Atlético Mineiro,2.0,20052,Athletico Paranaense,1.0,Independência,Belo Horizonte,MG,Campeonato Brasileiro,played,HOME
2023,12555,3,823829,27,GRUPO ÚNICO,2023-04-30,18:30,20011,Internacional,1.0,20028,Goiás,0.0,Beira-Rio,Porto Alegre,RS,Campeonato Brasileiro,played,HOME
2023,12555,3,823830,28,GRUPO ÚNICO,2023-04-29,16:30,61590,Coritiba SAF,1.0,20005,São Paulo,1.0,Couto Pereira,Curitiba,PR,Campeonato Brasileiro,played,DRAW
2023,12555,3,823831,29,GRUPO ÚNICO,2023-04-29,16:30,20048,Fortaleza Esporte Clube,4.0,20014,Fluminense,2.0,Arena Castelão,Fortaleza,CE,Campeonato Brasileiro,played,HOME
2023,12555,3,823832,30,GRUPO ÚNICO,2023-04-30,18:30,20800,Cuiabá,1.0,20013,Grêmio,2.0,Arena Pantanal,Cuiaba,MT,Campeonato Brasileiro,played,AWAY
2023,12555,4,823833,31,GRUPO ÚNICO,2023-05-06,21:00,20014,Fluminense,1.0,60646,Vasco da Gama Saf,1.0,Maracanã,Rio de Janeiro,RJ,Campeonato Brasileiro,played,DRAW
2023,12555,4,823834,32,GRUPO ÚNICO,2023-05-07,18:30,60175,Botafogo,2.0,62194,Atlético Mineiro,0.0,Nilton Santos,Rio de Janeiro,RJ,Campeonato Brasileiro,played,HOME
2023,12555,4,823835,33,GRUPO ÚNICO,2023-05-07,16:00,20005,São Paulo,2.0,20011,Internacional,0.0,Morumbi,Sao Paulo,SP,Campeonato Brasileiro,played,HOME
2023,12555,4,823836,34,GRUPO ÚNICO,2023-05-08,20:00,20001,Corinthians,1.0,20048,Fortaleza Esporte Clube,1.0,Neo Química Arena,Sao Paulo,SP,Campeonato Brasileiro,played,DRAW
2023,12555,4,823837,35,GRUPO ÚNICO,2023-05-07,18:30,20028,Goiás,0.0,20002,Palmeiras,5.0,Hailé Pinheiro,Goiania,GO,Campeonato Brasileiro,played,AWAY
2023,12555,4,823838,36,GRUPO ÚNICO,2023-05-06,16:00,59849,Cruzeiro,2.0,20008,Santos FC,1.0,Independência,Belo Horizonte,MG,Campeonato Brasileiro,played,HOME
2023,12555,4,823839,37,GRUPO ÚNICO,2023-05-07,18:30,20013,Grêmio,3.0,20007,Red Bull Bragantino,3.0,Arena do Grêmio,Porto Alegre,RS,Campeonato Brasileiro,played,DRAW
2023,12555,4,823840,38,GRUPO ÚNICO,2023-05-07,16:00,20052,Athletico Paranaense,2.0,20016,Flamengo,1.0,Arena da Baixada,Curitiba,PR,Campeonato Brasileiro,played,HOME
2023,12555,4,823841,39,GRUPO ÚNICO,2023-05-07,16:00,61377,Bahia,3.0,61590,Coritiba SAF,1.0,Arena Fonte Nova,Salvador,BA,Campeonato Brasileiro,played,HOME
2023,12555,4,823842,40,GRUPO ÚNICO,2023-05-07,11:00,59897,América,1.0,20800,Cuiabá,2.0,Independência,Belo Horizonte,MG,Campeonato Brasileiro,played,AWAY
2023,12555,5,823843,41,GRUPO ÚNICO,2023-05-10,20:00,20016,Flamengo,2.0,20028,Goiás,0.0,Maracanã,Rio de Janeiro,RJ,Campeonato Brasileiro,played,HOME
2023,12555,5,823844,42,GRUPO ÚNICO,2023-05-11,19:30,60175,Botafogo,3.0,20001,Corinthians,0.0,Nilton Santos,Rio de Janeiro,RJ,Campeonato Brasileiro,played,HOME
2023,12555,5,823845,43,GRUPO ÚNICO,2023-05-10,21:30,20002,Palmeiras,4.0,20013,Grêmio,1.0,Nubank Parque,Sao Paulo,SP,Campeonato Brasileiro,played,HOME
2023,12555,5,823846,44,GRUPO ÚNICO,2023-05-10,19:00,20008,Santos FC,3.0,61377,Bahia,0.0,Vila Belmiro,Santos,SP,Campeonato Brasileiro,played,HOME
2023,12555,5,823847,45,GRUPO ÚNICO,2023-05-10,19:00,20007,Red Bull Bragantino,2.0,59897,América,2.0,Nabi Abi Chedid,Braganca Paulista,SP,Campeonato Brasileiro,played,DRAW
2023,12555,5,823848,46,GRUPO ÚNICO,2023-05-10,21:30,59849,Cruzeiro,0.0,20014,Fluminense,2.0,Mineirão,Belo Horizonte,MG,Campeonato Brasileiro,played,AWAY
2023,12555,5,823849,47,GRUPO ÚNICO,2023-05-10,19:00,20011,Internacional,0.0,20052,Athletico Paranaense,2.0,Beira-Rio,Porto Alegre,RS,Campeonato Brasileiro,played,AWAY
2023,12555,5,823850,48,GRUPO ÚNICO,2023-05-11,19:00,61590,Coritiba SAF,1.0,60646,Vasco da Gama Saf,1.0,Couto Pereira,Curitiba,PR,Campeonato Brasileiro,played,DRAW
2023,12555,5,823851,49,GRUPO ÚNICO,2023-05-11,20:00,20048,Fortaleza Esporte Clube,0.0,20005,São Paulo,0.0,Arena Castelão,Fortaleza,CE,Campeonato Brasileiro,played,DRAW
2023,12555,5,823852,50,GRUPO ÚNICO,2023-05-10,20:00,20800,Cuiabá,0.0,62194,Atlético Mineiro,4.0,Arena Pantanal,Cuiaba,MT,Campeonato Brasileiro,played,AWAY
2023,12555,6,823853,51,GRUPO ÚNICO,2023-05-13,18:30,20014,Fluminense,2.0,20800,Cuiabá,0.0,Maracanã,Rio de Janeiro,RJ,Campeonato Brasileiro,played,HOME
2023,12555,6,823854,52,GRUPO ÚNICO,2023-05-14,16:00,60646,Vasco da Gama Saf,0.0,20008,Santos FC,1.0,São Januário,Rio de Janeiro,RJ,Campeonato Brasileiro,played,AWAY
2023,12555,6,823855,53,GRUPO ÚNICO,2023-05-13,18:30,20002,Palmeiras,1.0,20007,Red Bull Bragantino,1.0,Nubank Parque,Sao Paulo,SP,Campeonato Brasileiro,played,DRAW
2023,12555,6,823856,54,GRUPO ÚNICO,2023-05-14,16:00,20001,Corinthians,1.0,20005,São Paulo,1.0,Neo Química Arena,Sao Paulo,SP,Campeonato Brasileiro,played,DRAW
2023,12555,6,823857,55,GRUPO ÚNICO,2023-05-14,18:30,20028,Goiás,2.0,60175,Botafogo,1.0,Hailé Pinheiro,Goiania,GO,Campeonato Brasileiro,played,HOME
2023,12555,6,823858,56,GRUPO ÚNICO,2023-05-13,21:00,62194,Atlético Mineiro,2.0,20011,Internacional,0.0,Mineirão,Belo Horizonte,MG,Campeonato Brasileiro,played,HOME
2023,12555,6,823859,57,GRUPO ÚNICO,2023-05-14,16:00,20013,Grêmio,0.0,20048,Fortaleza Esporte Clube,0.0,Arena do Grêmio,Porto Alegre,RS,Campeonato Brasileiro,played,DRAW
2023,12555,6,823860,58,GRUPO ÚNICO,2023-05-14,18:30,20052,Athletico Paranaense,3.0,61590,Coritiba SAF,2.0,Arena da Baixada,Curitiba,PR,Campeonato Brasileiro,played,HOME
2023,12555,6,823861,59,GRUPO ÚNICO,2023-05-13,16:00,61377,Bahia,2.0,20016,Flamengo,3.0,Arena Fonte Nova,Salvador,BA,Campeonato Brasileiro,played,AWAY
2023,12555,6,823862,60,GRUPO ÚNICO,2023-05-14,18:30,59897,América,0.0,59849,Cruzeiro,4.0,Independência,Belo Horizonte,MG,Campeonato Brasileiro,played,AWAY
2023,12555,7,823863,61,GRUPO ÚNICO,2023-05-21,16:00,20016,Flamengo,1.0,20001,Corinthians,0.0,Maracanã,Rio de Janeiro,RJ,Campeonato Brasileiro,played,HOME
2023,12555,7,823864,62,GRUPO ÚNICO,2023-05-20,18:30,60175,Botafogo,1.0,20014,Fluminense,0.0,Nilton Santos,Rio de Janeiro,RJ,Campeonato Brasileiro,played,HOME
2023,12555,7,823865,63,GRUPO ÚNICO,2023-05-20,18:30,20005,São Paulo,4.0,60646,Vasco da Gama Saf,2.0,Morumbi,Sao Paulo,SP,Campeonato Brasileiro,played,HOME
2023,12555,7,823866,64,GRUPO ÚNICO,2023-05-20,21:00,20008,Santos FC,0.0,20002,Palmeiras,0.0,Vila Belmiro,Santos,SP,Campeonato Brasileiro,played,DRAW
2023,12555,7,823867,65,GRUPO ÚNICO,2023-05-20,18:30,20007,Red Bull Bragantino,2.0,20052,Athletico Paranaense,0.0,Nabi Abi Chedid,Braganca Paulista,SP,Campeonato Brasileiro,played,HOME
2023,12555,7,823868,66,GRUPO ÚNICO,2023-05-22,20:00,59849,Cruzeiro,0.0,20800,Cuiabá,1.0,Arena do Jacaré,Sete Lagoas,MG,Campeonato Brasileiro,played,AWAY
2023,12555,7,823869,67,GRUPO ÚNICO,2023-05-21,18:30,20013,Grêmio,3.0,20011,Internacional,1.0,Arena do Grêmio,Porto Alegre,RS,Campeonato Brasileiro,played,HOME
2023,12555,7,823870,68,GRUPO ÚNICO,2023-05-20,18:30,61590,Coritiba SAF,1.0,62194,Atlético Mineiro,2.0,Couto Pereira,Curitiba,PR,Campeonato Brasileiro,played,AWAY
2023,12555,7,823871,69,GRUPO ÚNICO,2023-05-20,16:00,61377,Bahia,1.0,20028,Goiás,1.0,Arena Fonte Nova,Salvador,BA,Campeonato Brasileiro,played,DRAW
2023,12555,7,823872,70,GRUPO ÚNICO,2023-05-20,18:30,59897,América,2.0,20048,Fortaleza Esporte Clube,1.0,Independência,Belo Horizonte,MG,Campeonato Brasileiro,played,HOME
2023,12555,8,823873,71,GRUPO ÚNICO,2023-05-27,18:30,20016,Flamengo,1.0,59849,Cruzeiro,1.0,Maracanã,Rio de Janeiro,RJ,Campeonato Brasileiro,played,DRAW
2023,12555,8,823874,72,GRUPO ÚNICO,2023-05-28,19:00,60175,Botafogo,2.0,59897,América,0.0,Nilton Santos,Rio de Janeiro,RJ,Campeonato Brasileiro,played,HOME
2023,12555,8,823875,73,GRUPO ÚNICO,2023-05-27,21:00,20005,São Paulo,2.0,20028,Goiás,1.0,Morumbi,Sao Paulo,SP,Campeonato Brasileiro,played,HOME
2023,12555,8,823876,74,GRUPO ÚNICO,2023-05-28,16:00,20001,Corinthians,2.0,20014,Fluminense,0.0,Neo Química Arena,Sao Paulo,SP,Campeonato Brasileiro,played,HOME
2023,12555,8,823877,75,GRUPO ÚNICO,2023-05-28,18:30,20007,Red Bull Bragantino,2.0,20008,Santos FC,0.0,Nabi Abi Chedid,Braganca Paulista,SP,Campeonato Brasileiro,played,HOME
2023,12555,8,823878,76,GRUPO ÚNICO,2023-05-28,18:30,62194,Atlético Mineiro,1.0,20002,Palmeiras,1.0,Mineirão,Belo Horizonte,MG,Campeonato Brasileiro,played,DRAW
2023,12555,8,823879,77,GRUPO ÚNICO,2023-05-28,16:00,20011,Internacional,2.0,61377,Bahia,0.0,Beira-Rio,Porto Alegre,RS,Campeonato Brasileiro,played,HOME
2023,12555,8,823880,78,GRUPO ÚNICO,2023-05-27,16:00,20052,Athletico Paranaense,1.0,20013,Grêmio,2.0,Arena da Baixada,Curitiba,PR,Campeonato Brasileiro,played,AWAY
2023,12555,8,823881,79,GRUPO ÚNICO,2023-05-27,16:00,20048,Fortaleza Esporte Clube,2.0,60646,Vasco da Gama Saf,0.0,Arena Castelão,Fortaleza,CE,Campeonato Brasileiro,played,HOME
2023,12555,8,823882,80,GRUPO ÚNICO,2023-05-27,18:30,20800,Cuiabá,1.0,61590,Coritiba SAF,1.0,Arena Pantanal,Cuiaba,MT,Campeonato Brasileiro,played,DRAW
2023,12555,9,823883,81,GRUPO ÚNICO,2023-06-04,16:00,20014,Fluminense,2.0,20007,Red Bull Bragantino,1.0,Maracanã,Rio de Janeiro,RJ,Campeonato Brasileiro,played,HOME
2023,12555,9,823884,82,GRUPO ÚNICO,2023-06-05,20:00,60646,Vasco da Gama Saf,1.0,20016,Flamengo,4.0,Maracanã,Rio de Janeiro,RJ,Campeonato Brasileiro,played,AWAY
2023,12555,9,823885,83,GRUPO ÚNICO,2023-06-04,18:30,20002,Palmeiras,3.0,61590,Coritiba SAF,1.0,Nubank Parque,Sao Paulo,SP,Campeonato Brasileiro,played,HOME
2023,12555,9,823886,84,GRUPO ÚNICO,2023-06-03,21:00,20008,Santos FC,1.0,20011,Internacional,1.0,Vila Belmiro,Santos,SP,Campeonato Brasileiro,played,DRAW
2023,12555,9,823887,85,GRUPO ÚNICO,2023-06-04,18:30,20028,Goiás,0.0,20800,Cuiabá,1.0,Hailé Pinheiro,Goiania,GO,Campeonato Brasileiro,played,AWAY
2023,12555,9,823888,86,GRUPO ÚNICO,2023-06-03,18:30,59849,Cruzeiro,0.0,62194,Atlético Mineiro,1.0,Parque do Sabiá,Uberlandia,MG,Campeonato Brasileiro,played,AWAY
2023,12555,9,823889,87,GRUPO ÚNICO,2023-06-04,16:00,20013,Grêmio,2.0,20005,São Paulo,1.0,Arena do Grêmio,Porto Alegre,RS,Campeonato Brasileiro,played,HOME
2023,12555,9,823890,88,GRUPO ÚNICO,2023-06-03,18:30,20052,Athletico Paranaense,1.0,60175,Botafogo,0.0,Arena da Baixada,Curitiba,PR,Campeonato Brasileiro,played,HOME
2023,12555,9,823891,89,GRUPO ÚNICO,2023-06-03,16:00,20048,Fortaleza Esporte Clube,0.0,61377,Bahia,0.0,Arena Castelão,Fortaleza,CE,Campeonato Brasileiro,played,DRAW
2023,12555,9,823892,90,GRUPO ÚNICO,2023-06-03,18:30,59897,América,2.0,20001,Corinthians,0.0,Independência,Belo Horizonte,MG,Campeonato Brasileiro,played,HOME
2023,12555,10,823893,91,GRUPO ÚNICO,2023-06-11,18:30,20016,Flamengo,3.0,20013,Grêmio,0.0,Maracanã,Rio de Janeiro,RJ,Campeonato Brasileiro,played,HOME
2023,12555,10,823894,92,GRUPO ÚNICO,2023-06-10,21:00,60175,Botafogo,2.0,20048,Fortaleza Esporte Clube,0.0,Nilton Santos,Rio de Janeiro,RJ,Campeonato Brasileiro,played,HOME
2023,12555,10,823895,93,GRUPO ÚNICO,2023-06-11,16:00,20005,São Paulo,0.0,20002,Palmeiras,2.0,Morumbi,Sao Paulo,SP,Campeonato Brasileiro,played,AWAY
2023,12555,10,823896,94,GRUPO ÚNICO,2023-06-10,18:30,20001,Corinthians,1.0,20800,Cuiabá,1.0,Neo Química Arena,Sao Paulo,SP,Campeonato Brasileiro,played,DRAW
2023,12555,10,823897,95,GRUPO ÚNICO,2023-06-11,18:30,20028,Goiás,2.0,20014,Fluminense,2.0,Hailé Pinheiro,Goiania,GO,Campeonato Brasileiro,played,DRAW
2023,12555,10,823898,96,GRUPO ÚNICO,2023-06-10,18:30,62194,Atlético Mineiro,1.0,20007,Red Bull Bragantino,1.0,Mineirão,Belo Horizonte,MG,Campeonato Brasileiro,played,DRAW
2023,12555,10,823899,97,GRUPO ÚNICO,2023-06-11,16:00,20011,Internacional,2.0,60646,Vasco da Gama Saf,1.0,Beira-Rio,Porto Alegre,RS,Campeonato Brasileiro,played,HOME
2023,12555,10,823900,98,GRUPO ÚNICO,2023-06-10,16:00,61590,Coritiba SAF,0.0,20008,Santos FC,0.0,Couto Pereira,Curitiba,PR,Campeonato Brasileiro,played,DRAW
2023,12555,10,823901,99,GRUPO ÚNICO,2023-06-10,18:30,61377,Bahia,2.0,59849,Cruzeiro,2.0,Arena Fonte Nova,Salvador,BA,Campeonato Brasileiro,played,DRAW
2023,12555,10,823902,100,GRUPO ÚNICO,2023-06-11,11:00,59897,América,2.0,20052,Athletico Paranaense,2.0,Mineirão,Belo Horizonte,MG,Campeonato Brasileiro,played,DRAW
2023,12555,11,823903,101,GRUPO ÚNICO,2023-06-21,21:30,20014,Fluminense,1.0,62194,Atlético Mineiro,1.0,Raulino de Oliveira,Volta Redonda,RJ,Campeonato Brasileiro,played,DRAW
2023,12555,11,823904,102,GRUPO ÚNICO,2023-06-22,20:00,60646,Vasco da Gama Saf,0.0,20028,Goiás,1.0,São Januário,Rio de Janeiro,RJ,Campeonato Brasileiro,played,AWAY
2023,12555,11,823905,103,GRUPO ÚNICO,2023-06-21,19:00,20005,São Paulo,2.0,20052,Athletico Paranaense,1.0,Morumbi,Sao Paulo,SP,Campeonato Brasileiro,played,HOME
2023,12555,11,823906,104,GRUPO ÚNICO,2023-06-21,20:00,20008,Santos FC,0.0,20001,Corinthians,2.0,Vila Belmiro,Santos,SP,Campeonato Brasileiro,played,AWAY
2023,12555,11,823907,105,GRUPO ÚNICO,2023-06-22,21:30,20007,Red Bull Bragantino,4.0,20016,Flamengo,0.0,Nabi Abi Chedid,Braganca Paulista,SP,Campeonato Brasileiro,played,HOME
2023,12555,11,823908,106,GRUPO ÚNICO,2023-06-21,19:00,59849,Cruzeiro,0.0,20048,Fortaleza Esporte Clube,1.0,Mineirão,Belo Horizonte,MG,Campeonato Brasileiro,played,AWAY
2023,12555,11,823909,107,GRUPO ÚNICO,2023-06-22,19:00,20013,Grêmio,3.0,59897,América,1.0,Arena do Grêmio,Porto Alegre,RS,Campeonato Brasileiro,played,HOME
2023,12555,11,823910,108,GRUPO ÚNICO,2023-06-22,20:00,61590,Coritiba SAF,0.0,20011,Internacional,1.0,Couto Pereira,Curitiba,PR,Campeonato Brasileiro,played,AWAY
2023,12555,11,823911,109,GRUPO ÚNICO,2023-06-21,21:30,61377,Bahia,1.0,20002,Palmeiras,0.0,Arena Fonte Nova,Salvador,BA,Campeonato Brasileiro,played,HOME
2023,12555,11,823912,110,GRUPO ÚNICO,2023-06-22,20:00,20800,Cuiabá,0.0,60175,Botafogo,1.0,Arena Pantanal,Cuiaba,MT,Campeonato Brasileiro,played,AWAY
2023,12555,12,823913,111,GRUPO ÚNICO,2023-06-24,18:30,20014,Fluminense,2.0,61377,Bahia,1.0,Maracanã,Rio de Janeiro,RJ,Campeonato Brasileiro,played,HOME
2023,12555,12,823914,112,GRUPO ÚNICO,2023-06-26,21:00,60646,Vasco da Gama Saf,1.0,20800,Cuiabá,0.0,Luso Brasileiro,Rio de Janeiro,RJ,Campeonato Brasileiro,played,HOME
2023,12555,12,823915,113,GRUPO ÚNICO,2023-06-25,16:00,20002,Palmeiras,0.0,60175,Botafogo,1.0,Nubank Parque,Sao Paulo,SP,Campeonato Brasileiro,played,AWAY
2023,12555,12,823916,114,GRUPO ÚNICO,2023-06-25,18:30,20008,Santos FC,2.0,20016,Flamengo,3.0,Vila Belmiro,Santos,SP,Campeonato Brasileiro,played,AWAY
2023,12555,12,823917,115,GRUPO ÚNICO,2023-06-25,18:30,20007,Red Bull Bragantino,2.0,20028,Goiás,0.0,Nabi Abi Chedid,Braganca Paulista,SP,Campeonato Brasileiro,played,HOME
2023,12555,12,823918,116,GRUPO ÚNICO,2023-06-24,21:00,59849,Cruzeiro,1.0,20005,São Paulo,0.0,Independência,Belo Horizonte,MG,Campeonato Brasileiro,played,HOME
2023,12555,12,823919,117,GRUPO ÚNICO,2023-06-25,16:00,20013,Grêmio,5.0,61590,Coritiba SAF,1.0,Arena do Grêmio,Porto Alegre,RS,Campeonato Brasileiro,played,HOME
2023,12555,12,823920,118,GRUPO ÚNICO,2023-06-24,16:00,20052,Athletico Paranaense,1.0,20001,Corinthians,0.0,Arena da Baixada,Curitiba,PR,Campeonato Brasileiro,played,HOME
2023,12555,12,823921,119,GRUPO ÚNICO,2023-06-24,18:30,20048,Fortaleza Esporte Clube,2.0,62194,Atlético Mineiro,1.0,Arena Castelão,Fortaleza,CE,Campeonato Brasileiro,played,HOME
2023,12555,12,823922,120,GRUPO ÚNICO,2023-06-25,18:30,59897,América,1.0,20011,Internacional,2.0,Independência,Belo Horizonte,MG,Campeonato Brasileiro,played,AWAY
2023,12555,13,823923,121,GRUPO ÚNICO,2023-07-01,18:30,20016,Flamengo,2.0,20048,Fortaleza Esporte Clube,0.0,Maracanã,Rio de Janeiro,RJ,Campeonato Brasileiro,played,HOME
2023,12555,13,823924,122,GRUPO ÚNICO,2023-07-02,16:00,60175,Botafogo,2.0,60646,Vasco da Gama Saf,0.0,Nilton Santos,Rio de Janeiro,RJ,Campeonato Brasileiro,played,HOME
2023,12555,13,823925,123,GRUPO ÚNICO,2023-07-01,16:00,20005,São Paulo,1.0,20014,Fluminense,0.0,Morumbi,Sao Paulo,SP,Campeonato Brasileiro,played,HOME
2023,12555,13,823926,124,GRUPO ÚNICO,2023-07-02,11:00,20001,Corinthians,0.0,20007,Red Bull Bragantino,1.0,Neo Química Arena,Sao Paulo,SP,Campeonato Brasileiro,played,AWAY
2023,12555,13,823927,125,GRUPO ÚNICO,2023-07-03,20:00,20028,Goiás,1.0,61590,Coritiba SAF,2.0,Hailé Pinheiro,Goiania,GO,Campeonato Brasileiro,played,AWAY
2023,12555,13,823928,126,GRUPO ÚNICO,2023-07-02,16:00,62194,Atlético Mineiro,2.0,59897,América,2.0,Mineirão,Belo Horizonte,MG,Campeonato Brasileiro,played,DRAW
2023,12555,13,823929,127,GRUPO ÚNICO,2023-07-01,21:00,20011,Internacional,0.0,59849,Cruzeiro,0.0,Beira-Rio,Porto Alegre,RS,Campeonato Brasileiro,played,DRAW
2023,12555,13,823930,128,GRUPO ÚNICO,2023-07-02,16:00,20052,Athletico Paranaense,2.0,20002,Palmeiras,2.0,Arena da Baixada,Curitiba,PR,Campeonato Brasileiro,played,DRAW
2023,12555,13,823931,129,GRUPO ÚNICO,2023-07-01,18:30,61377,Bahia,1.0,20013,Grêmio,2.0,Arena Fonte Nova,Salvador,BA,Campeonato Brasileiro,played,AWAY
2023,12555,13,823932,130,GRUPO ÚNICO,2023-07-02,18:30,20800,Cuiabá,3.0,20008,Santos FC,0.0,Arena Pantanal,Cuiaba,MT,Campeonato Brasileiro,played,HOME
2023,12555,14,823933,131,GRUPO ÚNICO,2023-07-09,16:00,20014,Fluminense,2.0,20011,Internacional,0.0,Maracanã,Rio de Janeiro,RJ,Campeonato Brasileiro,played,HOME
2023,12555,14,823934,132,GRUPO ÚNICO,2023-07-08,16:00,60646,Vasco da Gama Saf,0.0,59849,Cruzeiro,1.0,São Januário,Rio de Janeiro,RJ,Campeonato Brasileiro,played,AWAY
2023,12555,14,823935,133,GRUPO ÚNICO,2023-07-08,21:00,20002,Palmeiras,1.0,20016,Flamengo,1.0,Nubank Parque,Sao Paulo,SP,Campeonato Brasileiro,played,DRAW
2023,12555,14,823936,134,GRUPO ÚNICO,2023-07-09,11:00,20008,Santos FC,4.0,20028,Goiás,3.0,Vila Belmiro,Santos,SP,Campeonato Brasileiro,played,HOME
2023,12555,14,823937,135,GRUPO ÚNICO,2023-07-09,16:00,20007,Red Bull Bragantino,0.0,20005,São Paulo,0.0,Nabi Abi Chedid,Braganca Paulista,SP,Campeonato Brasileiro,played,DRAW
2023,12555,14,823938,136,GRUPO ÚNICO,2023-07-08,18:30,62194,Atlético Mineiro,0.0,20001,Corinthians,1.0,Mineirão,Belo Horizonte,MG,Campeonato Brasileiro,played,AWAY
2023,12555,14,823939,137,GRUPO ÚNICO,2023-07-09,18:30,20013,Grêmio,0.0,60175,Botafogo,2.0,Arena do Grêmio,Porto Alegre,RS,Campeonato Brasileiro,played,AWAY
2023,12555,14,823940,138,GRUPO ÚNICO,2023-07-08,18:30,61590,Coritiba SAF,3.0,59897,América,1.0,Couto Pereira,Curitiba,PR,Campeonato Brasileiro,played,HOME
2023,12555,14,823941,139,GRUPO ÚNICO,2023-07-09,18:30,20048,Fortaleza Esporte Clube,1.0,20052,Athletico Paranaense,0.0,Arena Castelão,Fortaleza,CE,Campeonato Brasileiro,played,HOME
2023,12555,14,823942,140,GRUPO ÚNICO,2023-07-08,16:00,20800,Cuiabá,1.0,61377,Bahia,1.0,Arena Pantanal,Cuiaba,MT,Campeonato Brasileiro,played,DRAW
2023,12555,15,823943,141,GRUPO ÚNICO,2023-07-16,16:00,20014,Fluminense,0.0,20016,Flamengo,0.0,Maracanã,Rio de Janeiro,RJ,Campeonato Brasileiro,played,DRAW
2023,12555,15,823944,142,GRUPO ÚNICO,2023-07-15,21:00,60175,Botafogo,2.0,20007,Red Bull Bragantino,0.0,Nilton Santos,Rio de Janeiro,RJ,Campeonato Brasileiro,played,HOME
2023,12555,15,823945,143,GRUPO ÚNICO,2023-07-16,16:00,20005,São Paulo,4.0,20008,Santos FC,1.0,Morumbi,Sao Paulo,SP,Campeonato Brasileiro,played,HOME
2023,12555,15,823946,144,GRUPO ÚNICO,2023-09-18,21:00,20001,Corinthians,4.0,20013,Grêmio,4.0,Neo Química Arena,Sao Paulo,SP,Campeonato Brasileiro,played,DRAW
2023,12555,15,823947,145,GRUPO ÚNICO,2023-07-17,20:00,20028,Goiás,0.0,62194,Atlético Mineiro,0.0,Hailé Pinheiro,Goiania,GO,Campeonato Brasileiro,played,DRAW
2023,12555,15,823948,146,GRUPO ÚNICO,2023-07-16,11:00,59849,Cruzeiro,0.0,61590,Coritiba SAF,0.0,Independência,Belo Horizonte,MG,Campeonato Brasileiro,played,DRAW
2023,12555,15,823949,147,GRUPO ÚNICO,2023-07-16,18:30,20011,Internacional,0.0,20002,Palmeiras,0.0,Beira-Rio,Porto Alegre,RS,Campeonato Brasileiro,played,DRAW
2023,12555,15,823950,148,GRUPO ÚNICO,2023-07-16,18:30,20052,Athletico Paranaense,2.0,61377,Bahia,0.0,Arena da Baixada,Curitiba,PR,Campeonato Brasileiro,played,HOME
2023,12555,15,823951,149,GRUPO ÚNICO,2023-07-16,16:00,20048,Fortaleza Esporte Clube,0.0,20800,Cuiabá,1.0,Arena Castelão,Fortaleza,CE,Campeonato Brasileiro,played,AWAY
2023,12555,15,823952,150,GRUPO ÚNICO,2023-09-25,20:00,59897,América,0.0,60646,Vasco da Gama Saf,1.0,Independência,Belo Horizonte,MG,Campeonato Brasileiro,played,AWAY
2023,12555,16,823953,151,GRUPO ÚNICO,2023-07-22,16:00,20016,Flamengo,1.0,59897,América,1.0,Maracanã,Rio de Janeiro,RJ,Campeonato Brasileiro,played,DRAW
2023,12555,16,823954,152,GRUPO ÚNICO,2023-07-23,18:30,60646,Vasco da Gama Saf,0.0,20052,Athletico Paranaense,2.0,São Januário,Rio de Janeiro,RJ,Campeonato Brasileiro,played,AWAY
2023,12555,16,823955,153,GRUPO ÚNICO,2023-07-22,16:00,20002,Palmeiras,3.0,20048,Fortaleza Esporte Clube,1.0,Nubank Parque,Sao Paulo,SP,Campeonato Brasileiro,played,HOME
2023,12555,16,823956,154,GRUPO ÚNICO,2023-07-23,16:00,20008,Santos FC,2.0,60175,Botafogo,2.0,Vila Belmiro,Santos,SP,Campeonato Brasileiro,played,DRAW
2023,12555,16,823957,155,GRUPO ÚNICO,2023-07-23,16:00,20007,Red Bull Bragantino,0.0,20011,Internacional,0.0,Nabi Abi Chedid,Braganca Paulista,SP,Campeonato Brasileiro,played,DRAW
2023,12555,16,823958,156,GRUPO ÚNICO,2023-07-23,16:00,59849,Cruzeiro,0.0,20028,Goiás,1.0,Independência,Belo Horizonte,MG,Campeonato Brasileiro,played,AWAY
2023,12555,16,823959,157,GRUPO ÚNICO,2023-07-22,21:00,20013,Grêmio,1.0,62194,Atlético Mineiro,0.0,Arena do Grêmio,Porto Alegre,RS,Campeonato Brasileiro,played,HOME
2023,12555,16,823960,158,GRUPO ÚNICO,2023-07-24,19:00,61590,Coritiba SAF,2.0,20014,Fluminense,0.0,Couto Pereira,Curitiba,PR,Campeonato Brasileiro,played,HOME
2023,12555,16,823961,159,GRUPO ÚNICO,2023-07-22,18:30,61377,Bahia,0.0,20001,Corinthians,0.0,Arena Fonte Nova,Salvador,BA,Campeonato Brasileiro,played,DRAW
2023,12555,16,823962,160,GRUPO ÚNICO,2023-07-22,18:30,20800,Cuiabá,2.0,20005,São Paulo,1.0,Arena Pantanal,Cuiaba,MT,Campeonato Brasileiro,played,HOME
2023,12555,17,823963,161,GRUPO ÚNICO,2023-07-29,16:00,20014,Fluminense,1.0,20008,Santos FC,0.0,Maracanã,Rio de Janeiro,RJ,Campeonato Brasileiro,played,HOME
2023,12555,17,823964,162,GRUPO ÚNICO,2023-07-30,16:00,60175,Botafogo,4.0,61590,Coritiba SAF,1.0,Nilton Santos,Rio de Janeiro,RJ,Campeonato Brasileiro,played,HOME
2023,12555,17,823965,163,GRUPO ÚNICO,2023-07-30,11:00,20005,São Paulo,0.0,61377,Bahia,0.0,Morumbi,Sao Paulo,SP,Campeonato Brasileiro,played,DRAW
2023,12555,17,823966,164,GRUPO ÚNICO,2023-07-29,18:30,20001,Corinthians,3.0,60646,Vasco da Gama Saf,1.0,Neo Química Arena,Sao Paulo,SP,Campeonato Brasileiro,played,HOME
2023,12555,17,823967,165,GRUPO ÚNICO,2023-07-30,18:30,20028,Goiás,1.0,20013,Grêmio,1.0,Hailé Pinheiro,Goiania,GO,Campeonato Brasileiro,played,DRAW
2023,12555,17,823968,166,GRUPO ÚNICO,2023-07-29,21:00,62194,Atlético Mineiro,1.0,20016,Flamengo,2.0,Independência,Belo Horizonte,MG,Campeonato Brasileiro,played,AWAY
2023,12555,17,823969,167,GRUPO ÚNICO,2023-07-29,16:00,20011,Internacional,1.0,20800,Cuiabá,2.0,Beira-Rio,Porto Alegre,RS,Campeonato Brasileiro,played,AWAY
2023,12555,17,823970,168,GRUPO ÚNICO,2023-07-29,16:00,20052,Athletico Paranaense,3.0,59849,Cruzeiro,3.0,Arena da Baixada,Curitiba,PR,Campeonato Brasileiro,played,DRAW
2023,12555,17,823971,169,GRUPO ÚNICO,2023-07-29,18:30,20048,Fortaleza Esporte Clube,0.0,20007,Red Bull Bragantino,3.0,Arena Castelão,Fortaleza,CE,Campeonato Brasileiro,played,AWAY
2023,12555,17,823972,170,GRUPO ÚNICO,2023-07-30,16:00,59897,América,1.0,20002,Palmeiras,4.0,Independência,Belo Horizonte,MG,Campeonato Brasileiro,played,AWAY
2023,12555,18,823973,171,GRUPO ÚNICO,2023-08-05,21:00,20014,Fluminense,2.0,20002,Palmeiras,1.0,Maracanã,Rio de Janeiro,RJ,Campeonato Brasileiro,played,HOME
2023,12555,18,823974,172,GRUPO ÚNICO,2023-08-06,16:00,60646,Vasco da Gama Saf,1.0,20013,Grêmio,0.0,São Januário,Rio de Janeiro,RJ,Campeonato Brasileiro,played,HOME
2023,12555,18,823975,173,GRUPO ÚNICO,2023-08-06,16:00,20005,São Paulo,0.0,62194,Atlético Mineiro,2.0,Morumbi,Sao Paulo,SP,Campeonato Brasileiro,played,AWAY
2023,12555,18,823976,174,GRUPO ÚNICO,2023-08-05,16:00,20008,Santos FC,1.0,20052,Athletico Paranaense,1.0,Vila Belmiro,Santos,SP,Campeonato Brasileiro,played,DRAW
2023,12555,18,823977,175,GRUPO ÚNICO,2023-08-05,18:30,20028,Goiás,1.0,20048,Fortaleza Esporte Clube,0.0,Hailé Pinheiro,Goiania,GO,Campeonato Brasileiro,played,HOME
2023,12555,18,823978,176,GRUPO ÚNICO,2023-08-06,18:30,59849,Cruzeiro,0.0,60175,Botafogo,0.0,Mineirão,Belo Horizonte,MG,Campeonato Brasileiro,played,DRAW
2023,12555,18,823979,177,GRUPO ÚNICO,2023-08-05,18:30,20011,Internacional,2.0,20001,Corinthians,2.0,Beira-Rio,Porto Alegre,RS,Campeonato Brasileiro,played,DRAW
2023,12555,18,823980,178,GRUPO ÚNICO,2023-08-06,18:30,61590,Coritiba SAF,0.0,20007,Red Bull Bragantino,1.0,Couto Pereira,Curitiba,PR,Campeonato Brasileiro,played,AWAY
2023,12555,18,823981,179,GRUPO ÚNICO,2023-08-06,18:30,61377,Bahia,3.0,59897,América,1.0,Arena Fonte Nova,Salvador,BA,Campeonato Brasileiro,played,HOME
2023,12555,18,823982,180,GRUPO ÚNICO,2023-08-06,20:00,20800,Cuiabá,3.0,20016,Flamengo,0.0,Arena Pantanal,Cuiaba,MT,Campeonato Brasileiro,played,HOME
2023,12555,19,823983,181,GRUPO ÚNICO,2023-08-13,18:30,20016,Flamengo,1.0,20005,São Paulo,1.0,Maracanã,Rio de Janeiro,RJ,Campeonato Brasileiro,played,DRAW
2023,12555,19,823984,182,GRUPO ÚNICO,2023-08-12,21:00,60175,Botafogo,3.0,20011,Internacional,1.0,Nilton Santos,Rio de Janeiro,RJ,Campeonato Brasileiro,played,HOME
2023,12555,19,823985,183,GRUPO ÚNICO,2023-08-14,19:00,20002,Palmeiras,1.0,59849,Cruzeiro,0.0,Nubank Parque,Sao Paulo,SP,Campeonato Brasileiro,played,HOME
2023,12555,19,823986,184,GRUPO ÚNICO,2023-08-13,16:00,20001,Corinthians,3.0,61590,Coritiba SAF,1.0,Neo Química Arena,Sao Paulo,SP,Campeonato Brasileiro,played,HOME
2023,12555,19,823987,185,GRUPO ÚNICO,2023-08-14,21:00,20007,Red Bull Bragantino,1.0,60646,Vasco da Gama Saf,1.0,Nabi Abi Chedid,Braganca Paulista,SP,Campeonato Brasileiro,played,DRAW
2023,12555,19,823988,186,GRUPO ÚNICO,2023-08-13,11:00,62194,Atlético Mineiro,1.0,61377,Bahia,0.0,Mineirão,Belo Horizonte,MG,Campeonato Brasileiro,played,HOME
2023,12555,19,823989,187,GRUPO ÚNICO,2023-08-13,16:00,20013,Grêmio,2.0,20014,Fluminense,1.0,Arena do Grêmio,Porto Alegre,RS,Campeonato Brasileiro,played,HOME
2023,12555,19,823990,188,GRUPO ÚNICO,2023-08-15,20:00,20052,Athletico Paranaense,2.0,20800,Cuiabá,0.0,Arena da Baixada,Curitiba,PR,Campeonato Brasileiro,played,HOME
2023,12555,19,823991,189,GRUPO ÚNICO,2023-08-13,18:30,20048,Fortaleza Esporte Clube,4.0,20008,Santos FC,0.0,Arena Castelão,Fortaleza,CE,Campeonato Brasileiro,played,HOME
2023,12555,19,823992,190,GRUPO ÚNICO,2023-08-13,16:00,59897,América,0.0,20028,Goiás,1.0,Independência,Belo Horizonte,MG,Campeonato Brasileiro,played,AWAY
2023,12555,20,823993,191,GRUPO ÚNICO,2023-08-19,18:30,20014,Fluminense,3.0,59897,América,1.0,Maracanã,Rio de Janeiro,RJ,Campeonato Brasileiro,played,HOME
2023,12555,20,823994,192,GRUPO ÚNICO,2023-08-20,11:00,60646,Vasco da Gama Saf,1.0,62194,Atlético Mineiro,0.0,Maracanã,Rio de Janeiro,RJ,Campeonato Brasileiro,played,HOME
2023,12555,20,823995,193,GRUPO ÚNICO,2023-08-19,16:00,20005,São Paulo,0.0,60175,Botafogo,0.0,Morumbi,Sao Paulo,SP,Campeonato Brasileiro,played,DRAW
2023,12555,20,823996,194,GRUPO ÚNICO,2023-08-20,16:00,20008,Santos FC,2.0,20013,Grêmio,1.0,Vila Belmiro,Santos,SP,Campeonato Brasileiro,played,HOME
2023,12555,20,823997,195,GRUPO ÚNICO,2023-08-21,20:00,20028,Goiás,1.0,20052,Athletico Paranaense,1.0,Hailé Pinheiro,Goiania,GO,Campeonato Brasileiro,played,DRAW
2023,12555,20,823998,196,GRUPO ÚNICO,2023-08-19,21:00,59849,Cruzeiro,1.0,20001,Corinthians,1.0,Mineirão,Belo Horizonte,MG,Campeonato Brasileiro,played,DRAW
2023,12555,20,823999,197,GRUPO ÚNICO,2023-08-19,16:00,20011,Internacional,0.0,20048,Fortaleza Esporte Clube,1.0,Beira-Rio,Porto Alegre,RS,Campeonato Brasileiro,played,AWAY
2023,12555,20,824000,198,GRUPO ÚNICO,2023-08-20,16:00,61590,Coritiba SAF,2.0,20016,Flamengo,3.0,Couto Pereira,Curitiba,PR,Campeonato Brasileiro,played,AWAY
2023,12555,20,824001,199,GRUPO ÚNICO,2023-08-20,16:00,61377,Bahia,4.0,20007,Red Bull Bragantino,0.0,Arena Fonte Nova,Salvador,BA,Campeonato Brasileiro,played,HOME
2023,12555,20,824002,200,GRUPO ÚNICO,2023-08-19,18:30,20800,Cuiabá,0.0,20002,Palmeiras,2.0,Arena Pantanal,Cuiaba,MT,Campeonato Brasileiro,played,AWAY
2023,12555,21,824003,201,GRUPO ÚNICO,2023-08-26,18:30,20016,Flamengo,0.0,20011,Internacional,0.0,Maracanã,Rio de Janeiro,RJ,Campeonato Brasileiro,played,DRAW
2023,12555,21,824004,202,GRUPO ÚNICO,2023-08-27,16:00,60175,Botafogo,3.0,61377,Bahia,0.0,Nilton Santos,Rio de Janeiro,RJ,Campeonato Brasileiro,played,HOME
2023,12555,21,824005,203,GRUPO ÚNICO,2023-08-27,18:30,20002,Palmeiras,1.0,60646,Vasco da Gama Saf,0.0,Nubank Parque,Sao Paulo,SP,Campeonato Brasileiro,played,HOME
2023,12555,21,824006,204,GRUPO ÚNICO,2023-08-26,21:00,20001,Corinthians,1.0,20028,Goiás,1.0,Neo Química Arena,Sao Paulo,SP,Campeonato Brasileiro,played,DRAW
2023,12555,21,824007,205,GRUPO ÚNICO,2023-08-27,11:00,20007,Red Bull Bragantino,2.0,20800,Cuiabá,0.0,Nabi Abi Chedid,Braganca Paulista,SP,Campeonato Brasileiro,played,HOME
2023,12555,21,824008,206,GRUPO ÚNICO,2023-08-27,16:00,62194,Atlético Mineiro,2.0,20008,Santos FC,0.0,ARENA MRV,Belo Horizonte,MG,Campeonato Brasileiro,played,HOME
2023,12555,21,824009,207,GRUPO ÚNICO,2023-08-27,19:00,20013,Grêmio,3.0,59849,Cruzeiro,0.0,Arena do Grêmio,Porto Alegre,RS,Campeonato Brasileiro,played,HOME
2023,12555,21,824010,208,GRUPO ÚNICO,2023-08-27,18:30,20052,Athletico Paranaense,2.0,20014,Fluminense,2.0,Arena da Baixada,Curitiba,PR,Campeonato Brasileiro,played,DRAW
2023,12555,21,824011,209,GRUPO ÚNICO,2023-08-27,18:30,20048,Fortaleza Esporte Clube,3.0,61590,Coritiba SAF,1.0,Presidente Vargas,Fortaleza,CE,Campeonato Brasileiro,played,HOME
2023,12555,21,824012,210,GRUPO ÚNICO,2023-08-27,16:00,59897,América,2.0,20005,São Paulo,1.0,Independência,Belo Horizonte,MG,Campeonato Brasileiro,played,HOME
2023,12555,22,824013,211,GRUPO ÚNICO,2023-09-03,16:00,20014,Fluminense,1.0,20048,Fortaleza Esporte Clube,0.0,Raulino de Oliveira,Volta Redonda,RJ,Campeonato Brasileiro,played,HOME
2023,12555,22,824014,212,GRUPO ÚNICO,2023-09-02,21:00,60175,Botafogo,1.0,20016,Flamengo,2.0,Nilton Santos,Rio de Janeiro,RJ,Campeonato Brasileiro,played,AWAY
2023,12555,22,824015,213,GRUPO ÚNICO,2023-09-27,19:00,20005,São Paulo,2.0,61590,Coritiba SAF,1.0,Morumbi,Sao Paulo,SP,Campeonato Brasileiro,played,HOME
2023,12555,22,824016,214,GRUPO ÚNICO,2023-09-03,16:00,20001,Corinthians,0.0,20002,Palmeiras,0.0,Neo Química Arena,Sao Paulo,SP,Campeonato Brasileiro,played,DRAW
2023,12555,22,824017,215,GRUPO ÚNICO,2023-09-02,16:00,20028,Goiás,0.0,20011,Internacional,0.0,Hailé Pinheiro,Goiania,GO,Campeonato Brasileiro,played,DRAW
2023,12555,22,824018,216,GRUPO ÚNICO,2023-09-03,18:30,59849,Cruzeiro,0.0,20007,Red Bull Bragantino,0.0,Mineirão,Belo Horizonte,MG,Campeonato Brasileiro,played,DRAW
2023,12555,22,824019,217,GRUPO ÚNICO,2023-09-03,11:00,20013,Grêmio,2.0,20800,Cuiabá,0.0,Arena do Grêmio,Porto Alegre,RS,Campeonato Brasileiro,played,HOME
2023,12555,22,824020,218,GRUPO ÚNICO,2023-09-02,16:00,20052,Athletico Paranaense,1.0,62194,Atlético Mineiro,1.0,Arena da Baixada,Curitiba,PR,Campeonato Brasileiro,played,DRAW
2023,12555,22,824021,219,GRUPO ÚNICO,2023-09-03,18:30,61377,Bahia,1.0,60646,Vasco da Gama Saf,1.0,Arena Fonte Nova,Salvador,BA,Campeonato Brasileiro,played,DRAW
2023,12555,22,824022,220,GRUPO ÚNICO,2023-09-03,18:30,59897,América,2.0,20008,Santos FC,0.0,Independência,Belo Horizonte,MG,Campeonato Brasileiro,played,HOME
2023,12555,23,824023,221,GRUPO ÚNICO,2023-09-13,21:30,20016,Flamengo,0.0,20052,Athletico Paranaense,3.0,Kleber Andrade,Cariacica,ES,Campeonato Brasileiro,played,AWAY
2023,12555,23,824024,222,GRUPO ÚNICO,2023-09-16,16:00,60646,Vasco da Gama Saf,4.0,20014,Fluminense,2.0,Nilton Santos,Rio de Janeiro,RJ,Campeonato Brasileiro,played,HOME
2023,12555,23,824025,223,GRUPO ÚNICO,2023-09-15,21:30,20002,Palmeiras,1.0,20028,Goiás,0.0,Nubank Parque,Sao Paulo,SP,Campeonato Brasileiro,played,HOME
2023,12555,23,824026,224,GRUPO ÚNICO,2023-09-14,19:00,20008,Santos FC,0.0,59849,Cruzeiro,3.0,Vila Belmiro,Santos,SP,Campeonato Brasileiro,played,AWAY
2023,12555,23,824027,225,GRUPO ÚNICO,2023-09-14,21:30,20007,Red Bull Bragantino,2.0,20013,Grêmio,0.0,Nabi Abi Chedid,Braganca Paulista,SP,Campeonato Brasileiro,played,HOME
2023,12555,23,824028,226,GRUPO ÚNICO,2023-09-16,21:00,62194,Atlético Mineiro,1.0,60175,Botafogo,0.0,ARENA MRV,Belo Horizonte,MG,Campeonato Brasileiro,played,HOME
2023,12555,23,824029,227,GRUPO ÚNICO,2023-09-13,21:30,20011,Internacional,2.0,20005,São Paulo,1.0,Beira-Rio,Porto Alegre,RS,Campeonato Brasileiro,played,HOME
2023,12555,23,824030,228,GRUPO ÚNICO,2023-09-14,20:00,61590,Coritiba SAF,2.0,61377,Bahia,4.0,Couto Pereira,Curitiba,PR,Campeonato Brasileiro,played,AWAY
2023,12555,23,824031,229,GRUPO ÚNICO,2023-09-14,19:00,20048,Fortaleza Esporte Clube,2.0,20001,Corinthians,1.0,Arena Castelão,Fortaleza,CE,Campeonato Brasileiro,played,HOME
2023,12555,23,824032,230,GRUPO ÚNICO,2023-09-15,20:00,20800,Cuiabá,2.0,59897,América,2.0,Arena Pantanal,Cuiaba,MT,Campeonato Brasileiro,played,DRAW
2023,12555,24,824033,231,GRUPO ÚNICO,2023-09-20,21:30,20014,Fluminense,1.0,59849,Cruzeiro,0.0,Maracanã,Rio de Janeiro,RJ,Campeonato Brasileiro,played,HOME
2023,12555,24,824034,232,GRUPO ÚNICO,2023-09-21,19:00,60646,Vasco da Gama Saf,5.0,61590,Coritiba SAF,1.0,São Januário,Rio de Janeiro,RJ,Campeonato Brasileiro,played,HOME
2023,12555,24,824035,233,GRUPO ÚNICO,2023-09-20,21:30,20005,São Paulo,1.0,20048,Fortaleza Esporte Clube,2.0,Morumbi,Sao Paulo,SP,Campeonato Brasileiro,played,AWAY
2023,12555,24,824036,234,GRUPO ÚNICO,2023-09-22,20:00,20001,Corinthians,1.0,60175,Botafogo,0.0,Neo Química Arena,Sao Paulo,SP,Campeonato Brasileiro,played,HOME
2023,12555,24,824037,235,GRUPO ÚNICO,2023-09-20,19:00,20028,Goiás,0.0,20016,Flamengo,0.0,Hailé Pinheiro,Goiania,GO,Campeonato Brasileiro,played,DRAW
2023,12555,24,824038,236,GRUPO ÚNICO,2023-09-23,21:00,62194,Atlético Mineiro,1.0,20800,Cuiabá,0.0,ARENA MRV,Belo Horizonte,MG,Campeonato Brasileiro,played,HOME
2023,12555,24,824039,237,GRUPO ÚNICO,2023-09-21,21:30,20013,Grêmio,1.0,20002,Palmeiras,0.0,Arena do Grêmio,Porto Alegre,RS,Campeonato Brasileiro,played,HOME
2023,12555,24,824040,238,GRUPO ÚNICO,2023-09-21,19:30,20052,Athletico Paranaense,2.0,20011,Internacional,1.0,Arena da Baixada,Curitiba,PR,Campeonato Brasileiro,played,HOME
2023,12555,24,824041,239,GRUPO ÚNICO,2023-09-18,20:00,61377,Bahia,1.0,20008,Santos FC,2.0,Arena Fonte Nova,Salvador,BA,Campeonato Brasileiro,played,AWAY
2023,12555,24,824042,240,GRUPO ÚNICO,2023-09-19,21:30,59897,América,0.0,20007,Red Bull Bragantino,2.0,Independência,Belo Horizonte,MG,Campeonato Brasileiro,played,AWAY
2023,12555,25,824043,241,GRUPO ÚNICO,2023-09-30,16:00,20016,Flamengo,1.0,61377,Bahia,0.0,Maracanã,Rio de Janeiro,RJ,Campeonato Brasileiro,played,HOME
2023,12555,25,824044,242,GRUPO ÚNICO,2023-10-02,20:00,60175,Botafogo,1.0,20028,Goiás,1.0,Nilton Santos,Rio de Janeiro,RJ,Campeonato Brasileiro,played,DRAW
2023,12555,25,824045,243,GRUPO ÚNICO,2023-09-30,18:30,20005,São Paulo,2.0,20001,Corinthians,1.0,Morumbi,Sao Paulo,SP,Campeonato Brasileiro,played,HOME
2023,12555,25,824046,244,GRUPO ÚNICO,2023-10-01,16:00,20008,Santos FC,4.0,60646,Vasco da Gama Saf,1.0,Vila Belmiro,Santos,SP,Campeonato Brasileiro,played,HOME
2023,12555,25,824047,245,GRUPO ÚNICO,2023-10-01,18:30,20007,Red Bull Bragantino,2.0,20002,Palmeiras,1.0,Nabi Abi Chedid,Braganca Paulista,SP,Campeonato Brasileiro,played,HOME
2023,12555,25,824048,246,GRUPO ÚNICO,2023-10-01,16:00,59849,Cruzeiro,1.0,59897,América,1.0,Mineirão,Belo Horizonte,MG,Campeonato Brasileiro,played,DRAW
2023,12555,25,824049,247,GRUPO ÚNICO,2023-09-30,21:00,20011,Internacional,0.0,62194,Atlético Mineiro,2.0,Beira-Rio,Porto Alegre,RS,Campeonato Brasileiro,played,AWAY
2023,12555,25,824050,248,GRUPO ÚNICO,2023-10-01,16:00,61590,Coritiba SAF,2.0,20052,Athletico Paranaense,0.0,Couto Pereira,Curitiba,PR,Campeonato Brasileiro,played,HOME
2023,12555,25,824051,249,GRUPO ÚNICO,2023-09-30,16:00,20048,Fortaleza Esporte Clube,1.0,20013,Grêmio,1.0,Arena Castelão,Fortaleza,CE,Campeonato Brasileiro,played,DRAW
2023,12555,25,824052,250,GRUPO ÚNICO,2023-09-30,18:30,20800,Cuiabá,3.0,20014,Fluminense,0.0,Arena Pantanal,Cuiaba,MT,Campeonato Brasileiro,played,HOME
2023,12555,26,824053,251,GRUPO ÚNICO,2023-10-08,16:00,20014,Fluminense,0.0,60175,Botafogo,2.0,Maracanã,Rio de Janeiro,RJ,Campeonato Brasileiro,played,AWAY
2023,12555,26,824054,252,GRUPO ÚNICO,2023-10-07,18:30,60646,Vasco da Gama Saf,0.0,20005,São Paulo,0.0,São Januário,Rio de Janeiro,RJ,Campeonato Brasileiro,played,DRAW
2023,12555,26,824055,253,GRUPO ÚNICO,2023-10-08,16:00,20002,Palmeiras,1.0,20008,Santos FC,2.0,Arena Barueri,Barueri,SP,Campeonato Brasileiro,played,AWAY
2023,12555,26,824056,254,GRUPO ÚNICO,2023-10-07,21:00,20001,Corinthians,1.0,20016,Flamengo,1.0,Neo Química Arena,Sao Paulo,SP,Campeonato Brasileiro,played,DRAW
2023,12555,26,824057,255,GRUPO ÚNICO,2023-10-07,16:00,20028,Goiás,4.0,61377,Bahia,6.0,Hailé Pinheiro,Goiania,GO,Campeonato Brasileiro,played,AWAY
2023,12555,26,824058,256,GRUPO ÚNICO,2023-10-08,18:30,62194,Atlético Mineiro,1.0,61590,Coritiba SAF,2.0,ARENA MRV,Belo Horizonte,MG,Campeonato Brasileiro,played,AWAY
2023,12555,26,824059,257,GRUPO ÚNICO,2023-10-08,16:00,20011,Internacional,3.0,20013,Grêmio,2.0,Beira-Rio,Porto Alegre,RS,Campeonato Brasileiro,played,HOME
2023,12555,26,824060,258,GRUPO ÚNICO,2023-10-08,18:30,20052,Athletico Paranaense,1.0,20007,Red Bull Bragantino,1.0,Arena da Baixada,Curitiba,PR,Campeonato Brasileiro,played,DRAW
2023,12555,26,824061,259,GRUPO ÚNICO,2023-10-08,18:30,20048,Fortaleza Esporte Clube,3.0,59897,América,2.0,Arena Castelão,Fortaleza,CE,Campeonato Brasileiro,played,HOME
2023,12555,26,824062,260,GRUPO ÚNICO,2023-10-14,21:00,20800,Cuiabá,0.0,59849,Cruzeiro,0.0,Arena Pantanal,Cuiaba,MT,Campeonato Brasileiro,played,DRAW
2023,12555,27,824063,261,GRUPO ÚNICO,2023-10-19,21:30,20014,Fluminense,3.0,20001,Corinthians,3.0,Maracanã,Rio de Janeiro,RJ,Campeonato Brasileiro,played,DRAW
2023,12555,27,824064,262,GRUPO ÚNICO,2023-10-18,21:30,60646,Vasco da Gama Saf,1.0,20048,Fortaleza Esporte Clube,0.0,São Januário,Rio de Janeiro,RJ,Campeonato Brasileiro,played,HOME
2023,12555,27,824065,263,GRUPO ÚNICO,2023-10-19,19:00,20002,Palmeiras,0.0,62194,Atlético Mineiro,2.0,Nubank Parque,Sao Paulo,SP,Campeonato Brasileiro,played,AWAY
2023,12555,27,824066,264,GRUPO ÚNICO,2023-10-19,20:00,20008,Santos FC,1.0,20007,Red Bull Bragantino,3.0,Vila Belmiro,Santos,SP,Campeonato Brasileiro,played,AWAY
2023,12555,27,824067,265,GRUPO ÚNICO,2023-10-18,21:30,20028,Goiás,2.0,20005,São Paulo,0.0,Hailé Pinheiro,Goiania,GO,Campeonato Brasileiro,played,HOME
2023,12555,27,824068,266,GRUPO ÚNICO,2023-10-19,19:00,59849,Cruzeiro,0.0,20016,Flamengo,2.0,Mineirão,Belo Horizonte,MG,Campeonato Brasileiro,played,AWAY
2023,12555,27,824069,267,GRUPO ÚNICO,2023-10-18,19:00,20013,Grêmio,1.0,20052,Athletico Paranaense,2.0,Arena do Grêmio,Porto Alegre,RS,Campeonato Brasileiro,played,AWAY
2023,12555,27,824070,268,GRUPO ÚNICO,2023-10-18,20:00,61590,Coritiba SAF,0.0,20800,Cuiabá,3.0,Couto Pereira,Curitiba,PR,Campeonato Brasileiro,played,AWAY
2023,12555,27,824071,269,GRUPO ÚNICO,2023-10-18,21:30,61377,Bahia,1.0,20011,Internacional,0.0,Arena Fonte Nova,Salvador,BA,Campeonato Brasileiro,played,HOME
2023,12555,27,824072,270,GRUPO ÚNICO,2023-10-18,20:00,59897,América,1.0,60175,Botafogo,2.0,Independência,Belo Horizonte,MG,Campeonato Brasileiro,played,AWAY
2023,12555,28,824073,271,GRUPO ÚNICO,2023-10-22,16:00,20016,Flamengo,1.0,60646,Vasco da Gama Saf,0.0,Maracanã,Rio de Janeiro,RJ,Campeonato Brasileiro,played,HOME
2023,12555,28,824074,272,GRUPO ÚNICO,2023-10-22,15:00,60175,Botafogo,1.0,20052,Athletico Paranaense,1.0,Nilton Santos,Rio de Janeiro,RJ,Campeonato Brasileiro,played,DRAW
2023,12555,28,824075,273,GRUPO ÚNICO,2023-10-21,18:30,20005,São Paulo,3.0,20013,Grêmio,0.0,Morumbi,Sao Paulo,SP,Campeonato Brasileiro,played,HOME
2023,12555,28,824076,274,GRUPO ÚNICO,2023-10-22,18:30,20001,Corinthians,1.0,59897,América,1.0,Neo Química Arena,Sao Paulo,SP,Campeonato Brasileiro,played,DRAW
2023,12555,28,824077,275,GRUPO ÚNICO,2023-10-22,18:30,20007,Red Bull Bragantino,1.0,20014,Fluminense,0.0,Nabi Abi Chedid,Braganca Paulista,SP,Campeonato Brasileiro,played,HOME
2023,12555,28,824078,276,GRUPO ÚNICO,2023-10-22,16:00,62194,Atlético Mineiro,0.0,59849,Cruzeiro,1.0,ARENA MRV,Belo Horizonte,MG,Campeonato Brasileiro,played,AWAY
2023,12555,28,824079,277,GRUPO ÚNICO,2023-10-22,16:00,20011,Internacional,7.0,20008,Santos FC,1.0,Beira-Rio,Porto Alegre,RS,Campeonato Brasileiro,played,HOME
2023,12555,28,824080,278,GRUPO ÚNICO,2023-10-22,18:30,61590,Coritiba SAF,0.0,20002,Palmeiras,2.0,Couto Pereira,Curitiba,PR,Campeonato Brasileiro,played,AWAY
2023,12555,28,824081,279,GRUPO ÚNICO,2023-10-21,18:30,61377,Bahia,2.0,20048,Fortaleza Esporte Clube,0.0,Arena Fonte Nova,Salvador,BA,Campeonato Brasileiro,played,HOME
2023,12555,28,824082,280,GRUPO ÚNICO,2023-10-21,18:30,20800,Cuiabá,1.0,20028,Goiás,1.0,Arena Pantanal,Cuiaba,MT,Campeonato Brasileiro,played,DRAW
2023,12555,29,824083,281,GRUPO ÚNICO,2023-10-25,19:00,20014,Fluminense,5.0,20028,Goiás,3.0,Raulino de Oliveira,Volta Redonda,RJ,Campeonato Brasileiro,played,HOME
2023,12555,29,824084,282,GRUPO ÚNICO,2023-10-26,19:00,60646,Vasco da Gama Saf,1.0,20011,Internacional,2.0,São Januário,Rio de Janeiro,RJ,Campeonato Brasileiro,played,AWAY
2023,12555,29,824085,283,GRUPO ÚNICO,2023-10-25,20:00,20002,Palmeiras,5.0,20005,São Paulo,0.0,Nubank Parque,Sao Paulo,SP,Campeonato Brasileiro,played,HOME
2023,12555,29,824086,284,GRUPO ÚNICO,2023-10-26,21:30,20008,Santos FC,2.0,61590,Coritiba SAF,1.0,Vila Belmiro,Santos,SP,Campeonato Brasileiro,played,HOME
2023,12555,29,824087,285,GRUPO ÚNICO,2023-10-25,19:00,20007,Red Bull Bragantino,1.0,62194,Atlético Mineiro,2.0,Nabi Abi Chedid,Braganca Paulista,SP,Campeonato Brasileiro,played,AWAY
2023,12555,29,824088,286,GRUPO ÚNICO,2023-10-25,20:00,59849,Cruzeiro,3.0,61377,Bahia,0.0,Mineirão,Belo Horizonte,MG,Campeonato Brasileiro,played,HOME
2023,12555,29,824089,287,GRUPO ÚNICO,2023-10-25,21:30,20013,Grêmio,3.0,20016,Flamengo,2.0,Arena do Grêmio,Porto Alegre,RS,Campeonato Brasileiro,played,HOME
2023,12555,29,824090,288,GRUPO ÚNICO,2023-10-25,19:00,20052,Athletico Paranaense,3.0,59897,América,2.0,Arena da Baixada,Curitiba,PR,Campeonato Brasileiro,played,HOME
2023,12555,29,824091,289,GRUPO ÚNICO,2023-11-23,19:00,20048,Fortaleza Esporte Clube,2.0,60175,Botafogo,2.0,Arena Castelão,Fortaleza,CE,Campeonato Brasileiro,played,DRAW
2023,12555,29,824092,290,GRUPO ÚNICO,2023-10-25,21:30,20800,Cuiabá,0.0,20001,Corinthians,1.0,Arena Pantanal,Cuiaba,MT,Campeonato Brasileiro,played,AWAY
2023,12555,30,824093,291,GRUPO ÚNICO,2023-11-23,21:30,20016,Flamengo,1.0,20007,Red Bull Bragantino,0.0,Maracanã,Rio de Janeiro,RJ,Campeonato Brasileiro,played,HOME
2023,12555,30,824094,292,GRUPO ÚNICO,2023-10-29,20:00,60175,Botafogo,0.0,20800,Cuiabá,1.0,Nilton Santos,Rio de Janeiro,RJ,Campeonato Brasileiro,played,AWAY
2023,12555,30,824095,293,GRUPO ÚNICO,2023-10-28,19:00,20002,Palmeiras,1.0,61377,Bahia,0.0,Nubank Parque,Sao Paulo,SP,Campeonato Brasileiro,played,HOME
2023,12555,30,824096,294,GRUPO ÚNICO,2023-10-29,18:30,20001,Corinthians,1.0,20008,Santos FC,1.0,Neo Química Arena,Sao Paulo,SP,Campeonato Brasileiro,played,DRAW
2023,12555,30,824097,295,GRUPO ÚNICO,2023-10-29,16:00,20028,Goiás,1.0,60646,Vasco da Gama Saf,1.0,Hailé Pinheiro,Goiania,GO,Campeonato Brasileiro,played,DRAW
2023,12555,30,824098,296,GRUPO ÚNICO,2023-10-28,21:00,62194,Atlético Mineiro,2.0,20014,Fluminense,0.0,ARENA MRV,Belo Horizonte,MG,Campeonato Brasileiro,played,HOME
2023,12555,30,824099,297,GRUPO ÚNICO,2023-10-29,18:30,20011,Internacional,3.0,61590,Coritiba SAF,4.0,Beira-Rio,Porto Alegre,RS,Campeonato Brasileiro,played,AWAY
2023,12555,30,824100,298,GRUPO ÚNICO,2023-10-29,16:00,20052,Athletico Paranaense,1.0,20005,São Paulo,1.0,Arena da Baixada,Curitiba,PR,Campeonato Brasileiro,played,DRAW
2023,12555,30,824101,299,GRUPO ÚNICO,2023-11-18,18:30,20048,Fortaleza Esporte Clube,0.0,59849,Cruzeiro,1.0,Arena Castelão,Fortaleza,CE,Campeonato Brasileiro,played,AWAY
2023,12555,30,824102,300,GRUPO ÚNICO,2023-10-28,19:00,59897,América,3.0,20013,Grêmio,4.0,Independência,Belo Horizonte,MG,Campeonato Brasileiro,played,AWAY
2023,12555,31,824103,301,GRUPO ÚNICO,2023-11-01,20:00,20016,Flamengo,1.0,20008,Santos FC,2.0,Mané Garrincha,Brasilia,DF,Campeonato Brasileiro,played,AWAY
2023,12555,31,824104,302,GRUPO ÚNICO,2023-11-01,21:30,60175,Botafogo,3.0,20002,Palmeiras,4.0,Nilton Santos,Rio de Janeiro,RJ,Campeonato Brasileiro,played,AWAY
2023,12555,31,824105,303,GRUPO ÚNICO,2023-11-02,20:00,20005,São Paulo,1.0,59849,Cruzeiro,0.0,Morumbi,Sao Paulo,SP,Campeonato Brasileiro,played,HOME
2023,12555,31,824106,304,GRUPO ÚNICO,2023-11-01,19:00,20001,Corinthians,1.0,20052,Athletico Paranaense,0.0,Neo Química Arena,Sao Paulo,SP,Campeonato Brasileiro,played,HOME
2023,12555,31,824107,305,GRUPO ÚNICO,2023-11-02,18:00,20028,Goiás,0.0,20007,Red Bull Bragantino,2.0,Hailé Pinheiro,Goiania,GO,Campeonato Brasileiro,played,AWAY
2023,12555,31,824108,306,GRUPO ÚNICO,2023-11-01,21:30,62194,Atlético Mineiro,3.0,20048,Fortaleza Esporte Clube,1.0,ARENA MRV,Belo Horizonte,MG,Campeonato Brasileiro,played,HOME
2023,12555,31,824109,307,GRUPO ÚNICO,2023-11-01,19:00,20011,Internacional,1.0,59897,América,1.0,Beira-Rio,Porto Alegre,RS,Campeonato Brasileiro,played,DRAW
2023,12555,31,824110,308,GRUPO ÚNICO,2023-11-01,20:00,61590,Coritiba SAF,1.0,20013,Grêmio,2.0,Couto Pereira,Curitiba,PR,Campeonato Brasileiro,played,AWAY
2023,12555,31,824111,309,GRUPO ÚNICO,2023-10-31,19:00,61377,Bahia,1.0,20014,Fluminense,0.0,Arena Fonte Nova,Salvador,BA,Campeonato Brasileiro,played,HOME
2023,12555,31,824112,310,GRUPO ÚNICO,2023-11-02,17:00,20800,Cuiabá,0.0,60646,Vasco da Gama Saf,2.0,Arena Pantanal,Cuiaba,MT,Campeonato Brasileiro,played,AWAY
2023,12555,32,824113,311,GRUPO ÚNICO,2023-11-22,21:30,20014,Fluminense,1.0,20005,São Paulo,0.0,Maracanã,Rio de Janeiro,RJ,Campeonato Brasileiro,played,HOME
2023,12555,32,824114,312,GRUPO ÚNICO,2023-11-06,19:00,60646,Vasco da Gama Saf,1.0,60175,Botafogo,0.0,São Januário,Rio de Janeiro,RJ,Campeonato Brasileiro,played,HOME
2023,12555,32,824115,313,GRUPO ÚNICO,2023-11-04,21:30,20002,Palmeiras,1.0,20052,Athletico Paranaense,0.0,Arena Barueri,Barueri,SP,Campeonato Brasileiro,played,HOME
2023,12555,32,824116,314,GRUPO ÚNICO,2023-11-06,21:00,20008,Santos FC,0.0,20800,Cuiabá,0.0,Vila Belmiro,Santos,SP,Campeonato Brasileiro,played,DRAW
2023,12555,32,824117,315,GRUPO ÚNICO,2023-11-05,16:00,20007,Red Bull Bragantino,1.0,20001,Corinthians,0.0,Nabi Abi Chedid,Braganca Paulista,SP,Campeonato Brasileiro,played,HOME
2023,12555,32,824118,316,GRUPO ÚNICO,2023-11-05,16:00,59849,Cruzeiro,1.0,20011,Internacional,2.0,Mineirão,Belo Horizonte,MG,Campeonato Brasileiro,played,AWAY
2023,12555,32,824119,317,GRUPO ÚNICO,2023-11-04,19:30,20013,Grêmio,1.0,61377,Bahia,0.0,Arena do Grêmio,Porto Alegre,RS,Campeonato Brasileiro,played,HOME
2023,12555,32,824120,318,GRUPO ÚNICO,2023-11-05,18:30,61590,Coritiba SAF,0.0,20028,Goiás,1.0,Couto Pereira,Curitiba,PR,Campeonato Brasileiro,played,AWAY
2023,12555,32,824121,319,GRUPO ÚNICO,2023-11-05,16:00,20048,Fortaleza Esporte Clube,0.0,20016,Flamengo,2.0,Arena Castelão,Fortaleza,CE,Campeonato Brasileiro,played,AWAY
2023,12555,32,824122,320,GRUPO ÚNICO,2023-11-04,19:30,59897,América,1.0,62194,Atlético Mineiro,1.0,Parque do Sabiá,Uberlandia,MG,Campeonato Brasileiro,played,DRAW
2023,12555,33,824123,321,GRUPO ÚNICO,2023-11-08,21:30,20016,Flamengo,3.0,20002,Palmeiras,0.0,Maracanã,Rio de Janeiro,RJ,Campeonato Brasileiro,played,HOME
2023,12555,33,824124,322,GRUPO ÚNICO,2023-11-09,20:00,60175,Botafogo,3.0,20013,Grêmio,4.0,São Januário,Rio de Janeiro,RJ,Campeonato Brasileiro,played,AWAY
2023,12555,33,824125,323,GRUPO ÚNICO,2023-11-08,20:00,20005,São Paulo,1.0,20007,Red Bull Bragantino,0.0,Vila Belmiro,Santos,SP,Campeonato Brasileiro,played,HOME
2023,12555,33,824126,324,GRUPO ÚNICO,2023-11-09,19:00,20001,Corinthians,1.0,62194,Atlético Mineiro,1.0,Neo Química Arena,Sao Paulo,SP,Campeonato Brasileiro,played,DRAW
2023,12555,33,824127,325,GRUPO ÚNICO,2023-11-09,19:00,20028,Goiás,0.0,20008,Santos FC,1.0,Hailé Pinheiro,Goiania,GO,Campeonato Brasileiro,played,AWAY
2023,12555,33,824128,326,GRUPO ÚNICO,2023-11-22,19:00,59849,Cruzeiro,2.0,60646,Vasco da Gama Saf,2.0,Mineirão,Belo Horizonte,MG,Campeonato Brasileiro,played,DRAW
2023,12555,33,824129,327,GRUPO ÚNICO,2023-11-08,19:00,20011,Internacional,0.0,20014,Fluminense,0.0,Beira-Rio,Porto Alegre,RS,Campeonato Brasileiro,played,DRAW
2023,12555,33,824130,328,GRUPO ÚNICO,2023-11-08,20:00,20052,Athletico Paranaense,1.0,20048,Fortaleza Esporte Clube,1.0,Arena da Baixada,Curitiba,PR,Campeonato Brasileiro,played,DRAW
2023,12555,33,824131,329,GRUPO ÚNICO,2023-11-09,20:00,61377,Bahia,0.0,20800,Cuiabá,3.0,Arena Fonte Nova,Salvador,BA,Campeonato Brasileiro,played,AWAY
2023,12555,33,824132,330,GRUPO ÚNICO,2023-11-08,19:00,59897,América,0.0,61590,Coritiba SAF,3.0,Independência,Belo Horizonte,MG,Campeonato Brasileiro,played,AWAY
2023,12555,34,824133,331,GRUPO ÚNICO,2023-11-11,18:30,20016,Flamengo,1.0,20014,Fluminense,1.0,Maracanã,Rio de Janeiro,RJ,Campeonato Brasileiro,played,DRAW
2023,12555,34,824134,332,GRUPO ÚNICO,2023-11-12,18:30,60646,Vasco da Gama Saf,2.0,59897,América,1.0,São Januário,Rio de Janeiro,RJ,Campeonato Brasileiro,played,HOME
2023,12555,34,824135,333,GRUPO ÚNICO,2023-11-11,21:00,20002,Palmeiras,3.0,20011,Internacional,0.0,Arena Barueri,Barueri,SP,Campeonato Brasileiro,played,HOME
2023,12555,34,824136,334,GRUPO ÚNICO,2023-11-12,18:30,20008,Santos FC,0.0,20005,São Paulo,0.0,Vila Belmiro,Santos,SP,Campeonato Brasileiro,played,DRAW
2023,12555,34,824137,335,GRUPO ÚNICO,2023-11-12,16:00,20007,Red Bull Bragantino,2.0,60175,Botafogo,2.0,Nabi Abi Chedid,Braganca Paulista,SP,Campeonato Brasileiro,played,DRAW
2023,12555,34,824138,336,GRUPO ÚNICO,2023-11-12,18:30,62194,Atlético Mineiro,2.0,20028,Goiás,1.0,ARENA MRV,Belo Horizonte,MG,Campeonato Brasileiro,played,HOME
2023,12555,34,824139,337,GRUPO ÚNICO,2023-11-12,16:00,20013,Grêmio,0.0,20001,Corinthians,1.0,Arena do Grêmio,Porto Alegre,RS,Campeonato Brasileiro,played,AWAY
2023,12555,34,824140,338,GRUPO ÚNICO,2023-11-11,16:00,61590,Coritiba SAF,1.0,59849,Cruzeiro,0.0,Vila Capanema,Curitiba,PR,Campeonato Brasileiro,played,HOME
2023,12555,34,824141,339,GRUPO ÚNICO,2023-11-12,18:30,61377,Bahia,1.0,20052,Athletico Paranaense,1.0,Arena Fonte Nova,Salvador,BA,Campeonato Brasileiro,played,DRAW
2023,12555,34,824142,340,GRUPO ÚNICO,2023-11-12,18:30,20800,Cuiabá,2.0,20048,Fortaleza Esporte Clube,1.0,Arena Pantanal,Cuiaba,MT,Campeonato Brasileiro,played,HOME
2023,12555,35,824143,341,GRUPO ÚNICO,2023-11-25,21:00,20014,Fluminense,2.0,61590,Coritiba SAF,1.0,Maracanã,Rio de Janeiro,RJ,Campeonato Brasileiro,played,HOME
2023,12555,35,824144,342,GRUPO ÚNICO,2023-11-26,16:00,60175,Botafogo,1.0,20008,Santos FC,1.0,Nilton Santos,Rio de Janeiro,RJ,Campeonato Brasileiro,played,DRAW
2023,12555,35,824145,343,GRUPO ÚNICO,2023-11-26,18:30,20005,São Paulo,0.0,20800,Cuiabá,0.0,Morumbi,Sao Paulo,SP,Campeonato Brasileiro,played,DRAW
2023,12555,35,824146,344,GRUPO ÚNICO,2023-11-24,21:00,20001,Corinthians,1.0,61377,Bahia,5.0,Neo Química Arena,Sao Paulo,SP,Campeonato Brasileiro,played,AWAY
2023,12555,35,824147,345,GRUPO ÚNICO,2023-11-27,21:00,20028,Goiás,0.0,59849,Cruzeiro,1.0,Hailé Pinheiro,Goiania,GO,Campeonato Brasileiro,played,AWAY
2023,12555,35,824148,346,GRUPO ÚNICO,2023-11-26,16:00,62194,Atlético Mineiro,3.0,20013,Grêmio,0.0,ARENA MRV,Belo Horizonte,MG,Campeonato Brasileiro,played,HOME
2023,12555,35,824149,347,GRUPO ÚNICO,2023-11-26,18:30,20011,Internacional,1.0,20007,Red Bull Bragantino,0.0,Beira-Rio,Porto Alegre,RS,Campeonato Brasileiro,played,HOME
2023,12555,35,824150,348,GRUPO ÚNICO,2023-11-25,19:30,20052,Athletico Paranaense,0.0,60646,Vasco da Gama Saf,0.0,Arena da Baixada,Curitiba,PR,Campeonato Brasileiro,played,DRAW
2023,12555,35,824151,349,GRUPO ÚNICO,2023-11-26,18:30,20048,Fortaleza Esporte Clube,2.0,20002,Palmeiras,2.0,Arena Castelão,Fortaleza,CE,Campeonato Brasileiro,played,DRAW
2023,12555,35,824152,350,GRUPO ÚNICO,2023-11-26,18:30,59897,América,0.0,20016,Flamengo,3.0,Parque do Sabiá,Uberlandia,MG,Campeonato Brasileiro,played,AWAY
2023,12555,36,824153,351,GRUPO ÚNICO,2023-11-29,19:30,20016,Flamengo,0.0,62194,Atlético Mineiro,3.0,Maracanã,Rio de Janeiro,RJ,Campeonato Brasileiro,played,AWAY
2023,12555,36,824154,352,GRUPO ÚNICO,2023-11-28,21:30,60646,Vasco da Gama Saf,2.0,20001,Corinthians,4.0,São Januário,Rio de Janeiro,RJ,Campeonato Brasileiro,played,AWAY
2023,12555,36,824155,353,GRUPO ÚNICO,2023-11-29,21:30,20002,Palmeiras,4.0,59897,América,0.0,Nubank Parque,Sao Paulo,SP,Campeonato Brasileiro,played,HOME
2023,12555,36,824156,354,GRUPO ÚNICO,2023-11-29,19:00,20008,Santos FC,0.0,20014,Fluminense,3.0,Vila Belmiro,Santos,SP,Campeonato Brasileiro,played,AWAY
2023,12555,36,824157,355,GRUPO ÚNICO,2023-11-30,20:30,20007,Red Bull Bragantino,1.0,20048,Fortaleza Esporte Clube,2.0,Nabi Abi Chedid,Braganca Paulista,SP,Campeonato Brasileiro,played,AWAY
2023,12555,36,824158,356,GRUPO ÚNICO,2023-11-30,20:00,59849,Cruzeiro,1.0,20052,Athletico Paranaense,1.0,Mineirão,Belo Horizonte,MG,Campeonato Brasileiro,played,DRAW
2023,12555,36,824159,357,GRUPO ÚNICO,2023-11-30,19:00,20013,Grêmio,2.0,20028,Goiás,1.0,Arena do Grêmio,Porto Alegre,RS,Campeonato Brasileiro,played,HOME
2023,12555,36,824160,358,GRUPO ÚNICO,2023-11-29,21:30,61590,Coritiba SAF,1.0,60175,Botafogo,1.0,Couto Pereira,Curitiba,PR,Campeonato Brasileiro,played,DRAW
2023,12555,36,824161,359,GRUPO ÚNICO,2023-11-29,20:00,61377,Bahia,0.0,20005,São Paulo,1.0,Arena Fonte Nova,Salvador,BA,Campeonato Brasileiro,played,AWAY
2023,12555,36,824162,360,GRUPO ÚNICO,2023-11-29,20:00,20800,Cuiabá,0.0,20011,Internacional,2.0,Arena Pantanal,Cuiaba,MT,Campeonato Brasileiro,played,AWAY
2023,12555,37,824163,361,GRUPO ÚNICO,2023-12-03,16:00,20016,Flamengo,2.0,20800,Cuiabá,1.0,Maracanã,Rio de Janeiro,RJ,Campeonato Brasileiro,played,HOME
2023,12555,37,824164,362,GRUPO ÚNICO,2023-12-03,18:30,60175,Botafogo,0.0,59849,Cruzeiro,0.0,Nilton Santos,Rio de Janeiro,RJ,Campeonato Brasileiro,played,DRAW
2023,12555,37,824165,363,GRUPO ÚNICO,2023-12-03,16:00,20002,Palmeiras,1.0,20014,Fluminense,0.0,Nubank Parque,Sao Paulo,SP,Campeonato Brasileiro,played,HOME
2023,12555,37,824166,364,GRUPO ÚNICO,2023-12-02,18:00,20001,Corinthians,1.0,20011,Internacional,2.0,Neo Química Arena,Sao Paulo,SP,Campeonato Brasileiro,played,AWAY
2023,12555,37,824167,365,GRUPO ÚNICO,2023-12-03,18:30,20007,Red Bull Bragantino,1.0,61590,Coritiba SAF,0.0,Nabi Abi Chedid,Braganca Paulista,SP,Campeonato Brasileiro,played,HOME
2023,12555,37,824168,366,GRUPO ÚNICO,2023-12-02,21:00,62194,Atlético Mineiro,2.0,20005,São Paulo,1.0,Mineirão,Belo Horizonte,MG,Campeonato Brasileiro,played,HOME
2023,12555,37,824169,367,GRUPO ÚNICO,2023-12-03,18:30,20013,Grêmio,1.0,60646,Vasco da Gama Saf,0.0,Arena do Grêmio,Porto Alegre,RS,Campeonato Brasileiro,played,HOME
2023,12555,37,824170,368,GRUPO ÚNICO,2023-12-03,18:30,20052,Athletico Paranaense,3.0,20008,Santos FC,0.0,Arena da Baixada,Curitiba,PR,Campeonato Brasileiro,played,HOME
2023,12555,37,824171,369,GRUPO ÚNICO,2023-12-03,18:30,20048,Fortaleza Esporte Clube,1.0,20028,Goiás,0.0,Arena Castelão,Fortaleza,CE,Campeonato Brasileiro,played,HOME
2023,12555,37,824172,370,GRUPO ÚNICO,2023-12-03,18:30,59897,América,3.0,61377,Bahia,2.0,Independência,Belo Horizonte,MG,Campeonato Brasileiro,played,HOME
2023,12555,38,824173,371,GRUPO ÚNICO,2023-12-06,21:30,20014,Fluminense,2.0,20013,Grêmio,3.0,Maracanã,Rio de Janeiro,RJ,Campeonato Brasileiro,played,AWAY
2023,12555,38,824174,372,GRUPO ÚNICO,2023-12-06,21:30,60646,Vasco da Gama Saf,2.0,20007,Red Bull Bragantino,1.0,São Januário,Rio de Janeiro,RJ,Campeonato Brasileiro,played,HOME
2023,12555,38,824175,373,GRUPO ÚNICO,2023-12-06,21:30,20005,São Paulo,1.0,20016,Flamengo,0.0,Morumbi,Sao Paulo,SP,Campeonato Brasileiro,played,HOME
2023,12555,38,824176,374,GRUPO ÚNICO,2023-12-06,21:30,20008,Santos FC,1.0,20048,Fortaleza Esporte Clube,2.0,Vila Belmiro,Santos,SP,Campeonato Brasileiro,played,AWAY
2023,12555,38,824177,375,GRUPO ÚNICO,2023-12-06,19:00,20028,Goiás,1.0,59897,América,0.0,Hailé Pinheiro,Goiania,GO,Campeonato Brasileiro,played,HOME
2023,12555,38,824178,376,GRUPO ÚNICO,2023-12-06,21:30,59849,Cruzeiro,1.0,20002,Palmeiras,1.0,Mineirão,Belo Horizonte,MG,Campeonato Brasileiro,played,DRAW
2023,12555,38,824179,377,GRUPO ÚNICO,2023-12-06,21:30,20011,Internacional,3.0,60175,Botafogo,1.0,Beira-Rio,Porto Alegre,RS,Campeonato Brasileiro,played,HOME
2023,12555,38,824180,378,GRUPO ÚNICO,2023-12-06,21:30,61590,Coritiba SAF,0.0,20001,Corinthians,2.0,Couto Pereira,Curitiba,PR,Campeonato Brasileiro,played,AWAY
2023,12555,38,824181,379,GRUPO ÚNICO,2023-12-06,21:30,61377,Bahia,4.0,62194,Atlético Mineiro,1.0,Arena Fonte Nova,Salvador,BA,Campeonato Brasileiro,played,HOME
2023,12555,38,824182,380,GRUPO ÚNICO,2023-12-06,21:30,20800,Cuiabá,3.0,20052,Athletico Paranaense,0.0,Arena Pantanal,Cuiaba,MT,Campeonato Brasileiro,played,HOME
2024,12584,1,826457,1,GRUPO ÚNICO,2024-04-13,18:30,20011,Internacional,2.0,61377,Bahia,1.0,Beira-Rio,Porto Alegre,RS,Campeonato Brasileiro,played,HOME
2024,12584,1,826458,2,GRUPO ÚNICO,2024-04-14,17:00,59849,Cruzeiro,3.0,60175,Botafogo,2.0,Mineirão,Belo Horizonte,MG,Campeonato Brasileiro,played,HOME
2024,12584,1,826459,3,GRUPO ÚNICO,2024-04-14,18:30,20018,Vitória,0.0,20002,Palmeiras,1.0,Manoel Barradas,Salvador,BA,Campeonato Brasileiro,played,AWAY
2024,12584,1,826460,4,GRUPO ÚNICO,2024-04-13,21:00,20014,Fluminense,2.0,20007,Red Bull Bragantino,2.0,Maracanã,Rio de Janeiro,RJ,Campeonato Brasileiro,played,DRAW
2024,12584,1,826461,5,GRUPO ÚNICO,2024-04-14,16:00,60646,Vasco da Gama Saf,2.0,20013,Grêmio,1.0,São Januário,Rio de Janeiro,RJ,Campeonato Brasileiro,played,HOME
2024,12584,1,826462,6,GRUPO ÚNICO,2024-04-14,16:00,20001,Corinthians,0.0,62194,Atlético Mineiro,0.0,Neo Química Arena,Sao Paulo,SP,Campeonato Brasileiro,played,DRAW
2024,12584,1,826463,7,GRUPO ÚNICO,2024-04-13,21:00,20005,São Paulo,1.0,20048,Fortaleza Esporte Clube,2.0,Morumbi,Sao Paulo,SP,Campeonato Brasileiro,played,AWAY
2024,12584,1,826464,8,GRUPO ÚNICO,2024-04-14,16:00,20052,Athletico Paranaense,4.0,20800,Cuiabá,0.0,Arena da Baixada,Curitiba,PR,Campeonato Brasileiro,played,HOME
2024,12584,1,826465,9,GRUPO ÚNICO,2024-04-14,16:00,62261,Atlético Goianiense Saf,1.0,20016,Flamengo,2.0,Serra Dourada,Goiania,GO,Campeonato Brasileiro,played,AWAY
2024,12584,1,826466,10,GRUPO ÚNICO,2024-04-13,18:30,20019,Criciúma,1.0,20027,Juventude,1.0,Heriberto Hulse,Criciuma,SC,Campeonato Brasileiro,played,DRAW
2024,12584,2,826467,11,GRUPO ÚNICO,2024-04-17,19:00,20013,Grêmio,2.0,20052,Athletico Paranaense,0.0,Arena do Grêmio,Porto Alegre,RS,Campeonato Brasileiro,played,HOME
2024,12584,2,826468,12,GRUPO ÚNICO,2024-04-17,20:00,62194,Atlético Mineiro,1.0,20019,Criciúma,1.0,ARENA MRV,Belo Horizonte,MG,Campeonato Brasileiro,played,DRAW
2024,12584,2,826469,13,GRUPO ÚNICO,2024-04-16,21:30,61377,Bahia,2.0,20014,Fluminense,1.0,Arena Fonte Nova,Salvador,BA,Campeonato Brasileiro,played,HOME
2024,12584,2,826470,14,GRUPO ÚNICO,2024-04-17,21:30,20016,Flamengo,2.0,20005,São Paulo,1.0,Maracanã,Rio de Janeiro,RJ,Campeonato Brasileiro,played,HOME
2024,12584,2,826471,15,GRUPO ÚNICO,2024-04-18,21:30,60175,Botafogo,1.0,62261,Atlético Goianiense Saf,0.0,Nilton Santos,Rio de Janeiro,RJ,Campeonato Brasileiro,played,HOME
2024,12584,2,826472,16,GRUPO ÚNICO,2024-04-17,20:00,20002,Palmeiras,0.0,20011,Internacional,1.0,Arena Barueri,Barueri,SP,Campeonato Brasileiro,played,AWAY
2024,12584,2,826473,17,GRUPO ÚNICO,2024-04-17,19:00,20007,Red Bull Bragantino,2.0,60646,Vasco da Gama Saf,1.0,Nabi Abi Chedid,Braganca Paulista,SP,Campeonato Brasileiro,played,HOME
2024,12584,2,826474,18,GRUPO ÚNICO,2024-04-17,20:00,20048,Fortaleza Esporte Clube,1.0,59849,Cruzeiro,1.0,Arena Castelão,Fortaleza,CE,Campeonato Brasileiro,played,DRAW
2024,12584,2,826475,19,GRUPO ÚNICO,2024-06-05,20:00,20800,Cuiabá,0.0,20018,Vitória,0.0,Arena Pantanal,Cuiaba,MT,Campeonato Brasileiro,played,DRAW
2024,12584,2,826476,20,GRUPO ÚNICO,2024-04-17,20:00,20027,Juventude,2.0,20001,Corinthians,0.0,Alfredo Jaconi,Caxias do Sul,RS,Campeonato Brasileiro,played,HOME
2024,12584,3,826477,21,GRUPO ÚNICO,2024-04-20,18:30,20013,Grêmio,1.0,20800,Cuiabá,0.0,Arena do Grêmio,Porto Alegre,RS,Campeonato Brasileiro,played,HOME
2024,12584,3,826478,22,GRUPO ÚNICO,2024-04-20,21:00,62194,Atlético Mineiro,3.0,59849,Cruzeiro,0.0,ARENA MRV,Belo Horizonte,MG,Campeonato Brasileiro,played,HOME
2024,12584,3,826479,23,GRUPO ÚNICO,2024-04-21,16:00,20018,Vitória,2.0,61377,Bahia,2.0,Manoel Barradas,Salvador,BA,Campeonato Brasileiro,played,DRAW
2024,12584,3,826480,24,GRUPO ÚNICO,2024-04-20,16:00,20014,Fluminense,2.0,60646,Vasco da Gama Saf,1.0,Maracanã,Rio de Janeiro,RJ,Campeonato Brasileiro,played,HOME
2024,12584,3,826481,25,GRUPO ÚNICO,2024-04-21,18:30,60175,Botafogo,5.0,20027,Juventude,1.0,Nilton Santos,Rio de Janeiro,RJ,Campeonato Brasileiro,played,HOME
2024,12584,3,826482,26,GRUPO ÚNICO,2024-04-21,16:00,20002,Palmeiras,0.0,20016,Flamengo,0.0,Nubank Parque,Sao Paulo,SP,Campeonato Brasileiro,played,DRAW
2024,12584,3,826483,27,GRUPO ÚNICO,2024-04-20,18:30,20007,Red Bull Bragantino,1.0,20001,Corinthians,0.0,Nabi Abi Chedid,Braganca Paulista,SP,Campeonato Brasileiro,played,HOME
2024,12584,3,826484,28,GRUPO ÚNICO,2024-04-21,16:00,20052,Athletico Paranaense,1.0,20011,Internacional,0.0,Arena da Baixada,Curitiba,PR,Campeonato Brasileiro,played,HOME
2024,12584,3,826485,29,GRUPO ÚNICO,2024-04-21,18:30,62261,Atlético Goianiense Saf,0.0,20005,São Paulo,3.0,Antônio Accioly,Goiania,GO,Campeonato Brasileiro,played,AWAY
2024,12584,3,826486,30,GRUPO ÚNICO,2024-07-24,19:00,20019,Criciúma,1.0,20048,Fortaleza Esporte Clube,1.0,Heriberto Hulse,Criciuma,SC,Campeonato Brasileiro,played,DRAW
2024,12584,4,826487,31,GRUPO ÚNICO,2024-04-28,20:00,20011,Internacional,1.0,62261,Atlético Goianiense Saf,1.0,Beira-Rio,Porto Alegre,RS,Campeonato Brasileiro,played,DRAW
2024,12584,4,826488,32,GRUPO ÚNICO,2024-04-28,16:00,59849,Cruzeiro,3.0,20018,Vitória,1.0,Mineirão,Belo Horizonte,MG,Campeonato Brasileiro,played,HOME
2024,12584,4,826489,33,GRUPO ÚNICO,2024-04-27,21:00,61377,Bahia,1.0,20013,Grêmio,0.0,Arena Fonte Nova,Salvador,BA,Campeonato Brasileiro,played,HOME
2024,12584,4,826490,34,GRUPO ÚNICO,2024-04-28,11:00,20016,Flamengo,0.0,60175,Botafogo,2.0,Maracanã,Rio de Janeiro,RJ,Campeonato Brasileiro,played,AWAY
2024,12584,4,826491,35,GRUPO ÚNICO,2024-04-27,16:00,60646,Vasco da Gama Saf,0.0,20019,Criciúma,4.0,São Januário,Rio de Janeiro,RJ,Campeonato Brasileiro,played,AWAY
2024,12584,4,826492,36,GRUPO ÚNICO,2024-04-28,16:00,20001,Corinthians,3.0,20014,Fluminense,0.0,Neo Química Arena,Sao Paulo,SP,Campeonato Brasileiro,played,HOME
2024,12584,4,826493,37,GRUPO ÚNICO,2024-04-29,20:00,20005,São Paulo,0.0,20002,Palmeiras,0.0,Morumbi,Sao Paulo,SP,Campeonato Brasileiro,played,DRAW
2024,12584,4,826494,38,GRUPO ÚNICO,2024-04-28,18:30,20048,Fortaleza Esporte Clube,1.0,20007,Red Bull Bragantino,1.0,Arena Castelão,Fortaleza,CE,Campeonato Brasileiro,played,DRAW
2024,12584,4,826495,39,GRUPO ÚNICO,2024-04-27,18:30,20800,Cuiabá,0.0,62194,Atlético Mineiro,3.0,Arena Pantanal,Cuiaba,MT,Campeonato Brasileiro,played,AWAY
2024,12584,4,826496,40,GRUPO ÚNICO,2024-04-28,18:30,20027,Juventude,1.0,20052,Athletico Paranaense,1.0,Alfredo Jaconi,Caxias do Sul,RS,Campeonato Brasileiro,played,DRAW
2024,12584,5,826497,41,GRUPO ÚNICO,2024-09-25,19:00,20013,Grêmio,1.0,20019,Criciúma,2.0,Arena do Grêmio,Porto Alegre,RS,Campeonato Brasileiro,played,AWAY
2024,12584,5,826498,42,GRUPO ÚNICO,2024-08-28,19:30,59849,Cruzeiro,0.0,20011,Internacional,0.0,Mineirão,Belo Horizonte,MG,Campeonato Brasileiro,played,DRAW
2024,12584,5,826499,43,GRUPO ÚNICO,2024-05-05,16:00,20018,Vitória,1.0,20005,São Paulo,3.0,Manoel Barradas,Salvador,BA,Campeonato Brasileiro,played,AWAY
2024,12584,5,826500,44,GRUPO ÚNICO,2024-05-04,16:00,20014,Fluminense,2.0,62194,Atlético Mineiro,2.0,Kleber Andrade,Cariacica,ES,Campeonato Brasileiro,played,DRAW
2024,12584,5,826501,45,GRUPO ÚNICO,2024-05-05,18:30,60175,Botafogo,1.0,61377,Bahia,2.0,Nilton Santos,Rio de Janeiro,RJ,Campeonato Brasileiro,played,AWAY
2024,12584,5,826502,46,GRUPO ÚNICO,2024-05-04,21:00,20001,Corinthians,0.0,20048,Fortaleza Esporte Clube,0.0,Neo Química Arena,Sao Paulo,SP,Campeonato Brasileiro,played,DRAW
2024,12584,5,826503,47,GRUPO ÚNICO,2024-05-04,18:30,20007,Red Bull Bragantino,1.0,20016,Flamengo,1.0,Nabi Abi Chedid,Braganca Paulista,SP,Campeonato Brasileiro,played,DRAW
2024,12584,5,826504,48,GRUPO ÚNICO,2024-05-05,16:00,20052,Athletico Paranaense,1.0,60646,Vasco da Gama Saf,0.0,Arena da Baixada,Curitiba,PR,Campeonato Brasileiro,played,HOME
2024,12584,5,826505,49,GRUPO ÚNICO,2024-05-05,18:30,20800,Cuiabá,0.0,20002,Palmeiras,2.0,Arena Pantanal,Cuiaba,MT,Campeonato Brasileiro,played,AWAY
2024,12584,5,826506,50,GRUPO ÚNICO,2024-06-05,19:00,20027,Juventude,1.0,62261,Atlético Goianiense Saf,0.0,Alfredo Jaconi,Caxias do Sul,RS,Campeonato Brasileiro,played,HOME
2024,12584,6,826507,51,GRUPO ÚNICO,2024-08-14,19:30,20011,Internacional,2.0,20027,Juventude,1.0,Beira-Rio,Porto Alegre,RS,Campeonato Brasileiro,played,HOME
2024,12584,6,826508,52,GRUPO ÚNICO,2024-10-09,19:30,62194,Atlético Mineiro,2.0,20013,Grêmio,1.0,ARENA MRV,Belo Horizonte,MG,Campeonato Brasileiro,played,HOME
2024,12584,6,826509,53,GRUPO ÚNICO,2024-05-12,18:30,61377,Bahia,1.0,20007,Red Bull Bragantino,0.0,Arena Fonte Nova,Salvador,BA,Campeonato Brasileiro,played,HOME
2024,12584,6,826510,54,GRUPO ÚNICO,2024-05-11,16:00,20016,Flamengo,2.0,20001,Corinthians,0.0,Maracanã,Rio de Janeiro,RJ,Campeonato Brasileiro,played,HOME
2024,12584,6,826511,55,GRUPO ÚNICO,2024-05-12,18:30,60646,Vasco da Gama Saf,2.0,20018,Vitória,1.0,São Januário,Rio de Janeiro,RJ,Campeonato Brasileiro,played,HOME
2024,12584,6,826512,56,GRUPO ÚNICO,2024-05-12,16:00,20002,Palmeiras,0.0,20052,Athletico Paranaense,2.0,Arena Barueri,Barueri,SP,Campeonato Brasileiro,played,AWAY
2024,12584,6,826513,57,GRUPO ÚNICO,2024-05-13,20:00,20005,São Paulo,2.0,20014,Fluminense,1.0,Morumbi,Sao Paulo,SP,Campeonato Brasileiro,played,HOME
2024,12584,6,826514,58,GRUPO ÚNICO,2024-05-12,16:00,20048,Fortaleza Esporte Clube,1.0,60175,Botafogo,1.0,Arena Castelão,Fortaleza,CE,Campeonato Brasileiro,played,DRAW
2024,12584,6,826515,59,GRUPO ÚNICO,2024-05-12,16:00,62261,Atlético Goianiense Saf,0.0,59849,Cruzeiro,1.0,Antônio Accioly,Goiania,GO,Campeonato Brasileiro,played,AWAY
2024,12584,6,826516,60,GRUPO ÚNICO,2024-06-09,16:00,20019,Criciúma,2.0,20800,Cuiabá,5.0,Heriberto Hulse,Criciuma,SC,Campeonato Brasileiro,played,AWAY
2024,12584,7,826517,61,GRUPO ÚNICO,2024-06-01,16:00,20013,Grêmio,0.0,20007,Red Bull Bragantino,2.0,Couto Pereira,Curitiba,PR,Campeonato Brasileiro,played,AWAY
2024,12584,7,826518,62,GRUPO ÚNICO,2024-06-02,16:00,62194,Atlético Mineiro,1.0,61377,Bahia,1.0,ARENA MRV,Belo Horizonte,MG,Campeonato Brasileiro,played,DRAW
2024,12584,7,826519,63,GRUPO ÚNICO,2024-06-01,16:00,20018,Vitória,0.0,62261,Atlético Goianiense Saf,2.0,Manoel Barradas,Salvador,BA,Campeonato Brasileiro,played,AWAY
2024,12584,7,826520,64,GRUPO ÚNICO,2024-06-01,18:30,20014,Fluminense,1.0,20027,Juventude,1.0,Maracanã,Rio de Janeiro,RJ,Campeonato Brasileiro,played,DRAW
2024,12584,7,826521,65,GRUPO ÚNICO,2024-06-02,16:00,60646,Vasco da Gama Saf,1.0,20016,Flamengo,6.0,Maracanã,Rio de Janeiro,RJ,Campeonato Brasileiro,played,AWAY
2024,12584,7,826522,66,GRUPO ÚNICO,2024-06-01,21:00,20001,Corinthians,0.0,60175,Botafogo,1.0,Neo Química Arena,Sao Paulo,SP,Campeonato Brasileiro,played,AWAY
2024,12584,7,826523,67,GRUPO ÚNICO,2024-06-02,18:30,20005,São Paulo,2.0,59849,Cruzeiro,0.0,Morumbi,Sao Paulo,SP,Campeonato Brasileiro,played,HOME
2024,12584,7,826524,68,GRUPO ÚNICO,2024-06-02,18:30,20048,Fortaleza Esporte Clube,1.0,20052,Athletico Paranaense,0.0,Presidente Vargas,Fortaleza,CE,Campeonato Brasileiro,played,HOME
2024,12584,7,826525,69,GRUPO ÚNICO,2024-06-01,18:30,20800,Cuiabá,0.0,20011,Internacional,1.0,Arena Pantanal,Cuiaba,MT,Campeonato Brasileiro,played,AWAY
2024,12584,7,826526,70,GRUPO ÚNICO,2024-06-02,16:00,20019,Criciúma,1.0,20002,Palmeiras,2.0,Heriberto Hulse,Criciuma,SC,Campeonato Brasileiro,played,AWAY
2024,12584,8,826527,71,GRUPO ÚNICO,2024-06-13,20:00,20011,Internacional,0.0,20005,São Paulo,0.0,Heriberto Hulse,Criciuma,SC,Campeonato Brasileiro,played,DRAW
2024,12584,8,826528,72,GRUPO ÚNICO,2024-06-13,19:00,59849,Cruzeiro,2.0,20800,Cuiabá,1.0,Mineirão,Belo Horizonte,MG,Campeonato Brasileiro,played,HOME
2024,12584,8,826529,73,GRUPO ÚNICO,2024-06-13,21:30,61377,Bahia,1.0,20048,Fortaleza Esporte Clube,0.0,Arena Fonte Nova,Salvador,BA,Campeonato Brasileiro,played,HOME
2024,12584,8,826530,74,GRUPO ÚNICO,2024-06-13,20:00,20016,Flamengo,2.0,20013,Grêmio,1.0,Maracanã,Rio de Janeiro,RJ,Campeonato Brasileiro,played,HOME
2024,12584,8,826531,75,GRUPO ÚNICO,2024-06-11,20:00,60175,Botafogo,1.0,20014,Fluminense,0.0,Nilton Santos,Rio de Janeiro,RJ,Campeonato Brasileiro,played,HOME
2024,12584,8,826532,76,GRUPO ÚNICO,2024-06-13,21:30,20002,Palmeiras,2.0,60646,Vasco da Gama Saf,0.0,Nubank Parque,Sao Paulo,SP,Campeonato Brasileiro,played,HOME
2024,12584,8,826533,77,GRUPO ÚNICO,2024-06-11,21:30,20007,Red Bull Bragantino,1.0,62194,Atlético Mineiro,2.0,Nabi Abi Chedid,Braganca Paulista,SP,Campeonato Brasileiro,played,AWAY
2024,12584,8,826534,78,GRUPO ÚNICO,2024-06-13,20:00,20052,Athletico Paranaense,3.0,20019,Criciúma,1.0,Arena da Baixada,Curitiba,PR,Campeonato Brasileiro,played,HOME
2024,12584,8,826535,79,GRUPO ÚNICO,2024-06-11,19:00,62261,Atlético Goianiense Saf,2.0,20001,Corinthians,2.0,Antônio Accioly,Goiania,GO,Campeonato Brasileiro,played,DRAW
2024,12584,8,826536,80,GRUPO ÚNICO,2024-06-11,19:00,20027,Juventude,1.0,20018,Vitória,1.0,Alfredo Jaconi,Caxias do Sul,RS,Campeonato Brasileiro,played,DRAW
2024,12584,9,826537,81,GRUPO ÚNICO,2024-06-16,18:30,20013,Grêmio,1.0,60175,Botafogo,2.0,Kleber Andrade,Cariacica,ES,Campeonato Brasileiro,played,AWAY
2024,12584,9,826538,82,GRUPO ÚNICO,2024-06-17,20:30,62194,Atlético Mineiro,0.0,20002,Palmeiras,4.0,ARENA MRV,Belo Horizonte,MG,Campeonato Brasileiro,played,AWAY
2024,12584,9,826539,83,GRUPO ÚNICO,2024-06-16,16:00,20018,Vitória,2.0,20011,Internacional,1.0,Manoel Barradas,Salvador,BA,Campeonato Brasileiro,played,HOME
2024,12584,9,826540,84,GRUPO ÚNICO,2024-06-15,21:00,20014,Fluminense,1.0,62261,Atlético Goianiense Saf,2.0,Maracanã,Rio de Janeiro,RJ,Campeonato Brasileiro,played,AWAY
2024,12584,9,826541,85,GRUPO ÚNICO,2024-06-16,18:30,60646,Vasco da Gama Saf,0.0,59849,Cruzeiro,0.0,São Januário,Rio de Janeiro,RJ,Campeonato Brasileiro,played,DRAW
2024,12584,9,826542,86,GRUPO ÚNICO,2024-06-16,16:00,20001,Corinthians,2.0,20005,São Paulo,2.0,Neo Química Arena,Sao Paulo,SP,Campeonato Brasileiro,played,DRAW
2024,12584,9,826543,87,GRUPO ÚNICO,2024-06-15,18:30,20007,Red Bull Bragantino,2.0,20027,Juventude,1.0,Nabi Abi Chedid,Braganca Paulista,SP,Campeonato Brasileiro,played,HOME
2024,12584,9,826544,88,GRUPO ÚNICO,2024-06-16,16:00,20052,Athletico Paranaense,1.0,20016,Flamengo,1.0,Arena da Baixada,Curitiba,PR,Campeonato Brasileiro,played,DRAW
2024,12584,9,826545,89,GRUPO ÚNICO,2024-06-16,18:30,20800,Cuiabá,5.0,20048,Fortaleza Esporte Clube,0.0,Arena Pantanal,Cuiaba,MT,Campeonato Brasileiro,played,HOME
2024,12584,9,826546,90,GRUPO ÚNICO,2024-06-16,18:30,20019,Criciúma,2.0,61377,Bahia,2.0,Heriberto Hulse,Criciuma,SC,Campeonato Brasileiro,played,DRAW
2024,12584,10,826547,91,GRUPO ÚNICO,2024-06-19,21:30,20011,Internacional,1.0,20001,Corinthians,0.0,Orlando Scarpelli,Florianopolis,SC,Campeonato Brasileiro,played,HOME
2024,12584,10,826548,92,GRUPO ÚNICO,2024-06-19,21:30,59849,Cruzeiro,2.0,20014,Fluminense,0.0,Mineirão,Belo Horizonte,MG,Campeonato Brasileiro,played,HOME
2024,12584,10,826549,93,GRUPO ÚNICO,2024-06-20,18:30,20018,Vitória,4.0,62194,Atlético Mineiro,2.0,Manoel Barradas,Salvador,BA,Campeonato Brasileiro,played,HOME
2024,12584,10,826550,94,GRUPO ÚNICO,2024-06-20,20:00,20016,Flamengo,2.0,61377,Bahia,1.0,Maracanã,Rio de Janeiro,RJ,Campeonato Brasileiro,played,HOME
2024,12584,10,826551,95,GRUPO ÚNICO,2024-06-19,19:00,60175,Botafogo,1.0,20052,Athletico Paranaense,1.0,Nilton Santos,Rio de Janeiro,RJ,Campeonato Brasileiro,played,DRAW
2024,12584,10,826552,96,GRUPO ÚNICO,2024-06-20,21:30,20002,Palmeiras,2.0,20007,Red Bull Bragantino,1.0,Nubank Parque,Sao Paulo,SP,Campeonato Brasileiro,played,HOME
2024,12584,10,826553,97,GRUPO ÚNICO,2024-06-19,20:00,20005,São Paulo,0.0,20800,Cuiabá,1.0,Morumbi,Sao Paulo,SP,Campeonato Brasileiro,played,AWAY
2024,12584,10,826554,98,GRUPO ÚNICO,2024-06-19,20:00,20048,Fortaleza Esporte Clube,1.0,20013,Grêmio,0.0,Arena Castelão,Fortaleza,CE,Campeonato Brasileiro,played,HOME
2024,12584,10,826555,99,GRUPO ÚNICO,2024-06-19,19:00,62261,Atlético Goianiense Saf,1.0,20019,Criciúma,2.0,Antônio Accioly,Goiania,GO,Campeonato Brasileiro,played,AWAY
2024,12584,10,826556,100,GRUPO ÚNICO,2024-06-19,20:00,20027,Juventude,2.0,60646,Vasco da Gama Saf,0.0,Alfredo Jaconi,Caxias do Sul,RS,Campeonato Brasileiro,played,HOME
2024,12584,11,826557,101,GRUPO ÚNICO,2024-06-22,17:30,20013,Grêmio,0.0,20011,Internacional,1.0,Couto Pereira,Curitiba,PR,Campeonato Brasileiro,played,AWAY
2024,12584,11,826558,102,GRUPO ÚNICO,2024-06-23,18:30,62194,Atlético Mineiro,1.0,20048,Fortaleza Esporte Clube,1.0,ARENA MRV,Belo Horizonte,MG,Campeonato Brasileiro,played,DRAW
2024,12584,11,826559,103,GRUPO ÚNICO,2024-06-23,16:00,61377,Bahia,4.0,59849,Cruzeiro,1.0,Arena Fonte Nova,Salvador,BA,Campeonato Brasileiro,played,HOME
2024,12584,11,826560,104,GRUPO ÚNICO,2024-06-23,16:00,20014,Fluminense,0.0,20016,Flamengo,1.0,Maracanã,Rio de Janeiro,RJ,Campeonato Brasileiro,played,AWAY
2024,12584,11,826561,105,GRUPO ÚNICO,2024-06-22,21:30,60646,Vasco da Gama Saf,4.0,20005,São Paulo,1.0,São Januário,Rio de Janeiro,RJ,Campeonato Brasileiro,played,HOME
2024,12584,11,826562,106,GRUPO ÚNICO,2024-06-23,18:30,20002,Palmeiras,3.0,20027,Juventude,1.0,Nubank Parque,Sao Paulo,SP,Campeonato Brasileiro,played,HOME
2024,12584,11,826563,107,GRUPO ÚNICO,2024-06-23,18:30,20007,Red Bull Bragantino,2.0,20018,Vitória,1.0,Nabi Abi Chedid,Braganca Paulista,SP,Campeonato Brasileiro,played,HOME
2024,12584,11,826564,108,GRUPO ÚNICO,2024-06-23,16:00,20052,Athletico Paranaense,1.0,20001,Corinthians,1.0,Arena da Baixada,Curitiba,PR,Campeonato Brasileiro,played,DRAW
2024,12584,11,826565,109,GRUPO ÚNICO,2024-06-22,18:30,20800,Cuiabá,0.0,62261,Atlético Goianiense Saf,0.0,Arena Pantanal,Cuiaba,MT,Campeonato Brasileiro,played,DRAW
2024,12584,11,826566,110,GRUPO ÚNICO,2024-06-22,16:00,20019,Criciúma,2.0,60175,Botafogo,1.0,Heriberto Hulse,Criciuma,SC,Campeonato Brasileiro,played,HOME
2024,12584,12,826567,111,GRUPO ÚNICO,2024-06-26,21:30,20011,Internacional,1.0,62194,Atlético Mineiro,2.0,Heriberto Hulse,Criciuma,SC,Campeonato Brasileiro,played,AWAY
2024,12584,12,826568,112,GRUPO ÚNICO,2024-06-26,19:00,59849,Cruzeiro,2.0,20052,Athletico Paranaense,0.0,Mineirão,Belo Horizonte,MG,Campeonato Brasileiro,played,HOME
2024,12584,12,826569,113,GRUPO ÚNICO,2024-06-26,21:30,61377,Bahia,2.0,60646,Vasco da Gama Saf,1.0,Arena Fonte Nova,Salvador,BA,Campeonato Brasileiro,played,HOME
2024,12584,12,826570,114,GRUPO ÚNICO,2024-06-27,19:00,20014,Fluminense,0.0,20018,Vitória,1.0,Maracanã,Rio de Janeiro,RJ,Campeonato Brasileiro,played,AWAY
2024,12584,12,826571,115,GRUPO ÚNICO,2024-06-26,19:00,60175,Botafogo,2.0,20007,Red Bull Bragantino,1.0,Nilton Santos,Rio de Janeiro,RJ,Campeonato Brasileiro,played,HOME
2024,12584,12,826572,116,GRUPO ÚNICO,2024-06-26,20:00,20001,Corinthians,1.0,20800,Cuiabá,1.0,Neo Química Arena,Sao Paulo,SP,Campeonato Brasileiro,played,DRAW
2024,12584,12,826573,117,GRUPO ÚNICO,2024-06-27,20:00,20005,São Paulo,2.0,20019,Criciúma,1.0,Morumbi,Sao Paulo,SP,Campeonato Brasileiro,played,HOME
2024,12584,12,826574,118,GRUPO ÚNICO,2024-06-26,21:30,20048,Fortaleza Esporte Clube,3.0,20002,Palmeiras,0.0,Arena Castelão,Fortaleza,CE,Campeonato Brasileiro,played,HOME
2024,12584,12,826575,119,GRUPO ÚNICO,2024-06-26,20:00,62261,Atlético Goianiense Saf,1.0,20013,Grêmio,1.0,Antônio Accioly,Goiania,GO,Campeonato Brasileiro,played,DRAW
2024,12584,12,826576,120,GRUPO ÚNICO,2024-06-26,20:00,20027,Juventude,2.0,20016,Flamengo,1.0,Alfredo Jaconi,Caxias do Sul,RS,Campeonato Brasileiro,played,HOME
2024,12584,13,826577,121,GRUPO ÚNICO,2024-06-30,16:00,20013,Grêmio,1.0,20014,Fluminense,0.0,Centenário,Caxias do Sul,RS,Campeonato Brasileiro,played,HOME
2024,12584,13,826578,122,GRUPO ÚNICO,2024-06-30,11:00,62194,Atlético Mineiro,1.0,62261,Atlético Goianiense Saf,1.0,ARENA MRV,Belo Horizonte,MG,Campeonato Brasileiro,played,DRAW
2024,12584,13,826579,123,GRUPO ÚNICO,2024-06-30,18:30,20018,Vitória,0.0,20052,Athletico Paranaense,1.0,Manoel Barradas,Salvador,BA,Campeonato Brasileiro,played,AWAY
2024,12584,13,826580,124,GRUPO ÚNICO,2024-06-30,18:30,20016,Flamengo,2.0,59849,Cruzeiro,1.0,Maracanã,Rio de Janeiro,RJ,Campeonato Brasileiro,played,HOME
2024,12584,13,826581,125,GRUPO ÚNICO,2024-06-29,18:30,60646,Vasco da Gama Saf,1.0,60175,Botafogo,1.0,São Januário,Rio de Janeiro,RJ,Campeonato Brasileiro,played,DRAW
2024,12584,13,826582,126,GRUPO ÚNICO,2024-07-01,20:00,20002,Palmeiras,2.0,20001,Corinthians,0.0,Nubank Parque,Sao Paulo,SP,Campeonato Brasileiro,played,HOME
2024,12584,13,826583,127,GRUPO ÚNICO,2024-06-30,16:00,20005,São Paulo,3.0,61377,Bahia,1.0,Morumbi,Sao Paulo,SP,Campeonato Brasileiro,played,HOME
2024,12584,13,826584,128,GRUPO ÚNICO,2024-06-30,16:00,20048,Fortaleza Esporte Clube,2.0,20027,Juventude,1.0,Arena Castelão,Fortaleza,CE,Campeonato Brasileiro,played,HOME
2024,12584,13,826585,129,GRUPO ÚNICO,2024-06-29,18:30,20800,Cuiabá,1.0,20007,Red Bull Bragantino,1.0,Arena Pantanal,Cuiaba,MT,Campeonato Brasileiro,played,DRAW
2024,12584,13,826586,130,GRUPO ÚNICO,2024-06-30,18:30,20019,Criciúma,1.0,20011,Internacional,1.0,Heriberto Hulse,Criciuma,SC,Campeonato Brasileiro,played,DRAW
2024,12584,14,826587,131,GRUPO ÚNICO,2024-07-04,19:00,20013,Grêmio,2.0,20002,Palmeiras,2.0,Centenário,Caxias do Sul,RS,Campeonato Brasileiro,played,DRAW
2024,12584,14,826588,132,GRUPO ÚNICO,2024-07-03,21:30,62194,Atlético Mineiro,2.0,20016,Flamengo,4.0,ARENA MRV,Belo Horizonte,MG,Campeonato Brasileiro,played,AWAY
2024,12584,14,826589,133,GRUPO ÚNICO,2024-07-04,19:00,61377,Bahia,2.0,20027,Juventude,0.0,Arena Fonte Nova,Salvador,BA,Campeonato Brasileiro,played,HOME
2024,12584,14,826590,134,GRUPO ÚNICO,2024-07-04,20:00,20014,Fluminense,1.0,20011,Internacional,1.0,Maracanã,Rio de Janeiro,RJ,Campeonato Brasileiro,played,DRAW
2024,12584,14,826591,135,GRUPO ÚNICO,2024-07-03,20:00,60646,Vasco da Gama Saf,2.0,20048,Fortaleza Esporte Clube,0.0,São Januário,Rio de Janeiro,RJ,Campeonato Brasileiro,played,HOME
2024,12584,14,826592,136,GRUPO ÚNICO,2024-07-04,20:00,20001,Corinthians,3.0,20018,Vitória,2.0,Neo Química Arena,Sao Paulo,SP,Campeonato Brasileiro,played,HOME
2024,12584,14,826593,137,GRUPO ÚNICO,2024-07-03,21:30,20007,Red Bull Bragantino,3.0,62261,Atlético Goianiense Saf,1.0,Nabi Abi Chedid,Braganca Paulista,SP,Campeonato Brasileiro,played,HOME
2024,12584,14,826594,138,GRUPO ÚNICO,2024-07-03,21:30,20052,Athletico Paranaense,1.0,20005,São Paulo,2.0,Arena da Baixada,Curitiba,PR,Campeonato Brasileiro,played,AWAY
2024,12584,14,826595,139,GRUPO ÚNICO,2024-07-03,19:00,20800,Cuiabá,1.0,60175,Botafogo,2.0,Arena Pantanal,Cuiaba,MT,Campeonato Brasileiro,played,AWAY
2024,12584,14,826596,140,GRUPO ÚNICO,2024-07-03,20:00,20019,Criciúma,1.0,59849,Cruzeiro,0.0,Heriberto Hulse,Criciuma,SC,Campeonato Brasileiro,played,HOME
2024,12584,15,826597,141,GRUPO ÚNICO,2024-07-07,18:00,20011,Internacional,1.0,60646,Vasco da Gama Saf,2.0,Beira-Rio,Porto Alegre,RS,Campeonato Brasileiro,played,AWAY
2024,12584,15,826598,142,GRUPO ÚNICO,2024-07-07,16:00,59849,Cruzeiro,3.0,20001,Corinthians,0.0,Mineirão,Belo Horizonte,MG,Campeonato Brasileiro,played,HOME
2024,12584,15,826599,143,GRUPO ÚNICO,2024-07-07,18:30,20018,Vitória,2.0,20019,Criciúma,1.0,Manoel Barradas,Salvador,BA,Campeonato Brasileiro,played,HOME
2024,12584,15,826600,144,GRUPO ÚNICO,2024-07-06,20:00,20016,Flamengo,1.0,20800,Cuiabá,1.0,Maracanã,Rio de Janeiro,RJ,Campeonato Brasileiro,played,DRAW
2024,12584,15,826601,145,GRUPO ÚNICO,2024-07-07,20:30,60175,Botafogo,3.0,62194,Atlético Mineiro,0.0,Nilton Santos,Rio de Janeiro,RJ,Campeonato Brasileiro,played,HOME
2024,12584,15,826602,146,GRUPO ÚNICO,2024-07-07,18:30,20002,Palmeiras,2.0,61377,Bahia,0.0,Nubank Parque,Sao Paulo,SP,Campeonato Brasileiro,played,HOME
2024,12584,15,826603,147,GRUPO ÚNICO,2024-07-06,20:00,20005,São Paulo,2.0,20007,Red Bull Bragantino,0.0,Morumbi,Sao Paulo,SP,Campeonato Brasileiro,played,HOME
2024,12584,15,826604,148,GRUPO ÚNICO,2024-07-07,16:00,20048,Fortaleza Esporte Clube,1.0,20014,Fluminense,0.0,Arena Castelão,Fortaleza,CE,Campeonato Brasileiro,played,HOME
2024,12584,15,826605,149,GRUPO ÚNICO,2024-07-07,18:30,62261,Atlético Goianiense Saf,1.0,20052,Athletico Paranaense,2.0,Antônio Accioly,Goiania,GO,Campeonato Brasileiro,played,AWAY
2024,12584,15,826606,150,GRUPO ÚNICO,2024-07-07,16:00,20027,Juventude,3.0,20013,Grêmio,0.0,Alfredo Jaconi,Caxias do Sul,RS,Campeonato Brasileiro,played,HOME
2024,12584,16,826607,151,GRUPO ÚNICO,2024-07-10,18:30,20013,Grêmio,0.0,59849,Cruzeiro,2.0,Centenário,Caxias do Sul,RS,Campeonato Brasileiro,played,AWAY
2024,12584,16,826608,152,GRUPO ÚNICO,2024-07-11,21:30,62194,Atlético Mineiro,2.0,20005,São Paulo,1.0,ARENA MRV,Belo Horizonte,MG,Campeonato Brasileiro,played,HOME
2024,12584,16,826609,153,GRUPO ÚNICO,2024-07-11,21:30,20018,Vitória,0.0,60175,Botafogo,1.0,Manoel Barradas,Salvador,BA,Campeonato Brasileiro,played,AWAY
2024,12584,16,826610,154,GRUPO ÚNICO,2024-07-11,20:00,20016,Flamengo,1.0,20048,Fortaleza Esporte Clube,2.0,Maracanã,Rio de Janeiro,RJ,Campeonato Brasileiro,played,AWAY
2024,12584,16,826611,155,GRUPO ÚNICO,2024-07-10,19:00,60646,Vasco da Gama Saf,2.0,20001,Corinthians,0.0,São Januário,Rio de Janeiro,RJ,Campeonato Brasileiro,played,HOME
2024,12584,16,826612,156,GRUPO ÚNICO,2024-07-11,19:30,20002,Palmeiras,3.0,62261,Atlético Goianiense Saf,1.0,Nubank Parque,Sao Paulo,SP,Campeonato Brasileiro,played,HOME
2024,12584,16,826613,157,GRUPO ÚNICO,2024-09-25,19:00,20007,Red Bull Bragantino,2.0,20011,Internacional,2.0,Nabi Abi Chedid,Braganca Paulista,SP,Campeonato Brasileiro,played,DRAW
2024,12584,16,826614,158,GRUPO ÚNICO,2024-07-10,19:00,20052,Athletico Paranaense,1.0,61377,Bahia,3.0,Arena da Baixada,Curitiba,PR,Campeonato Brasileiro,played,AWAY
2024,12584,16,826615,159,GRUPO ÚNICO,2024-09-05,20:00,20800,Cuiabá,0.0,20027,Juventude,0.0,Arena Pantanal,Cuiaba,MT,Campeonato Brasileiro,played,DRAW
2024,12584,16,826616,160,GRUPO ÚNICO,2024-07-11,20:00,20019,Criciúma,1.0,20014,Fluminense,1.0,Heriberto Hulse,Criciuma,SC,Campeonato Brasileiro,played,DRAW
2024,12584,17,826617,161,GRUPO ÚNICO,2024-10-30,19:00,20011,Internacional,1.0,20016,Flamengo,1.0,Beira-Rio,Porto Alegre,RS,Campeonato Brasileiro,played,DRAW
2024,12584,17,826618,162,GRUPO ÚNICO,2024-07-13,16:00,59849,Cruzeiro,2.0,20007,Red Bull Bragantino,1.0,Independência,Belo Horizonte,MG,Campeonato Brasileiro,played,HOME
2024,12584,17,826619,163,GRUPO ÚNICO,2024-07-13,16:00,61377,Bahia,1.0,20800,Cuiabá,2.0,Arena Fonte Nova,Salvador,BA,Campeonato Brasileiro,played,AWAY
2024,12584,17,826620,164,GRUPO ÚNICO,2024-10-22,19:30,20014,Fluminense,1.0,20052,Athletico Paranaense,0.0,Maracanã,Rio de Janeiro,RJ,Campeonato Brasileiro,played,HOME
2024,12584,17,826621,165,GRUPO ÚNICO,2024-07-17,21:30,60175,Botafogo,1.0,20002,Palmeiras,0.0,Nilton Santos,Rio de Janeiro,RJ,Campeonato Brasileiro,played,HOME
2024,12584,17,826622,166,GRUPO ÚNICO,2024-07-16,21:00,20001,Corinthians,2.0,20019,Criciúma,1.0,Neo Química Arena,Sao Paulo,SP,Campeonato Brasileiro,played,HOME
2024,12584,17,826623,167,GRUPO ÚNICO,2024-07-17,20:00,20005,São Paulo,1.0,20013,Grêmio,0.0,Morumbi,Sao Paulo,SP,Campeonato Brasileiro,played,HOME
2024,12584,17,826624,168,GRUPO ÚNICO,2024-07-17,21:30,20048,Fortaleza Esporte Clube,3.0,20018,Vitória,1.0,Arena Castelão,Fortaleza,CE,Campeonato Brasileiro,played,HOME
2024,12584,17,826625,169,GRUPO ÚNICO,2024-07-17,19:00,62261,Atlético Goianiense Saf,0.0,60646,Vasco da Gama Saf,1.0,Antônio Accioly,Goiania,GO,Campeonato Brasileiro,played,AWAY
2024,12584,17,826626,170,GRUPO ÚNICO,2024-07-16,19:00,20027,Juventude,1.0,62194,Atlético Mineiro,1.0,Mané Garrincha,Brasilia,DF,Campeonato Brasileiro,played,DRAW
2024,12584,18,826627,171,GRUPO ÚNICO,2024-07-21,11:00,20013,Grêmio,2.0,20018,Vitória,0.0,Centenário,Caxias do Sul,RS,Campeonato Brasileiro,played,HOME
2024,12584,18,826628,172,GRUPO ÚNICO,2024-07-21,16:00,62194,Atlético Mineiro,2.0,60646,Vasco da Gama Saf,0.0,ARENA MRV,Belo Horizonte,MG,Campeonato Brasileiro,played,HOME
2024,12584,18,826629,173,GRUPO ÚNICO,2024-07-21,16:00,61377,Bahia,0.0,20001,Corinthians,1.0,Arena Fonte Nova,Salvador,BA,Campeonato Brasileiro,played,AWAY
2024,12584,18,826630,174,GRUPO ÚNICO,2024-07-20,16:00,20016,Flamengo,2.0,20019,Criciúma,1.0,Mané Garrincha,Brasilia,DF,Campeonato Brasileiro,played,HOME
2024,12584,18,826631,175,GRUPO ÚNICO,2024-07-20,18:30,60175,Botafogo,1.0,20011,Internacional,0.0,Nilton Santos,Rio de Janeiro,RJ,Campeonato Brasileiro,played,HOME
2024,12584,18,826632,176,GRUPO ÚNICO,2024-07-20,21:00,20002,Palmeiras,2.0,59849,Cruzeiro,0.0,Nubank Parque,Sao Paulo,SP,Campeonato Brasileiro,played,HOME
2024,12584,18,826633,177,GRUPO ÚNICO,2024-07-21,18:30,20007,Red Bull Bragantino,1.0,20052,Athletico Paranaense,0.0,Nabi Abi Chedid,Braganca Paulista,SP,Campeonato Brasileiro,played,HOME
2024,12584,18,826634,178,GRUPO ÚNICO,2024-07-21,18:30,20048,Fortaleza Esporte Clube,3.0,62261,Atlético Goianiense Saf,1.0,Arena Castelão,Fortaleza,CE,Campeonato Brasileiro,played,HOME
2024,12584,18,826635,179,GRUPO ÚNICO,2024-07-21,20:00,20800,Cuiabá,0.0,20014,Fluminense,1.0,Arena Pantanal,Cuiaba,MT,Campeonato Brasileiro,played,AWAY
2024,12584,18,826636,180,GRUPO ÚNICO,2024-07-21,18:30,20027,Juventude,0.0,20005,São Paulo,0.0,Mané Garrincha,Brasilia,DF,Campeonato Brasileiro,played,DRAW
2024,12584,19,826637,181,GRUPO ÚNICO,2024-09-11,19:30,20011,Internacional,2.0,20048,Fortaleza Esporte Clube,1.0,Beira-Rio,Porto Alegre,RS,Campeonato Brasileiro,played,HOME
2024,12584,19,826638,182,GRUPO ÚNICO,2024-07-24,19:00,59849,Cruzeiro,2.0,20027,Juventude,0.0,Mineirão,Belo Horizonte,MG,Campeonato Brasileiro,played,HOME
2024,12584,19,826639,183,GRUPO ÚNICO,2024-07-24,20:00,20018,Vitória,1.0,20016,Flamengo,2.0,Manoel Barradas,Salvador,BA,Campeonato Brasileiro,played,AWAY
2024,12584,19,826640,184,GRUPO ÚNICO,2024-07-24,21:30,20014,Fluminense,1.0,20002,Palmeiras,0.0,Maracanã,Rio de Janeiro,RJ,Campeonato Brasileiro,played,HOME
2024,12584,19,826641,185,GRUPO ÚNICO,2024-10-24,19:00,60646,Vasco da Gama Saf,1.0,20800,Cuiabá,0.0,São Januário,Rio de Janeiro,RJ,Campeonato Brasileiro,played,HOME
2024,12584,19,826642,186,GRUPO ÚNICO,2024-07-25,20:00,20001,Corinthians,2.0,20013,Grêmio,2.0,Neo Química Arena,Sao Paulo,SP,Campeonato Brasileiro,played,DRAW
2024,12584,19,826643,187,GRUPO ÚNICO,2024-07-24,19:30,20005,São Paulo,2.0,60175,Botafogo,2.0,Morumbi,Sao Paulo,SP,Campeonato Brasileiro,played,DRAW
2024,12584,19,826644,188,GRUPO ÚNICO,2024-11-16,18:30,20052,Athletico Paranaense,1.0,62194,Atlético Mineiro,0.0,Arena da Baixada,Curitiba,PR,Campeonato Brasileiro,played,HOME
2024,12584,19,826645,189,GRUPO ÚNICO,2024-07-24,21:30,62261,Atlético Goianiense Saf,1.0,61377,Bahia,1.0,Antônio Accioly,Goiania,GO,Campeonato Brasileiro,played,DRAW
2024,12584,19,826646,190,GRUPO ÚNICO,2024-08-28,19:30,20019,Criciúma,1.0,20007,Red Bull Bragantino,0.0,Heriberto Hulse,Criciuma,SC,Campeonato Brasileiro,played,HOME
2024,12584,20,826647,191,GRUPO ÚNICO,2024-07-28,19:00,20013,Grêmio,1.0,60646,Vasco da Gama Saf,0.0,Arena Condá,Chapeco,SC,Campeonato Brasileiro,played,HOME
2024,12584,20,826648,192,GRUPO ÚNICO,2024-07-28,19:00,62194,Atlético Mineiro,2.0,20001,Corinthians,1.0,ARENA MRV,Belo Horizonte,MG,Campeonato Brasileiro,played,HOME
2024,12584,20,826649,193,GRUPO ÚNICO,2024-07-27,20:00,61377,Bahia,1.0,20011,Internacional,1.0,Arena Fonte Nova,Salvador,BA,Campeonato Brasileiro,played,DRAW
2024,12584,20,826650,194,GRUPO ÚNICO,2024-07-28,16:00,20016,Flamengo,2.0,62261,Atlético Goianiense Saf,0.0,Maracanã,Rio de Janeiro,RJ,Campeonato Brasileiro,played,HOME
2024,12584,20,826651,195,GRUPO ÚNICO,2024-07-27,21:30,60175,Botafogo,0.0,59849,Cruzeiro,3.0,Nilton Santos,Rio de Janeiro,RJ,Campeonato Brasileiro,played,AWAY
2024,12584,20,826652,196,GRUPO ÚNICO,2024-07-27,19:00,20002,Palmeiras,0.0,20018,Vitória,2.0,Nubank Parque,Sao Paulo,SP,Campeonato Brasileiro,played,AWAY
2024,12584,20,826653,197,GRUPO ÚNICO,2024-07-28,11:00,20007,Red Bull Bragantino,0.0,20014,Fluminense,1.0,Nabi Abi Chedid,Braganca Paulista,SP,Campeonato Brasileiro,played,AWAY
2024,12584,20,826654,198,GRUPO ÚNICO,2024-07-27,21:30,20048,Fortaleza Esporte Clube,1.0,20005,São Paulo,0.0,Arena Castelão,Fortaleza,CE,Campeonato Brasileiro,played,HOME
2024,12584,20,826655,199,GRUPO ÚNICO,2024-07-28,19:00,20800,Cuiabá,1.0,20052,Athletico Paranaense,2.0,Arena Pantanal,Cuiaba,MT,Campeonato Brasileiro,played,AWAY
2024,12584,20,826656,200,GRUPO ÚNICO,2024-07-27,19:00,20027,Juventude,1.0,20019,Criciúma,2.0,Alfredo Jaconi,Caxias do Sul,RS,Campeonato Brasileiro,played,AWAY
2024,12584,21,826657,201,GRUPO ÚNICO,2024-08-04,17:00,20011,Internacional,1.0,20002,Palmeiras,1.0,Beira-Rio,Porto Alegre,RS,Campeonato Brasileiro,played,DRAW
2024,12584,21,826658,202,GRUPO ÚNICO,2024-08-05,21:00,59849,Cruzeiro,1.0,20048,Fortaleza Esporte Clube,2.0,Kleber Andrade,Cariacica,ES,Campeonato Brasileiro,played,AWAY
2024,12584,21,826659,203,GRUPO ÚNICO,2024-08-03,16:00,20018,Vitória,1.0,20800,Cuiabá,0.0,Manoel Barradas,Salvador,BA,Campeonato Brasileiro,played,HOME
2024,12584,21,826660,204,GRUPO ÚNICO,2024-08-04,16:00,20014,Fluminense,1.0,61377,Bahia,0.0,Maracanã,Rio de Janeiro,RJ,Campeonato Brasileiro,played,HOME
2024,12584,21,826661,205,GRUPO ÚNICO,2024-08-03,19:00,60646,Vasco da Gama Saf,2.0,20007,Red Bull Bragantino,2.0,São Januário,Rio de Janeiro,RJ,Campeonato Brasileiro,played,DRAW
2024,12584,21,826662,206,GRUPO ÚNICO,2024-08-04,16:00,20001,Corinthians,1.0,20027,Juventude,1.0,Neo Química Arena,Sao Paulo,SP,Campeonato Brasileiro,played,DRAW
2024,12584,21,826663,207,GRUPO ÚNICO,2024-08-03,21:30,20005,São Paulo,1.0,20016,Flamengo,0.0,Morumbi,Sao Paulo,SP,Campeonato Brasileiro,played,HOME
2024,12584,21,826664,208,GRUPO ÚNICO,2024-08-04,16:00,20052,Athletico Paranaense,0.0,20013,Grêmio,2.0,Arena da Baixada,Curitiba,PR,Campeonato Brasileiro,played,AWAY
2024,12584,21,826665,209,GRUPO ÚNICO,2024-08-03,20:00,62261,Atlético Goianiense Saf,1.0,60175,Botafogo,4.0,Antônio Accioly,Goiania,GO,Campeonato Brasileiro,played,AWAY
2024,12584,21,826666,210,GRUPO ÚNICO,2024-08-03,20:00,20019,Criciúma,2.0,62194,Atlético Mineiro,1.0,Heriberto Hulse,Criciuma,SC,Campeonato Brasileiro,played,HOME
2024,12584,22,826667,211,GRUPO ÚNICO,2024-08-11,19:00,20011,Internacional,2.0,20052,Athletico Paranaense,2.0,Beira-Rio,Porto Alegre,RS,Campeonato Brasileiro,played,DRAW
2024,12584,22,826668,212,GRUPO ÚNICO,2024-08-10,21:30,59849,Cruzeiro,0.0,62194,Atlético Mineiro,0.0,Mineirão,Belo Horizonte,MG,Campeonato Brasileiro,played,DRAW
2024,12584,22,826669,213,GRUPO ÚNICO,2024-08-11,16:00,61377,Bahia,2.0,20018,Vitória,0.0,Arena Fonte Nova,Salvador,BA,Campeonato Brasileiro,played,HOME
2024,12584,22,826670,214,GRUPO ÚNICO,2024-08-11,16:00,20016,Flamengo,1.0,20002,Palmeiras,1.0,Maracanã,Rio de Janeiro,RJ,Campeonato Brasileiro,played,DRAW
2024,12584,22,826671,215,GRUPO ÚNICO,2024-08-10,21:30,60646,Vasco da Gama Saf,2.0,20014,Fluminense,0.0,Nilton Santos,Rio de Janeiro,RJ,Campeonato Brasileiro,played,HOME
2024,12584,22,826672,216,GRUPO ÚNICO,2024-08-10,21:30,20001,Corinthians,1.0,20007,Red Bull Bragantino,1.0,Neo Química Arena,Sao Paulo,SP,Campeonato Brasileiro,played,DRAW
2024,12584,22,826673,217,GRUPO ÚNICO,2024-08-11,16:00,20005,São Paulo,1.0,62261,Atlético Goianiense Saf,0.0,Morumbi,Sao Paulo,SP,Campeonato Brasileiro,played,HOME
2024,12584,22,826674,218,GRUPO ÚNICO,2024-08-10,16:00,20048,Fortaleza Esporte Clube,1.0,20019,Criciúma,0.0,Arena Castelão,Fortaleza,CE,Campeonato Brasileiro,played,HOME
2024,12584,22,826675,219,GRUPO ÚNICO,2024-08-10,19:00,20800,Cuiabá,1.0,20013,Grêmio,3.0,Arena Pantanal,Cuiaba,MT,Campeonato Brasileiro,played,AWAY
2024,12584,22,826676,220,GRUPO ÚNICO,2024-08-11,11:00,20027,Juventude,3.0,60175,Botafogo,2.0,Alfredo Jaconi,Caxias do Sul,RS,Campeonato Brasileiro,played,HOME
2024,12584,23,826677,221,GRUPO ÚNICO,2024-08-17,16:00,20013,Grêmio,0.0,61377,Bahia,2.0,Alfredo Jaconi,Caxias do Sul,RS,Campeonato Brasileiro,played,AWAY
2024,12584,23,826678,222,GRUPO ÚNICO,2024-08-17,16:00,62194,Atlético Mineiro,1.0,20800,Cuiabá,1.0,ARENA MRV,Belo Horizonte,MG,Campeonato Brasileiro,played,DRAW
2024,12584,23,826679,223,GRUPO ÚNICO,2024-08-19,20:00,20018,Vitória,2.0,59849,Cruzeiro,2.0,Manoel Barradas,Salvador,BA,Campeonato Brasileiro,played,DRAW
2024,12584,23,826680,224,GRUPO ÚNICO,2024-08-17,21:00,20014,Fluminense,0.0,20001,Corinthians,0.0,Maracanã,Rio de Janeiro,RJ,Campeonato Brasileiro,played,DRAW
2024,12584,23,826681,225,GRUPO ÚNICO,2024-08-18,18:30,60175,Botafogo,4.0,20016,Flamengo,1.0,Nilton Santos,Rio de Janeiro,RJ,Campeonato Brasileiro,played,HOME
2024,12584,23,826682,226,GRUPO ÚNICO,2024-08-18,16:00,20002,Palmeiras,2.0,20005,São Paulo,1.0,Nubank Parque,Sao Paulo,SP,Campeonato Brasileiro,played,HOME
2024,12584,23,826683,227,GRUPO ÚNICO,2024-08-17,18:30,20007,Red Bull Bragantino,1.0,20048,Fortaleza Esporte Clube,2.0,Nabi Abi Chedid,Braganca Paulista,SP,Campeonato Brasileiro,played,AWAY
2024,12584,23,826684,228,GRUPO ÚNICO,2024-08-18,18:30,20052,Athletico Paranaense,1.0,20027,Juventude,2.0,Arena da Baixada,Curitiba,PR,Campeonato Brasileiro,played,AWAY
2024,12584,23,826685,229,GRUPO ÚNICO,2024-08-18,16:00,62261,Atlético Goianiense Saf,1.0,20011,Internacional,0.0,Antônio Accioly,Goiania,GO,Campeonato Brasileiro,played,HOME
2024,12584,23,826686,230,GRUPO ÚNICO,2024-08-18,16:00,20019,Criciúma,2.0,60646,Vasco da Gama Saf,2.0,Heriberto Hulse,Criciuma,SC,Campeonato Brasileiro,played,DRAW
2024,12584,24,826687,231,GRUPO ÚNICO,2024-08-25,19:00,20011,Internacional,1.0,59849,Cruzeiro,0.0,Beira-Rio,Porto Alegre,RS,Campeonato Brasileiro,played,HOME
2024,12584,24,826688,232,GRUPO ÚNICO,2024-08-24,21:00,62194,Atlético Mineiro,0.0,20014,Fluminense,2.0,Mineirão,Belo Horizonte,MG,Campeonato Brasileiro,played,AWAY
2024,12584,24,826689,233,GRUPO ÚNICO,2024-08-25,16:00,61377,Bahia,0.0,60175,Botafogo,0.0,Arena Fonte Nova,Salvador,BA,Campeonato Brasileiro,played,DRAW
2024,12584,24,826690,234,GRUPO ÚNICO,2024-08-25,20:00,20016,Flamengo,2.0,20007,Red Bull Bragantino,1.0,Maracanã,Rio de Janeiro,RJ,Campeonato Brasileiro,played,HOME
2024,12584,24,826691,235,GRUPO ÚNICO,2024-08-26,21:00,60646,Vasco da Gama Saf,2.0,20052,Athletico Paranaense,1.0,São Januário,Rio de Janeiro,RJ,Campeonato Brasileiro,played,HOME
2024,12584,24,826692,236,GRUPO ÚNICO,2024-08-24,18:30,20002,Palmeiras,5.0,20800,Cuiabá,0.0,Brinco de Ouro,Campinas,SP,Campeonato Brasileiro,played,HOME
2024,12584,24,826693,237,GRUPO ÚNICO,2024-08-25,18:30,20005,São Paulo,2.0,20018,Vitória,1.0,Morumbi,Sao Paulo,SP,Campeonato Brasileiro,played,HOME
2024,12584,24,826694,238,GRUPO ÚNICO,2024-08-25,16:00,20048,Fortaleza Esporte Clube,1.0,20001,Corinthians,0.0,Arena Castelão,Fortaleza,CE,Campeonato Brasileiro,played,HOME
2024,12584,24,826695,239,GRUPO ÚNICO,2024-08-24,16:00,62261,Atlético Goianiense Saf,2.0,20027,Juventude,1.0,Antônio Accioly,Goiania,GO,Campeonato Brasileiro,played,HOME
2024,12584,24,826696,240,GRUPO ÚNICO,2024-08-25,16:00,20019,Criciúma,0.0,20013,Grêmio,1.0,Heriberto Hulse,Criciuma,SC,Campeonato Brasileiro,played,AWAY
2024,12584,25,826697,241,GRUPO ÚNICO,2024-09-01,11:00,20013,Grêmio,2.0,62194,Atlético Mineiro,3.0,Arena do Grêmio,Porto Alegre,RS,Campeonato Brasileiro,played,AWAY
2024,12584,25,826698,242,GRUPO ÚNICO,2024-09-01,11:00,59849,Cruzeiro,3.0,62261,Atlético Goianiense Saf,1.0,Mineirão,Belo Horizonte,MG,Campeonato Brasileiro,played,HOME
2024,12584,25,826699,243,GRUPO ÚNICO,2024-09-01,18:30,20018,Vitória,0.0,60646,Vasco da Gama Saf,1.0,Manoel Barradas,Salvador,BA,Campeonato Brasileiro,played,AWAY
2024,12584,25,826700,244,GRUPO ÚNICO,2024-09-01,18:30,20014,Fluminense,2.0,20005,São Paulo,0.0,Maracanã,Rio de Janeiro,RJ,Campeonato Brasileiro,played,HOME
2024,12584,25,826701,245,GRUPO ÚNICO,2024-08-31,21:00,60175,Botafogo,2.0,20048,Fortaleza Esporte Clube,0.0,Nilton Santos,Rio de Janeiro,RJ,Campeonato Brasileiro,played,HOME
2024,12584,25,826702,246,GRUPO ÚNICO,2024-09-01,16:00,20001,Corinthians,2.0,20016,Flamengo,1.0,Neo Química Arena,Sao Paulo,SP,Campeonato Brasileiro,played,HOME
2024,12584,25,826703,247,GRUPO ÚNICO,2024-09-01,18:30,20007,Red Bull Bragantino,2.0,61377,Bahia,1.0,Nabi Abi Chedid,Braganca Paulista,SP,Campeonato Brasileiro,played,HOME
2024,12584,25,826704,248,GRUPO ÚNICO,2024-09-01,18:30,20052,Athletico Paranaense,0.0,20002,Palmeiras,2.0,Arena da Baixada,Curitiba,PR,Campeonato Brasileiro,played,AWAY
2024,12584,25,826705,249,GRUPO ÚNICO,2024-08-31,18:30,20800,Cuiabá,2.0,20019,Criciúma,1.0,Arena Pantanal,Cuiaba,MT,Campeonato Brasileiro,played,HOME
2024,12584,25,826706,250,GRUPO ÚNICO,2024-09-01,18:30,20027,Juventude,1.0,20011,Internacional,3.0,Alfredo Jaconi,Caxias do Sul,RS,Campeonato Brasileiro,played,AWAY
2024,12584,26,826707,251,GRUPO ÚNICO,2024-09-16,20:00,20011,Internacional,3.0,20800,Cuiabá,0.0,Beira-Rio,Porto Alegre,RS,Campeonato Brasileiro,played,HOME
2024,12584,26,826708,252,GRUPO ÚNICO,2024-09-15,18:30,59849,Cruzeiro,0.0,20005,São Paulo,1.0,Mineirão,Belo Horizonte,MG,Campeonato Brasileiro,played,AWAY
2024,12584,26,826709,253,GRUPO ÚNICO,2024-09-15,18:30,61377,Bahia,3.0,62194,Atlético Mineiro,0.0,Arena Fonte Nova,Salvador,BA,Campeonato Brasileiro,played,HOME
2024,12584,26,826710,254,GRUPO ÚNICO,2024-09-15,18:30,20016,Flamengo,1.0,60646,Vasco da Gama Saf,1.0,Maracanã,Rio de Janeiro,RJ,Campeonato Brasileiro,played,DRAW
2024,12584,26,826711,255,GRUPO ÚNICO,2024-09-14,21:00,60175,Botafogo,2.0,20001,Corinthians,1.0,Nilton Santos,Rio de Janeiro,RJ,Campeonato Brasileiro,played,HOME
2024,12584,26,826712,256,GRUPO ÚNICO,2024-09-15,16:00,20002,Palmeiras,5.0,20019,Criciúma,0.0,Nubank Parque,Sao Paulo,SP,Campeonato Brasileiro,played,HOME
2024,12584,26,826713,257,GRUPO ÚNICO,2024-09-15,16:00,20007,Red Bull Bragantino,2.0,20013,Grêmio,2.0,Nabi Abi Chedid,Braganca Paulista,SP,Campeonato Brasileiro,played,DRAW
2024,12584,26,826714,258,GRUPO ÚNICO,2024-09-14,18:30,20052,Athletico Paranaense,1.0,20048,Fortaleza Esporte Clube,1.0,Arena da Baixada,Curitiba,PR,Campeonato Brasileiro,played,DRAW
2024,12584,26,826715,259,GRUPO ÚNICO,2024-09-14,16:00,62261,Atlético Goianiense Saf,0.0,20018,Vitória,2.0,Antônio Accioly,Goiania,GO,Campeonato Brasileiro,played,AWAY
2024,12584,26,826716,260,GRUPO ÚNICO,2024-09-15,16:00,20027,Juventude,2.0,20014,Fluminense,1.0,Alfredo Jaconi,Caxias do Sul,RS,Campeonato Brasileiro,played,HOME
2024,12584,27,826717,261,GRUPO ÚNICO,2024-09-22,18:30,20013,Grêmio,3.0,20016,Flamengo,2.0,Arena do Grêmio,Porto Alegre,RS,Campeonato Brasileiro,played,HOME
2024,12584,27,826718,262,GRUPO ÚNICO,2024-09-22,16:00,62194,Atlético Mineiro,3.0,20007,Red Bull Bragantino,0.0,ARENA MRV,Belo Horizonte,MG,Campeonato Brasileiro,played,HOME
2024,12584,27,826719,263,GRUPO ÚNICO,2024-09-21,16:00,20018,Vitória,1.0,20027,Juventude,0.0,Manoel Barradas,Salvador,BA,Campeonato Brasileiro,played,HOME
2024,12584,27,826720,264,GRUPO ÚNICO,2024-09-21,18:30,20014,Fluminense,0.0,60175,Botafogo,1.0,Maracanã,Rio de Janeiro,RJ,Campeonato Brasileiro,played,AWAY
2024,12584,27,826721,265,GRUPO ÚNICO,2024-09-22,16:00,60646,Vasco da Gama Saf,0.0,20002,Palmeiras,1.0,Mané Garrincha,Brasilia,DF,Campeonato Brasileiro,played,AWAY
2024,12584,27,826722,266,GRUPO ÚNICO,2024-09-21,16:00,20001,Corinthians,3.0,62261,Atlético Goianiense Saf,0.0,Neo Química Arena,Sao Paulo,SP,Campeonato Brasileiro,played,HOME
2024,12584,27,826723,267,GRUPO ÚNICO,2024-09-22,18:30,20005,São Paulo,1.0,20011,Internacional,3.0,Morumbi,Sao Paulo,SP,Campeonato Brasileiro,played,AWAY
2024,12584,27,826724,268,GRUPO ÚNICO,2024-09-21,21:00,20048,Fortaleza Esporte Clube,4.0,61377,Bahia,1.0,Arena Castelão,Fortaleza,CE,Campeonato Brasileiro,played,HOME
2024,12584,27,826725,269,GRUPO ÚNICO,2024-09-22,18:30,20800,Cuiabá,0.0,59849,Cruzeiro,0.0,Arena Pantanal,Cuiaba,MT,Campeonato Brasileiro,played,DRAW
2024,12584,27,826726,270,GRUPO ÚNICO,2024-09-22,20:00,20019,Criciúma,0.0,20052,Athletico Paranaense,0.0,Heriberto Hulse,Criciuma,SC,Campeonato Brasileiro,played,DRAW
2024,12584,28,826727,271,GRUPO ÚNICO,2024-09-29,18:30,20011,Internacional,3.0,20018,Vitória,1.0,Beira-Rio,Porto Alegre,RS,Campeonato Brasileiro,played,HOME
2024,12584,28,826728,272,GRUPO ÚNICO,2024-09-29,18:30,59849,Cruzeiro,1.0,60646,Vasco da Gama Saf,1.0,Mineirão,Belo Horizonte,MG,Campeonato Brasileiro,played,DRAW
2024,12584,28,826729,273,GRUPO ÚNICO,2024-09-29,18:30,61377,Bahia,1.0,20019,Criciúma,0.0,Arena Fonte Nova,Salvador,BA,Campeonato Brasileiro,played,HOME
2024,12584,28,826730,274,GRUPO ÚNICO,2024-09-29,20:00,20016,Flamengo,1.0,20052,Athletico Paranaense,0.0,Maracanã,Rio de Janeiro,RJ,Campeonato Brasileiro,played,HOME
2024,12584,28,826731,275,GRUPO ÚNICO,2024-09-28,21:00,60175,Botafogo,0.0,20013,Grêmio,0.0,Mané Garrincha,Brasilia,DF,Campeonato Brasileiro,played,DRAW
2024,12584,28,826732,276,GRUPO ÚNICO,2024-09-28,18:30,20002,Palmeiras,2.0,62194,Atlético Mineiro,1.0,Brinco de Ouro,Campinas,SP,Campeonato Brasileiro,played,HOME
2024,12584,28,826733,277,GRUPO ÚNICO,2024-09-29,16:00,20005,São Paulo,3.0,20001,Corinthians,1.0,Mané Garrincha,Brasilia,DF,Campeonato Brasileiro,played,HOME
2024,12584,28,826734,278,GRUPO ÚNICO,2024-09-29,16:00,20048,Fortaleza Esporte Clube,1.0,20800,Cuiabá,0.0,Arena Castelão,Fortaleza,CE,Campeonato Brasileiro,played,HOME
2024,12584,28,826735,279,GRUPO ÚNICO,2024-09-29,16:00,62261,Atlético Goianiense Saf,1.0,20014,Fluminense,0.0,Antônio Accioly,Goiania,GO,Campeonato Brasileiro,played,HOME
2024,12584,28,826736,280,GRUPO ÚNICO,2024-09-29,11:00,20027,Juventude,1.0,20007,Red Bull Bragantino,1.0,Alfredo Jaconi,Caxias do Sul,RS,Campeonato Brasileiro,played,DRAW
2024,12584,29,826737,281,GRUPO ÚNICO,2024-10-04,21:30,20013,Grêmio,3.0,20048,Fortaleza Esporte Clube,1.0,Arena do Grêmio,Porto Alegre,RS,Campeonato Brasileiro,played,HOME
2024,12584,29,826738,282,GRUPO ÚNICO,2024-10-05,16:30,62194,Atlético Mineiro,2.0,20018,Vitória,2.0,ARENA MRV,Belo Horizonte,MG,Campeonato Brasileiro,played,DRAW
2024,12584,29,826739,283,GRUPO ÚNICO,2024-10-05,19:00,61377,Bahia,0.0,20016,Flamengo,2.0,Arena Fonte Nova,Salvador,BA,Campeonato Brasileiro,played,AWAY
2024,12584,29,826740,284,GRUPO ÚNICO,2024-10-03,21:30,20014,Fluminense,1.0,59849,Cruzeiro,0.0,Maracanã,Rio de Janeiro,RJ,Campeonato Brasileiro,played,HOME
2024,12584,29,826741,285,GRUPO ÚNICO,2024-10-05,21:00,60646,Vasco da Gama Saf,1.0,20027,Juventude,1.0,São Januário,Rio de Janeiro,RJ,Campeonato Brasileiro,played,DRAW
2024,12584,29,826742,286,GRUPO ÚNICO,2024-10-05,19:00,20001,Corinthians,2.0,20011,Internacional,2.0,Neo Química Arena,Sao Paulo,SP,Campeonato Brasileiro,played,DRAW
2024,12584,29,826743,287,GRUPO ÚNICO,2024-10-05,16:30,20007,Red Bull Bragantino,0.0,20002,Palmeiras,0.0,Nabi Abi Chedid,Braganca Paulista,SP,Campeonato Brasileiro,played,DRAW
2024,12584,29,826744,288,GRUPO ÚNICO,2024-10-05,16:30,20052,Athletico Paranaense,0.0,60175,Botafogo,1.0,Arena da Baixada,Curitiba,PR,Campeonato Brasileiro,played,AWAY
2024,12584,29,826745,289,GRUPO ÚNICO,2024-10-05,19:00,20800,Cuiabá,2.0,20005,São Paulo,0.0,Arena Pantanal,Cuiaba,MT,Campeonato Brasileiro,played,HOME
2024,12584,29,826746,290,GRUPO ÚNICO,2024-10-03,19:00,20019,Criciúma,2.0,62261,Atlético Goianiense Saf,0.0,Heriberto Hulse,Criciuma,SC,Campeonato Brasileiro,played,HOME
2024,12584,30,826747,291,GRUPO ÚNICO,2024-10-19,16:00,20011,Internacional,1.0,20013,Grêmio,0.0,Beira-Rio,Porto Alegre,RS,Campeonato Brasileiro,played,HOME
2024,12584,30,826748,292,GRUPO ÚNICO,2024-10-18,21:30,59849,Cruzeiro,1.0,61377,Bahia,1.0,Mineirão,Belo Horizonte,MG,Campeonato Brasileiro,played,DRAW
2024,12584,30,826749,293,GRUPO ÚNICO,2024-10-19,16:00,20018,Vitória,1.0,20007,Red Bull Bragantino,0.0,Manoel Barradas,Salvador,BA,Campeonato Brasileiro,played,HOME
2024,12584,30,826750,294,GRUPO ÚNICO,2024-10-17,20:00,20016,Flamengo,0.0,20014,Fluminense,2.0,Maracanã,Rio de Janeiro,RJ,Campeonato Brasileiro,played,AWAY
2024,12584,30,826751,295,GRUPO ÚNICO,2024-10-18,20:00,60175,Botafogo,1.0,20019,Criciúma,1.0,Maracanã,Rio de Janeiro,RJ,Campeonato Brasileiro,played,DRAW
2024,12584,30,826752,296,GRUPO ÚNICO,2024-10-17,20:00,20001,Corinthians,5.0,20052,Athletico Paranaense,2.0,Neo Química Arena,Sao Paulo,SP,Campeonato Brasileiro,played,HOME
2024,12584,30,826753,297,GRUPO ÚNICO,2024-10-16,21:45,20005,São Paulo,3.0,60646,Vasco da Gama Saf,0.0,Brinco de Ouro,Campinas,SP,Campeonato Brasileiro,played,HOME
2024,12584,30,826754,298,GRUPO ÚNICO,2024-10-16,21:45,20048,Fortaleza Esporte Clube,1.0,62194,Atlético Mineiro,1.0,Arena Castelão,Fortaleza,CE,Campeonato Brasileiro,played,DRAW
2024,12584,30,826755,299,GRUPO ÚNICO,2024-10-18,19:00,62261,Atlético Goianiense Saf,0.0,20800,Cuiabá,0.0,Antônio Accioly,Goiania,GO,Campeonato Brasileiro,played,DRAW
2024,12584,30,826756,300,GRUPO ÚNICO,2024-10-20,20:00,20027,Juventude,3.0,20002,Palmeiras,5.0,Alfredo Jaconi,Caxias do Sul,RS,Campeonato Brasileiro,played,AWAY
2024,12584,31,826757,301,GRUPO ÚNICO,2024-10-26,16:30,20013,Grêmio,3.0,62261,Atlético Goianiense Saf,1.0,Arena do Grêmio,Porto Alegre,RS,Campeonato Brasileiro,played,HOME
2024,12584,31,826758,302,GRUPO ÚNICO,2024-10-26,19:00,62194,Atlético Mineiro,1.0,20011,Internacional,3.0,ARENA MRV,Belo Horizonte,MG,Campeonato Brasileiro,played,AWAY
2024,12584,31,826759,303,GRUPO ÚNICO,2024-10-26,16:30,20018,Vitória,2.0,20014,Fluminense,1.0,Manoel Barradas,Salvador,BA,Campeonato Brasileiro,played,HOME
2024,12584,31,826760,304,GRUPO ÚNICO,2024-10-26,16:30,20016,Flamengo,4.0,20027,Juventude,2.0,Maracanã,Rio de Janeiro,RJ,Campeonato Brasileiro,played,HOME
2024,12584,31,826761,305,GRUPO ÚNICO,2024-10-28,21:00,60646,Vasco da Gama Saf,3.0,61377,Bahia,2.0,São Januário,Rio de Janeiro,RJ,Campeonato Brasileiro,played,HOME
2024,12584,31,826762,306,GRUPO ÚNICO,2024-10-26,16:30,20002,Palmeiras,2.0,20048,Fortaleza Esporte Clube,2.0,Nubank Parque,Sao Paulo,SP,Campeonato Brasileiro,played,DRAW
2024,12584,31,826763,307,GRUPO ÚNICO,2024-10-26,19:00,20007,Red Bull Bragantino,0.0,60175,Botafogo,1.0,Nabi Abi Chedid,Braganca Paulista,SP,Campeonato Brasileiro,played,AWAY
2024,12584,31,826764,308,GRUPO ÚNICO,2024-10-26,18:30,20052,Athletico Paranaense,3.0,59849,Cruzeiro,0.0,Arena da Baixada,Curitiba,PR,Campeonato Brasileiro,played,HOME
2024,12584,31,826765,309,GRUPO ÚNICO,2024-10-28,19:00,20800,Cuiabá,0.0,20001,Corinthians,1.0,Arena Pantanal,Cuiaba,MT,Campeonato Brasileiro,played,AWAY
2024,12584,31,826766,310,GRUPO ÚNICO,2024-10-26,21:00,20019,Criciúma,1.0,20005,São Paulo,1.0,Heriberto Hulse,Criciuma,SC,Campeonato Brasileiro,played,DRAW
2024,12584,32,826767,311,GRUPO ÚNICO,2024-11-05,21:30,20011,Internacional,2.0,20019,Criciúma,0.0,Beira-Rio,Porto Alegre,RS,Campeonato Brasileiro,played,HOME
2024,12584,32,826768,312,GRUPO ÚNICO,2024-11-06,21:00,59849,Cruzeiro,0.0,20016,Flamengo,1.0,Independência,Belo Horizonte,MG,Campeonato Brasileiro,played,AWAY
2024,12584,32,826769,313,GRUPO ÚNICO,2024-11-05,21:30,61377,Bahia,0.0,20005,São Paulo,3.0,Arena Fonte Nova,Salvador,BA,Campeonato Brasileiro,played,AWAY
2024,12584,32,826770,314,GRUPO ÚNICO,2024-11-01,21:00,20014,Fluminense,2.0,20013,Grêmio,2.0,Maracanã,Rio de Janeiro,RJ,Campeonato Brasileiro,played,DRAW
2024,12584,32,826771,315,GRUPO ÚNICO,2024-11-05,21:30,60175,Botafogo,3.0,60646,Vasco da Gama Saf,0.0,Nilton Santos,Rio de Janeiro,RJ,Campeonato Brasileiro,played,HOME
2024,12584,32,826772,316,GRUPO ÚNICO,2024-11-04,20:00,20001,Corinthians,2.0,20002,Palmeiras,0.0,Neo Química Arena,Sao Paulo,SP,Campeonato Brasileiro,played,HOME
2024,12584,32,826773,317,GRUPO ÚNICO,2024-11-02,16:00,20007,Red Bull Bragantino,0.0,20800,Cuiabá,0.0,Nabi Abi Chedid,Braganca Paulista,SP,Campeonato Brasileiro,played,DRAW
2024,12584,32,826774,318,GRUPO ÚNICO,2024-11-02,18:30,20052,Athletico Paranaense,1.0,20018,Vitória,2.0,Arena da Baixada,Curitiba,PR,Campeonato Brasileiro,played,AWAY
2024,12584,32,826775,319,GRUPO ÚNICO,2024-11-06,21:00,62261,Atlético Goianiense Saf,1.0,62194,Atlético Mineiro,0.0,Antônio Accioly,Goiania,GO,Campeonato Brasileiro,played,HOME
2024,12584,32,826776,320,GRUPO ÚNICO,2024-11-02,18:30,20027,Juventude,0.0,20048,Fortaleza Esporte Clube,3.0,Alfredo Jaconi,Caxias do Sul,RS,Campeonato Brasileiro,played,AWAY
2024,12584,33,826777,321,GRUPO ÚNICO,2024-11-08,19:00,20011,Internacional,2.0,20014,Fluminense,0.0,Beira-Rio,Porto Alegre,RS,Campeonato Brasileiro,played,HOME
2024,12584,33,826778,322,GRUPO ÚNICO,2024-11-09,19:00,59849,Cruzeiro,2.0,20019,Criciúma,1.0,Mineirão,Belo Horizonte,MG,Campeonato Brasileiro,played,HOME
2024,12584,33,826779,323,GRUPO ÚNICO,2024-11-09,16:30,20018,Vitória,1.0,20001,Corinthians,2.0,Manoel Barradas,Salvador,BA,Campeonato Brasileiro,played,AWAY
2024,12584,33,826780,324,GRUPO ÚNICO,2024-11-13,20:00,20016,Flamengo,0.0,62194,Atlético Mineiro,0.0,Maracanã,Rio de Janeiro,RJ,Campeonato Brasileiro,played,DRAW
2024,12584,33,826781,325,GRUPO ÚNICO,2024-11-09,16:30,60175,Botafogo,0.0,20800,Cuiabá,0.0,Nilton Santos,Rio de Janeiro,RJ,Campeonato Brasileiro,played,DRAW
2024,12584,33,826782,326,GRUPO ÚNICO,2024-11-08,21:30,20002,Palmeiras,1.0,20013,Grêmio,0.0,Nubank Parque,Sao Paulo,SP,Campeonato Brasileiro,played,HOME
2024,12584,33,826783,327,GRUPO ÚNICO,2024-11-09,21:00,20005,São Paulo,2.0,20052,Athletico Paranaense,1.0,Morumbi,Sao Paulo,SP,Campeonato Brasileiro,played,HOME
2024,12584,33,826784,328,GRUPO ÚNICO,2024-11-09,19:00,20048,Fortaleza Esporte Clube,3.0,60646,Vasco da Gama Saf,0.0,Arena Castelão,Fortaleza,CE,Campeonato Brasileiro,played,HOME
2024,12584,33,826785,329,GRUPO ÚNICO,2024-11-09,19:00,62261,Atlético Goianiense Saf,0.0,20007,Red Bull Bragantino,0.0,Antônio Accioly,Goiania,GO,Campeonato Brasileiro,played,DRAW
2024,12584,33,826786,330,GRUPO ÚNICO,2024-11-09,19:00,20027,Juventude,2.0,61377,Bahia,1.0,Alfredo Jaconi,Caxias do Sul,RS,Campeonato Brasileiro,played,HOME
2024,12584,34,826787,331,GRUPO ÚNICO,2024-11-20,19:00,20013,Grêmio,2.0,20027,Juventude,2.0,Arena do Grêmio,Porto Alegre,RS,Campeonato Brasileiro,played,DRAW
2024,12584,34,826788,332,GRUPO ÚNICO,2024-11-20,21:30,62194,Atlético Mineiro,0.0,60175,Botafogo,0.0,Independência,Belo Horizonte,MG,Campeonato Brasileiro,played,DRAW
2024,12584,34,826789,333,GRUPO ÚNICO,2024-11-20,18:00,61377,Bahia,1.0,20002,Palmeiras,2.0,Arena Fonte Nova,Salvador,BA,Campeonato Brasileiro,played,AWAY
2024,12584,34,826790,334,GRUPO ÚNICO,2024-11-22,21:30,20014,Fluminense,2.0,20048,Fortaleza Esporte Clube,2.0,Maracanã,Rio de Janeiro,RJ,Campeonato Brasileiro,played,DRAW
2024,12584,34,826791,335,GRUPO ÚNICO,2024-11-21,20:00,60646,Vasco da Gama Saf,0.0,20011,Internacional,1.0,São Januário,Rio de Janeiro,RJ,Campeonato Brasileiro,played,AWAY
2024,12584,34,826792,336,GRUPO ÚNICO,2024-11-20,11:00,20001,Corinthians,2.0,59849,Cruzeiro,1.0,Neo Química Arena,Sao Paulo,SP,Campeonato Brasileiro,played,HOME
2024,12584,34,826793,337,GRUPO ÚNICO,2024-11-20,16:30,20007,Red Bull Bragantino,1.0,20005,São Paulo,1.0,Nabi Abi Chedid,Braganca Paulista,SP,Campeonato Brasileiro,played,DRAW
2024,12584,34,826794,338,GRUPO ÚNICO,2024-11-20,16:30,20052,Athletico Paranaense,2.0,62261,Atlético Goianiense Saf,0.0,Arena da Baixada,Curitiba,PR,Campeonato Brasileiro,played,HOME
2024,12584,34,826795,339,GRUPO ÚNICO,2024-11-20,19:00,20800,Cuiabá,1.0,20016,Flamengo,2.0,Arena Pantanal,Cuiaba,MT,Campeonato Brasileiro,played,AWAY
2024,12584,34,826796,340,GRUPO ÚNICO,2024-11-20,16:30,20019,Criciúma,0.0,20018,Vitória,1.0,Heriberto Hulse,Criciuma,SC,Campeonato Brasileiro,played,AWAY
2024,12584,35,826797,341,GRUPO ÚNICO,2024-11-24,16:00,20011,Internacional,4.0,20007,Red Bull Bragantino,1.0,Beira-Rio,Porto Alegre,RS,Campeonato Brasileiro,played,HOME
2024,12584,35,826798,342,GRUPO ÚNICO,2024-11-27,21:00,59849,Cruzeiro,1.0,20013,Grêmio,1.0,Mineirão,Belo Horizonte,MG,Campeonato Brasileiro,played,DRAW
2024,12584,35,826799,343,GRUPO ÚNICO,2024-11-24,16:00,61377,Bahia,1.0,20052,Athletico Paranaense,1.0,Arena Fonte Nova,Salvador,BA,Campeonato Brasileiro,played,DRAW
2024,12584,35,826800,344,GRUPO ÚNICO,2024-11-26,19:00,20014,Fluminense,0.0,20019,Criciúma,0.0,Maracanã,Rio de Janeiro,RJ,Campeonato Brasileiro,played,DRAW
2024,12584,35,826801,345,GRUPO ÚNICO,2024-11-23,19:30,60175,Botafogo,1.0,20018,Vitória,1.0,Nilton Santos,Rio de Janeiro,RJ,Campeonato Brasileiro,played,DRAW
2024,12584,35,826802,346,GRUPO ÚNICO,2024-11-24,16:00,20001,Corinthians,3.0,60646,Vasco da Gama Saf,1.0,Neo Química Arena,Sao Paulo,SP,Campeonato Brasileiro,played,HOME
2024,12584,35,826803,347,GRUPO ÚNICO,2024-11-23,21:30,20005,São Paulo,2.0,62194,Atlético Mineiro,2.0,Morumbi,Sao Paulo,SP,Campeonato Brasileiro,played,DRAW
2024,12584,35,826804,348,GRUPO ÚNICO,2024-11-26,20:00,20048,Fortaleza Esporte Clube,0.0,20016,Flamengo,0.0,Arena Castelão,Fortaleza,CE,Campeonato Brasileiro,played,DRAW
2024,12584,35,826805,349,GRUPO ÚNICO,2024-11-23,19:30,62261,Atlético Goianiense Saf,0.0,20002,Palmeiras,1.0,Antônio Accioly,Goiania,GO,Campeonato Brasileiro,played,AWAY
2024,12584,35,826806,350,GRUPO ÚNICO,2024-11-23,19:30,20027,Juventude,1.0,20800,Cuiabá,1.0,Alfredo Jaconi,Caxias do Sul,RS,Campeonato Brasileiro,played,DRAW
2024,12584,36,826807,351,GRUPO ÚNICO,2024-12-01,16:00,20013,Grêmio,2.0,20005,São Paulo,1.0,Arena do Grêmio,Porto Alegre,RS,Campeonato Brasileiro,played,HOME
2024,12584,36,826808,352,GRUPO ÚNICO,2024-11-26,21:30,62194,Atlético Mineiro,2.0,20027,Juventude,3.0,Independência,Belo Horizonte,MG,Campeonato Brasileiro,played,AWAY
2024,12584,36,826809,353,GRUPO ÚNICO,2024-12-01,18:30,20018,Vitória,2.0,20048,Fortaleza Esporte Clube,0.0,Manoel Barradas,Salvador,BA,Campeonato Brasileiro,played,HOME
2024,12584,36,826810,354,GRUPO ÚNICO,2024-12-01,16:00,20016,Flamengo,3.0,20011,Internacional,2.0,Maracanã,Rio de Janeiro,RJ,Campeonato Brasileiro,played,HOME
2024,12584,36,826811,355,GRUPO ÚNICO,2024-11-30,21:30,60646,Vasco da Gama Saf,2.0,62261,Atlético Goianiense Saf,2.0,São Januário,Rio de Janeiro,RJ,Campeonato Brasileiro,played,DRAW
2024,12584,36,826812,356,GRUPO ÚNICO,2024-11-26,21:30,20002,Palmeiras,1.0,60175,Botafogo,3.0,Nubank Parque,Sao Paulo,SP,Campeonato Brasileiro,played,AWAY
2024,12584,36,826813,357,GRUPO ÚNICO,2024-12-01,18:30,20007,Red Bull Bragantino,1.0,59849,Cruzeiro,1.0,Nabi Abi Chedid,Braganca Paulista,SP,Campeonato Brasileiro,played,DRAW
2024,12584,36,826814,358,GRUPO ÚNICO,2024-12-01,18:30,20052,Athletico Paranaense,1.0,20014,Fluminense,1.0,Arena da Baixada,Curitiba,PR,Campeonato Brasileiro,played,DRAW
2024,12584,36,826815,359,GRUPO ÚNICO,2024-11-30,19:30,20800,Cuiabá,1.0,61377,Bahia,2.0,Arena Pantanal,Cuiaba,MT,Campeonato Brasileiro,played,AWAY
2024,12584,36,826816,360,GRUPO ÚNICO,2024-11-30,19:30,20019,Criciúma,2.0,20001,Corinthians,4.0,Heriberto Hulse,Criciuma,SC,Campeonato Brasileiro,played,AWAY
2024,12584,37,826817,361,GRUPO ÚNICO,2024-12-04,21:30,20011,Internacional,0.0,60175,Botafogo,1.0,Beira-Rio,Porto Alegre,RS,Campeonato Brasileiro,played,AWAY
2024,12584,37,826818,362,GRUPO ÚNICO,2024-12-04,21:30,59849,Cruzeiro,1.0,20002,Palmeiras,2.0,Mineirão,Belo Horizonte,MG,Campeonato Brasileiro,played,AWAY
2024,12584,37,826819,363,GRUPO ÚNICO,2024-12-04,20:00,20018,Vitória,1.0,20013,Grêmio,1.0,Manoel Barradas,Salvador,BA,Campeonato Brasileiro,played,DRAW
2024,12584,37,826820,364,GRUPO ÚNICO,2024-12-05,20:00,20014,Fluminense,1.0,20800,Cuiabá,0.0,Maracanã,Rio de Janeiro,RJ,Campeonato Brasileiro,played,HOME
2024,12584,37,826821,365,GRUPO ÚNICO,2024-12-04,19:00,60646,Vasco da Gama Saf,2.0,62194,Atlético Mineiro,0.0,São Januário,Rio de Janeiro,RJ,Campeonato Brasileiro,played,HOME
2024,12584,37,826822,366,GRUPO ÚNICO,2024-12-03,20:00,20001,Corinthians,3.0,61377,Bahia,0.0,Neo Química Arena,Sao Paulo,SP,Campeonato Brasileiro,played,HOME
2024,12584,37,826823,367,GRUPO ÚNICO,2024-12-04,20:00,20005,São Paulo,1.0,20027,Juventude,2.0,Morumbi,Sao Paulo,SP,Campeonato Brasileiro,played,AWAY
2024,12584,37,826824,368,GRUPO ÚNICO,2024-12-05,20:00,20052,Athletico Paranaense,1.0,20007,Red Bull Bragantino,2.0,Arena da Baixada,Curitiba,PR,Campeonato Brasileiro,played,AWAY
2024,12584,37,826825,369,GRUPO ÚNICO,2024-12-04,21:30,62261,Atlético Goianiense Saf,3.0,20048,Fortaleza Esporte Clube,1.0,Antônio Accioly,Goiania,GO,Campeonato Brasileiro,played,HOME
2024,12584,37,826826,370,GRUPO ÚNICO,2024-12-04,20:00,20019,Criciúma,0.0,20016,Flamengo,3.0,Heriberto Hulse,Criciuma,SC,Campeonato Brasileiro,played,AWAY
2024,12584,38,826827,371,GRUPO ÚNICO,2024-12-08,16:00,20013,Grêmio,0.0,20001,Corinthians,3.0,Arena do Grêmio,Porto Alegre,RS,Campeonato Brasileiro,played,AWAY
2024,12584,38,826828,372,GRUPO ÚNICO,2024-12-08,16:00,62194,Atlético Mineiro,1.0,20052,Athletico Paranaense,0.0,ARENA MRV,Belo Horizonte,MG,Campeonato Brasileiro,played,HOME
2024,12584,38,826829,373,GRUPO ÚNICO,2024-12-08,16:00,61377,Bahia,2.0,62261,Atlético Goianiense Saf,0.0,Arena Fonte Nova,Salvador,BA,Campeonato Brasileiro,played,HOME
2024,12584,38,826830,374,GRUPO ÚNICO,2024-12-08,16:00,20016,Flamengo,2.0,20018,Vitória,2.0,Maracanã,Rio de Janeiro,RJ,Campeonato Brasileiro,played,DRAW
2024,12584,38,826831,375,GRUPO ÚNICO,2024-12-08,16:00,60175,Botafogo,2.0,20005,São Paulo,1.0,Nilton Santos,Rio de Janeiro,RJ,Campeonato Brasileiro,played,HOME
2024,12584,38,826832,376,GRUPO ÚNICO,2024-12-08,16:00,20002,Palmeiras,0.0,20014,Fluminense,1.0,Nubank Parque,Sao Paulo,SP,Campeonato Brasileiro,played,AWAY
2024,12584,38,826833,377,GRUPO ÚNICO,2024-12-08,16:00,20007,Red Bull Bragantino,5.0,20019,Criciúma,1.0,Nabi Abi Chedid,Braganca Paulista,SP,Campeonato Brasileiro,played,HOME
2024,12584,38,826834,378,GRUPO ÚNICO,2024-12-08,16:00,20048,Fortaleza Esporte Clube,3.0,20011,Internacional,0.0,Arena Castelão,Fortaleza,CE,Campeonato Brasileiro,played,HOME
2024,12584,38,826835,379,GRUPO ÚNICO,2024-12-08,16:00,20800,Cuiabá,1.0,60646,Vasco da Gama Saf,2.0,Arena Pantanal,Cuiaba,MT,Campeonato Brasileiro,played,AWAY
2024,12584,38,826836,380,GRUPO ÚNICO,2024-12-08,16:00,20027,Juventude,0.0,59849,Cruzeiro,1.0,Alfredo Jaconi,Caxias do Sul,RS,Campeonato Brasileiro,played,AWAY
2025,12606,1,828981,1,GRUPO ÚNICO,2025-03-29,21:00,20016,Flamengo,1.0,20011,Internacional,1.0,Maracanã,Rio de Janeiro,RJ,Campeonato Brasileiro,played,DRAW
2025,12606,1,828982,2,GRUPO ÚNICO,2025-03-30,18:30,60646,Vasco da Gama Saf,2.0,20008,Santos FC,1.0,São Januário,Rio de Janeiro,RJ,Campeonato Brasileiro,played,HOME
2025,12606,1,828983,3,GRUPO ÚNICO,2025-03-30,16:00,20002,Palmeiras,0.0,60175,Botafogo,0.0,Nubank Parque,Sao Paulo,SP,Campeonato Brasileiro,played,DRAW
2025,12606,1,828984,4,GRUPO ÚNICO,2025-03-29,18:30,20005,São Paulo,0.0,20010,Sport Recife,0.0,Morumbi,Sao Paulo,SP,Campeonato Brasileiro,played,DRAW
2025,12606,1,828985,5,GRUPO ÚNICO,2025-03-31,20:00,20007,Red Bull Bragantino,2.0,20031,Ceará,2.0,Nabi Abi Chedid,Braganca Paulista,SP,Campeonato Brasileiro,played,DRAW
2025,12606,1,828986,6,GRUPO ÚNICO,2025-03-29,18:30,59849,Cruzeiro,2.0,20385,Mirassol,1.0,Mineirão,Belo Horizonte,MG,Campeonato Brasileiro,played,HOME
2025,12606,1,828987,7,GRUPO ÚNICO,2025-03-29,18:30,20013,Grêmio,2.0,62194,Atlético Mineiro,1.0,Arena do Grêmio,Porto Alegre,RS,Campeonato Brasileiro,played,HOME
2025,12606,1,828988,8,GRUPO ÚNICO,2025-03-30,20:00,61377,Bahia,1.0,20001,Corinthians,1.0,Arena Fonte Nova,Salvador,BA,Campeonato Brasileiro,played,DRAW
2025,12606,1,828989,9,GRUPO ÚNICO,2025-03-29,18:30,63238,Fortaleza SAF,2.0,20014,Fluminense,0.0,Arena Castelão,Fortaleza,CE,Campeonato Brasileiro,played,HOME
2025,12606,1,828990,10,GRUPO ÚNICO,2025-03-29,18:30,20027,Juventude,2.0,20018,Vitória,0.0,Alfredo Jaconi,Caxias do Sul,RS,Campeonato Brasileiro,played,HOME
2025,12606,2,828991,11,GRUPO ÚNICO,2025-04-06,16:00,20014,Fluminense,2.0,20007,Red Bull Bragantino,1.0,Maracanã,Rio de Janeiro,RJ,Campeonato Brasileiro,played,HOME
2025,12606,2,828992,12,GRUPO ÚNICO,2025-04-05,21:00,60175,Botafogo,2.0,20027,Juventude,0.0,Nilton Santos,Rio de Janeiro,RJ,Campeonato Brasileiro,played,HOME
2025,12606,2,828993,13,GRUPO ÚNICO,2025-04-05,18:30,20001,Corinthians,3.0,60646,Vasco da Gama Saf,0.0,Neo Química Arena,Sao Paulo,SP,Campeonato Brasileiro,played,HOME
2025,12606,2,828994,14,GRUPO ÚNICO,2025-04-06,20:30,20008,Santos FC,2.0,61377,Bahia,2.0,Vila Belmiro,Santos,SP,Campeonato Brasileiro,played,DRAW
2025,12606,2,828995,15,GRUPO ÚNICO,2025-04-06,18:30,20385,Mirassol,1.0,63238,Fortaleza SAF,1.0,José Maria de Campos Maia,Mirassol,SP,Campeonato Brasileiro,played,DRAW
2025,12606,2,828996,16,GRUPO ÚNICO,2025-04-06,16:00,62194,Atlético Mineiro,0.0,20005,São Paulo,0.0,Mineirão,Belo Horizonte,MG,Campeonato Brasileiro,played,DRAW
2025,12606,2,828997,17,GRUPO ÚNICO,2025-04-06,18:30,20011,Internacional,3.0,59849,Cruzeiro,0.0,Beira-Rio,Porto Alegre,RS,Campeonato Brasileiro,played,HOME
2025,12606,2,828998,18,GRUPO ÚNICO,2025-04-06,18:30,20018,Vitória,1.0,20016,Flamengo,2.0,Manoel Barradas,Salvador,BA,Campeonato Brasileiro,played,AWAY
2025,12606,2,828999,19,GRUPO ÚNICO,2025-04-05,18:30,20031,Ceará,2.0,20013,Grêmio,0.0,Arena Castelão,Fortaleza,CE,Campeonato Brasileiro,played,HOME
2025,12606,2,829000,20,GRUPO ÚNICO,2025-04-06,18:30,20010,Sport Recife,1.0,20002,Palmeiras,2.0,Ilha do Retiro,Recife,PE,Campeonato Brasileiro,played,AWAY
2025,12606,3,829001,21,GRUPO ÚNICO,2025-04-13,19:30,20014,Fluminense,1.0,20008,Santos FC,0.0,Maracanã,Rio de Janeiro,RJ,Campeonato Brasileiro,played,HOME
2025,12606,3,829002,22,GRUPO ÚNICO,2025-04-12,21:00,60646,Vasco da Gama Saf,3.0,20010,Sport Recife,1.0,São Januário,Rio de Janeiro,RJ,Campeonato Brasileiro,played,HOME
2025,12606,3,829003,23,GRUPO ÚNICO,2025-04-12,18:30,20002,Palmeiras,2.0,20001,Corinthians,0.0,Arena Barueri,Barueri,SP,Campeonato Brasileiro,played,HOME
2025,12606,3,829004,24,GRUPO ÚNICO,2025-04-13,17:30,20005,São Paulo,1.0,59849,Cruzeiro,1.0,Morumbi,Sao Paulo,SP,Campeonato Brasileiro,played,DRAW
2025,12606,3,829005,25,GRUPO ÚNICO,2025-04-12,16:00,20007,Red Bull Bragantino,1.0,60175,Botafogo,0.0,Nabi Abi Chedid,Braganca Paulista,SP,Campeonato Brasileiro,played,HOME
2025,12606,3,829006,26,GRUPO ÚNICO,2025-04-13,20:30,62194,Atlético Mineiro,2.0,20018,Vitória,2.0,Mineirão,Belo Horizonte,MG,Campeonato Brasileiro,played,DRAW
2025,12606,3,829007,27,GRUPO ÚNICO,2025-04-13,17:30,20013,Grêmio,0.0,20016,Flamengo,2.0,Arena do Grêmio,Porto Alegre,RS,Campeonato Brasileiro,played,AWAY
2025,12606,3,829008,28,GRUPO ÚNICO,2025-04-13,16:00,61377,Bahia,1.0,20385,Mirassol,1.0,Arena Fonte Nova,Salvador,BA,Campeonato Brasileiro,played,DRAW
2025,12606,3,829009,29,GRUPO ÚNICO,2025-04-13,20:00,63238,Fortaleza SAF,0.0,20011,Internacional,0.0,Arena Castelão,Fortaleza,CE,Campeonato Brasileiro,played,DRAW
2025,12606,3,829010,30,GRUPO ÚNICO,2025-04-12,16:00,20027,Juventude,2.0,20031,Ceará,1.0,Alfredo Jaconi,Caxias do Sul,RS,Campeonato Brasileiro,played,HOME
2025,12606,4,829011,31,GRUPO ÚNICO,2025-04-16,21:30,20016,Flamengo,6.0,20027,Juventude,0.0,Maracanã,Rio de Janeiro,RJ,Campeonato Brasileiro,played,HOME
2025,12606,4,829012,32,GRUPO ÚNICO,2025-04-16,18:30,60175,Botafogo,2.0,20005,São Paulo,2.0,Nilton Santos,Rio de Janeiro,RJ,Campeonato Brasileiro,played,DRAW
2025,12606,4,829013,33,GRUPO ÚNICO,2025-04-16,19:30,20001,Corinthians,0.0,20014,Fluminense,2.0,Neo Química Arena,Sao Paulo,SP,Campeonato Brasileiro,played,AWAY
2025,12606,4,829014,34,GRUPO ÚNICO,2025-04-16,21:30,20008,Santos FC,2.0,62194,Atlético Mineiro,0.0,Vila Belmiro,Santos,SP,Campeonato Brasileiro,played,HOME
2025,12606,4,829015,35,GRUPO ÚNICO,2025-04-16,19:00,20385,Mirassol,4.0,20013,Grêmio,1.0,José Maria de Campos Maia,Mirassol,SP,Campeonato Brasileiro,played,HOME
2025,12606,4,829016,36,GRUPO ÚNICO,2025-04-17,21:30,59849,Cruzeiro,3.0,61377,Bahia,0.0,Mineirão,Belo Horizonte,MG,Campeonato Brasileiro,played,HOME
2025,12606,4,829017,37,GRUPO ÚNICO,2025-04-16,19:30,20011,Internacional,0.0,20002,Palmeiras,1.0,Beira-Rio,Porto Alegre,RS,Campeonato Brasileiro,played,AWAY
2025,12606,4,829018,38,GRUPO ÚNICO,2025-04-16,21:30,20018,Vitória,2.0,63238,Fortaleza SAF,1.0,Manoel Barradas,Salvador,BA,Campeonato Brasileiro,played,HOME
2025,12606,4,829019,39,GRUPO ÚNICO,2025-04-15,21:30,20031,Ceará,2.0,60646,Vasco da Gama Saf,1.0,Arena Castelão,Fortaleza,CE,Campeonato Brasileiro,played,HOME
2025,12606,4,829020,40,GRUPO ÚNICO,2025-04-16,19:00,20010,Sport Recife,0.0,20007,Red Bull Bragantino,1.0,Ilha do Retiro,Recife,PE,Campeonato Brasileiro,played,AWAY
2025,12606,5,829067,41,GRUPO ÚNICO,2025-04-20,18:30,20014,Fluminense,1.0,20018,Vitória,1.0,Maracanã,Rio de Janeiro,RJ,Campeonato Brasileiro,played,DRAW
2025,12606,5,829068,42,GRUPO ÚNICO,2025-04-19,18:30,60646,Vasco da Gama Saf,0.0,20016,Flamengo,0.0,Maracanã,Rio de Janeiro,RJ,Campeonato Brasileiro,played,DRAW
2025,12606,5,829069,43,GRUPO ÚNICO,2025-04-19,16:00,20001,Corinthians,2.0,20010,Sport Recife,1.0,Neo Química Arena,Sao Paulo,SP,Campeonato Brasileiro,played,HOME
2025,12606,5,829070,44,GRUPO ÚNICO,2025-04-20,16:00,20005,São Paulo,2.0,20008,Santos FC,1.0,Morumbi,Sao Paulo,SP,Campeonato Brasileiro,played,HOME
2025,12606,5,829071,45,GRUPO ÚNICO,2025-04-20,20:30,20007,Red Bull Bragantino,1.0,59849,Cruzeiro,0.0,Nabi Abi Chedid,Braganca Paulista,SP,Campeonato Brasileiro,played,HOME
2025,12606,5,829072,46,GRUPO ÚNICO,2025-04-20,16:00,62194,Atlético Mineiro,1.0,60175,Botafogo,0.0,Mineirão,Belo Horizonte,MG,Campeonato Brasileiro,played,HOME
2025,12606,5,829073,47,GRUPO ÚNICO,2025-04-19,21:00,20013,Grêmio,1.0,20011,Internacional,1.0,Arena do Grêmio,Porto Alegre,RS,Campeonato Brasileiro,played,DRAW
2025,12606,5,829074,48,GRUPO ÚNICO,2025-04-21,20:00,61377,Bahia,1.0,20031,Ceará,0.0,Arena Fonte Nova,Salvador,BA,Campeonato Brasileiro,played,HOME
2025,12606,5,829075,49,GRUPO ÚNICO,2025-04-20,18:30,63238,Fortaleza SAF,1.0,20002,Palmeiras,2.0,Arena Castelão,Fortaleza,CE,Campeonato Brasileiro,played,AWAY
2025,12606,5,829076,50,GRUPO ÚNICO,2025-04-20,11:00,20027,Juventude,2.0,20385,Mirassol,2.0,Alfredo Jaconi,Caxias do Sul,RS,Campeonato Brasileiro,played,DRAW
2025,12606,6,829077,51,GRUPO ÚNICO,2025-04-27,16:00,20016,Flamengo,4.0,20001,Corinthians,0.0,Maracanã,Rio de Janeiro,RJ,Campeonato Brasileiro,played,HOME
2025,12606,6,829078,52,GRUPO ÚNICO,2025-04-26,21:00,60175,Botafogo,2.0,20014,Fluminense,0.0,Nilton Santos,Rio de Janeiro,RJ,Campeonato Brasileiro,played,HOME
2025,12606,6,829079,53,GRUPO ÚNICO,2025-04-27,18:30,20002,Palmeiras,0.0,61377,Bahia,1.0,Nubank Parque,Sao Paulo,SP,Campeonato Brasileiro,played,AWAY
2025,12606,6,829080,54,GRUPO ÚNICO,2025-04-27,20:30,20008,Santos FC,1.0,20007,Red Bull Bragantino,2.0,Vila Belmiro,Santos,SP,Campeonato Brasileiro,played,AWAY
2025,12606,6,829081,55,GRUPO ÚNICO,2025-04-26,18:30,20385,Mirassol,2.0,62194,Atlético Mineiro,2.0,José Maria de Campos Maia,Mirassol,SP,Campeonato Brasileiro,played,DRAW
2025,12606,6,829082,56,GRUPO ÚNICO,2025-04-27,18:30,59849,Cruzeiro,1.0,60646,Vasco da Gama Saf,0.0,Parque do Sabiá,Uberlandia,MG,Campeonato Brasileiro,played,HOME
2025,12606,6,829083,57,GRUPO ÚNICO,2025-04-26,16:00,20011,Internacional,3.0,20027,Juventude,1.0,Beira-Rio,Porto Alegre,RS,Campeonato Brasileiro,played,HOME
2025,12606,6,829084,58,GRUPO ÚNICO,2025-04-27,18:30,20018,Vitória,1.0,20013,Grêmio,1.0,Manoel Barradas,Salvador,BA,Campeonato Brasileiro,played,DRAW
2025,12606,6,829085,59,GRUPO ÚNICO,2025-04-26,18:30,20031,Ceará,1.0,20005,São Paulo,1.0,Arena Castelão,Fortaleza,CE,Campeonato Brasileiro,played,DRAW
2025,12606,6,829086,60,GRUPO ÚNICO,2025-04-26,20:00,20010,Sport Recife,0.0,63238,Fortaleza SAF,0.0,Ilha do Retiro,Recife,PE,Campeonato Brasileiro,played,DRAW
2025,12606,7,829183,61,GRUPO ÚNICO,2025-05-03,18:30,20014,Fluminense,2.0,20010,Sport Recife,1.0,Maracanã,Rio de Janeiro,RJ,Campeonato Brasileiro,played,HOME
2025,12606,7,829184,62,GRUPO ÚNICO,2025-05-04,16:00,60646,Vasco da Gama Saf,0.0,20002,Palmeiras,1.0,Mané Garrincha,Brasilia,DF,Campeonato Brasileiro,played,AWAY
2025,12606,7,829185,63,GRUPO ÚNICO,2025-05-03,18:30,20001,Corinthians,4.0,20011,Internacional,2.0,Neo Química Arena,Sao Paulo,SP,Campeonato Brasileiro,played,HOME
2025,12606,7,829186,64,GRUPO ÚNICO,2025-05-02,21:30,20005,São Paulo,0.0,63238,Fortaleza SAF,0.0,Morumbi,Sao Paulo,SP,Campeonato Brasileiro,played,DRAW
2025,12606,7,829187,65,GRUPO ÚNICO,2025-05-05,19:00,20007,Red Bull Bragantino,1.0,20385,Mirassol,0.0,Cícero de Souza Marques,Braganca Paulista,SP,Campeonato Brasileiro,played,HOME
2025,12606,7,829188,66,GRUPO ÚNICO,2025-05-04,18:30,59849,Cruzeiro,2.0,20016,Flamengo,1.0,Mineirão,Belo Horizonte,MG,Campeonato Brasileiro,played,HOME
2025,12606,7,829189,67,GRUPO ÚNICO,2025-05-04,16:00,20013,Grêmio,1.0,20008,Santos FC,0.0,Arena do Grêmio,Porto Alegre,RS,Campeonato Brasileiro,played,HOME
2025,12606,7,829190,68,GRUPO ÚNICO,2025-05-03,21:00,61377,Bahia,1.0,60175,Botafogo,0.0,Arena Fonte Nova,Salvador,BA,Campeonato Brasileiro,played,HOME
2025,12606,7,829191,69,GRUPO ÚNICO,2025-05-03,18:30,20031,Ceará,1.0,20018,Vitória,0.0,Presidente Vargas,Fortaleza,CE,Campeonato Brasileiro,played,HOME
2025,12606,7,829192,70,GRUPO ÚNICO,2025-05-05,20:00,20027,Juventude,0.0,62194,Atlético Mineiro,1.0,Alfredo Jaconi,Caxias do Sul,RS,Campeonato Brasileiro,played,AWAY
2025,12606,8,829193,71,GRUPO ÚNICO,2025-05-10,21:00,20016,Flamengo,1.0,61377,Bahia,0.0,Maracanã,Rio de Janeiro,RJ,Campeonato Brasileiro,played,HOME
2025,12606,8,829194,72,GRUPO ÚNICO,2025-05-11,20:00,60175,Botafogo,4.0,20011,Internacional,0.0,Nilton Santos,Rio de Janeiro,RJ,Campeonato Brasileiro,played,HOME
2025,12606,8,829195,73,GRUPO ÚNICO,2025-05-11,17:30,20002,Palmeiras,1.0,20005,São Paulo,0.0,Arena Barueri,Barueri,SP,Campeonato Brasileiro,played,HOME
2025,12606,8,829196,74,GRUPO ÚNICO,2025-05-12,20:00,20008,Santos FC,0.0,20031,Ceará,0.0,Nubank Parque,Sao Paulo,SP,Campeonato Brasileiro,played,DRAW
2025,12606,8,829197,75,GRUPO ÚNICO,2025-05-10,18:30,20385,Mirassol,2.0,20001,Corinthians,1.0,José Maria de Campos Maia,Mirassol,SP,Campeonato Brasileiro,played,HOME
2025,12606,8,829198,76,GRUPO ÚNICO,2025-05-11,17:30,62194,Atlético Mineiro,3.0,20014,Fluminense,2.0,ARENA MRV,Belo Horizonte,MG,Campeonato Brasileiro,played,HOME
2025,12606,8,829199,77,GRUPO ÚNICO,2025-05-10,18:30,20013,Grêmio,1.0,20007,Red Bull Bragantino,1.0,Arena do Grêmio,Porto Alegre,RS,Campeonato Brasileiro,played,DRAW
2025,12606,8,829200,78,GRUPO ÚNICO,2025-05-10,18:30,20018,Vitória,2.0,60646,Vasco da Gama Saf,1.0,Manoel Barradas,Salvador,BA,Campeonato Brasileiro,played,HOME
2025,12606,8,829201,79,GRUPO ÚNICO,2025-05-10,16:00,63238,Fortaleza SAF,5.0,20027,Juventude,0.0,Presidente Vargas,Fortaleza,CE,Campeonato Brasileiro,played,HOME
2025,12606,8,829202,80,GRUPO ÚNICO,2025-05-11,16:00,20010,Sport Recife,0.0,59849,Cruzeiro,4.0,Ilha do Retiro,Recife,PE,Campeonato Brasileiro,played,AWAY
2025,12606,9,829203,81,GRUPO ÚNICO,2025-05-18,18:30,20016,Flamengo,0.0,60175,Botafogo,0.0,Maracanã,Rio de Janeiro,RJ,Campeonato Brasileiro,played,DRAW
2025,12606,9,829204,82,GRUPO ÚNICO,2025-05-17,18:30,60646,Vasco da Gama Saf,3.0,63238,Fortaleza SAF,0.0,São Januário,Rio de Janeiro,RJ,Campeonato Brasileiro,played,HOME
2025,12606,9,829205,83,GRUPO ÚNICO,2025-05-18,16:00,20001,Corinthians,1.0,20008,Santos FC,0.0,Neo Química Arena,Sao Paulo,SP,Campeonato Brasileiro,played,HOME
2025,12606,9,829206,84,GRUPO ÚNICO,2025-05-17,21:00,20005,São Paulo,2.0,20013,Grêmio,1.0,Morumbi,Sao Paulo,SP,Campeonato Brasileiro,played,HOME
2025,12606,9,829207,85,GRUPO ÚNICO,2025-05-18,18:30,20007,Red Bull Bragantino,1.0,20002,Palmeiras,2.0,Cícero de Souza Marques,Braganca Paulista,SP,Campeonato Brasileiro,played,AWAY
2025,12606,9,829208,86,GRUPO ÚNICO,2025-05-18,20:30,59849,Cruzeiro,0.0,62194,Atlético Mineiro,0.0,Mineirão,Belo Horizonte,MG,Campeonato Brasileiro,played,DRAW
2025,12606,9,829209,87,GRUPO ÚNICO,2025-05-18,20:30,20011,Internacional,1.0,20385,Mirassol,1.0,Beira-Rio,Porto Alegre,RS,Campeonato Brasileiro,played,DRAW
2025,12606,9,829210,88,GRUPO ÚNICO,2025-05-18,16:00,61377,Bahia,2.0,20018,Vitória,1.0,Arena Fonte Nova,Salvador,BA,Campeonato Brasileiro,played,HOME
2025,12606,9,829211,89,GRUPO ÚNICO,2025-05-17,16:00,20031,Ceará,2.0,20010,Sport Recife,0.0,Arena Castelão,Fortaleza,CE,Campeonato Brasileiro,played,HOME
2025,12606,9,829212,90,GRUPO ÚNICO,2025-05-18,16:00,20027,Juventude,1.0,20014,Fluminense,1.0,Alfredo Jaconi,Caxias do Sul,RS,Campeonato Brasileiro,played,DRAW
2025,12606,10,829213,91,GRUPO ÚNICO,2025-05-24,18:30,20014,Fluminense,2.0,60646,Vasco da Gama Saf,1.0,Maracanã,Rio de Janeiro,RJ,Campeonato Brasileiro,played,HOME
2025,12606,10,829214,92,GRUPO ÚNICO,2025-06-04,20:00,60175,Botafogo,3.0,20031,Ceará,2.0,Nilton Santos,Rio de Janeiro,RJ,Campeonato Brasileiro,played,HOME
2025,12606,10,829215,93,GRUPO ÚNICO,2025-05-25,16:00,20002,Palmeiras,0.0,20016,Flamengo,2.0,Nubank Parque,Sao Paulo,SP,Campeonato Brasileiro,played,AWAY
2025,12606,10,829216,94,GRUPO ÚNICO,2025-05-24,18:30,20005,São Paulo,0.0,20385,Mirassol,2.0,Morumbi,Sao Paulo,SP,Campeonato Brasileiro,played,AWAY
2025,12606,10,829217,95,GRUPO ÚNICO,2025-05-26,20:00,20007,Red Bull Bragantino,1.0,20027,Juventude,0.0,Cícero de Souza Marques,Braganca Paulista,SP,Campeonato Brasileiro,played,HOME
2025,12606,10,829218,96,GRUPO ÚNICO,2025-05-24,21:00,62194,Atlético Mineiro,0.0,20001,Corinthians,0.0,ARENA MRV,Belo Horizonte,MG,Campeonato Brasileiro,played,DRAW
2025,12606,10,829219,97,GRUPO ÚNICO,2025-05-25,11:00,20013,Grêmio,1.0,61377,Bahia,0.0,Arena do Grêmio,Porto Alegre,RS,Campeonato Brasileiro,played,HOME
2025,12606,10,829220,98,GRUPO ÚNICO,2025-05-25,18:30,20018,Vitória,0.0,20008,Santos FC,1.0,Manoel Barradas,Salvador,BA,Campeonato Brasileiro,played,AWAY
2025,12606,10,829221,99,GRUPO ÚNICO,2025-05-25,20:30,63238,Fortaleza SAF,0.0,59849,Cruzeiro,2.0,Arena Castelão,Fortaleza,CE,Campeonato Brasileiro,played,AWAY
2025,12606,10,829222,100,GRUPO ÚNICO,2025-05-25,16:00,20010,Sport Recife,1.0,20011,Internacional,1.0,Ilha do Retiro,Recife,PE,Campeonato Brasileiro,played,DRAW
2025,12606,11,829223,101,GRUPO ÚNICO,2025-06-01,18:30,20016,Flamengo,5.0,63238,Fortaleza SAF,0.0,Maracanã,Rio de Janeiro,RJ,Campeonato Brasileiro,played,HOME
2025,12606,11,829224,102,GRUPO ÚNICO,2025-05-31,21:00,60646,Vasco da Gama Saf,0.0,20007,Red Bull Bragantino,2.0,São Januário,Rio de Janeiro,RJ,Campeonato Brasileiro,played,AWAY
2025,12606,11,829225,103,GRUPO ÚNICO,2025-06-01,18:30,20001,Corinthians,0.0,20018,Vitória,0.0,Neo Química Arena,Sao Paulo,SP,Campeonato Brasileiro,played,DRAW
2025,12606,11,829226,104,GRUPO ÚNICO,2025-06-01,16:00,20008,Santos FC,0.0,60175,Botafogo,1.0,Vila Belmiro,Santos,SP,Campeonato Brasileiro,played,AWAY
2025,12606,11,829227,105,GRUPO ÚNICO,2025-06-01,11:00,20385,Mirassol,1.0,20010,Sport Recife,0.0,José Maria de Campos Maia,Mirassol,SP,Campeonato Brasileiro,played,HOME
2025,12606,11,829228,106,GRUPO ÚNICO,2025-06-01,19:30,59849,Cruzeiro,2.0,20002,Palmeiras,1.0,Mineirão,Belo Horizonte,MG,Campeonato Brasileiro,played,HOME
2025,12606,11,829229,107,GRUPO ÚNICO,2025-06-01,20:30,20011,Internacional,0.0,20014,Fluminense,2.0,Beira-Rio,Porto Alegre,RS,Campeonato Brasileiro,played,AWAY
2025,12606,11,829230,108,GRUPO ÚNICO,2025-05-31,18:30,61377,Bahia,2.0,20005,São Paulo,1.0,Arena Fonte Nova,Salvador,BA,Campeonato Brasileiro,played,HOME
2025,12606,11,829231,109,GRUPO ÚNICO,2025-06-01,18:30,20031,Ceará,0.0,62194,Atlético Mineiro,1.0,Arena Castelão,Fortaleza,CE,Campeonato Brasileiro,played,AWAY
2025,12606,11,829232,110,GRUPO ÚNICO,2025-06-01,16:00,20027,Juventude,0.0,20013,Grêmio,2.0,Alfredo Jaconi,Caxias do Sul,RS,Campeonato Brasileiro,played,AWAY
2025,12606,12,829243,111,GRUPO ÚNICO,2025-10-29,19:00,20014,Fluminense,1.0,20031,Ceará,0.0,Maracanã,Rio de Janeiro,RJ,Campeonato Brasileiro,played,HOME
2025,12606,12,829244,112,GRUPO ÚNICO,2025-09-17,19:30,60175,Botafogo,3.0,20385,Mirassol,3.0,Nilton Santos,Rio de Janeiro,RJ,Campeonato Brasileiro,played,DRAW
2025,12606,12,829245,113,GRUPO ÚNICO,2025-10-11,19:00,20002,Palmeiras,4.0,20027,Juventude,1.0,Nubank Parque,Sao Paulo,SP,Campeonato Brasileiro,played,HOME
2025,12606,12,829246,114,GRUPO ÚNICO,2025-06-12,21:30,20005,São Paulo,1.0,60646,Vasco da Gama Saf,3.0,Morumbi,Sao Paulo,SP,Campeonato Brasileiro,played,AWAY
2025,12606,12,829247,115,GRUPO ÚNICO,2025-06-12,19:00,20007,Red Bull Bragantino,0.0,61377,Bahia,3.0,Cícero de Souza Marques,Braganca Paulista,SP,Campeonato Brasileiro,played,AWAY
2025,12606,12,829248,116,GRUPO ÚNICO,2025-06-12,21:30,62194,Atlético Mineiro,2.0,20011,Internacional,0.0,ARENA MRV,Belo Horizonte,MG,Campeonato Brasileiro,played,HOME
2025,12606,12,829249,117,GRUPO ÚNICO,2025-06-12,20:00,20013,Grêmio,1.0,20001,Corinthians,1.0,Arena do Grêmio,Porto Alegre,RS,Campeonato Brasileiro,played,DRAW
2025,12606,12,829250,118,GRUPO ÚNICO,2025-06-12,19:00,20018,Vitória,0.0,59849,Cruzeiro,0.0,Manoel Barradas,Salvador,BA,Campeonato Brasileiro,played,DRAW
2025,12606,12,829251,119,GRUPO ÚNICO,2025-06-12,19:30,63238,Fortaleza SAF,2.0,20008,Santos FC,3.0,Arena Castelão,Fortaleza,CE,Campeonato Brasileiro,played,AWAY
2025,12606,12,829252,120,GRUPO ÚNICO,2025-11-15,18:30,20010,Sport Recife,1.0,20016,Flamengo,5.0,Arena Pernambuco,São Lourenço da Mata,PE,Campeonato Brasileiro,played,AWAY
2025,12606,13,829253,121,GRUPO ÚNICO,2025-07-12,16:30,20016,Flamengo,2.0,20005,São Paulo,0.0,Maracanã,Rio de Janeiro,RJ,Campeonato Brasileiro,played,HOME
2025,12606,13,829254,122,GRUPO ÚNICO,2025-07-12,18:30,60646,Vasco da Gama Saf,0.0,60175,Botafogo,2.0,Mané Garrincha,Brasilia,DF,Campeonato Brasileiro,played,AWAY
2025,12606,13,829255,123,GRUPO ÚNICO,2025-07-13,19:00,20001,Corinthians,1.0,20007,Red Bull Bragantino,2.0,Neo Química Arena,Sao Paulo,SP,Campeonato Brasileiro,played,AWAY
2025,12606,13,829256,124,GRUPO ÚNICO,2025-11-15,21:00,20008,Santos FC,1.0,20002,Palmeiras,0.0,Vila Belmiro,Santos,SP,Campeonato Brasileiro,played,HOME
2025,12606,13,829257,125,GRUPO ÚNICO,2025-10-08,21:00,20385,Mirassol,2.0,20014,Fluminense,1.0,José Maria de Campos Maia,Mirassol,SP,Campeonato Brasileiro,played,HOME
2025,12606,13,829258,126,GRUPO ÚNICO,2025-07-13,20:30,59849,Cruzeiro,4.0,20013,Grêmio,1.0,Mineirão,Belo Horizonte,MG,Campeonato Brasileiro,played,HOME
2025,12606,13,829259,127,GRUPO ÚNICO,2025-07-12,16:30,20011,Internacional,1.0,20018,Vitória,0.0,Beira-Rio,Porto Alegre,RS,Campeonato Brasileiro,played,HOME
2025,12606,13,829260,128,GRUPO ÚNICO,2025-07-12,21:00,61377,Bahia,2.0,62194,Atlético Mineiro,1.0,Arena Fonte Nova,Salvador,BA,Campeonato Brasileiro,played,HOME
2025,12606,13,829261,129,GRUPO ÚNICO,2025-07-13,20:30,63238,Fortaleza SAF,0.0,20031,Ceará,1.0,Arena Castelão,Fortaleza,CE,Campeonato Brasileiro,played,AWAY
2025,12606,13,829262,130,GRUPO ÚNICO,2025-07-14,20:00,20027,Juventude,2.0,20010,Sport Recife,0.0,Alfredo Jaconi,Caxias do Sul,RS,Campeonato Brasileiro,played,HOME
2025,12606,14,829263,131,GRUPO ÚNICO,2025-07-17,19:30,20014,Fluminense,0.0,59849,Cruzeiro,2.0,Maracanã,Rio de Janeiro,RJ,Campeonato Brasileiro,played,AWAY
2025,12606,14,829264,132,GRUPO ÚNICO,2025-07-16,21:30,60175,Botafogo,0.0,20018,Vitória,0.0,Nilton Santos,Rio de Janeiro,RJ,Campeonato Brasileiro,played,DRAW
2025,12606,14,829265,133,GRUPO ÚNICO,2025-07-16,19:00,20002,Palmeiras,1.0,20385,Mirassol,1.0,Nubank Parque,Sao Paulo,SP,Campeonato Brasileiro,played,DRAW
2025,12606,14,829266,134,GRUPO ÚNICO,2025-07-16,20:00,20008,Santos FC,1.0,20016,Flamengo,0.0,Vila Belmiro,Santos,SP,Campeonato Brasileiro,played,HOME
2025,12606,14,829267,135,GRUPO ÚNICO,2025-07-16,21:30,20007,Red Bull Bragantino,2.0,20005,São Paulo,2.0,Cícero de Souza Marques,Braganca Paulista,SP,Campeonato Brasileiro,played,DRAW
2025,12606,14,829268,136,GRUPO ÚNICO,2025-10-08,19:00,62194,Atlético Mineiro,3.0,20010,Sport Recife,1.0,ARENA MRV,Belo Horizonte,MG,Campeonato Brasileiro,played,HOME
2025,12606,14,829269,137,GRUPO ÚNICO,2025-07-29,20:30,20013,Grêmio,2.0,63238,Fortaleza SAF,1.0,Arena do Grêmio,Porto Alegre,RS,Campeonato Brasileiro,played,HOME
2025,12606,14,829270,138,GRUPO ÚNICO,2025-10-22,19:00,61377,Bahia,1.0,20011,Internacional,0.0,Arena Fonte Nova,Salvador,BA,Campeonato Brasileiro,played,HOME
2025,12606,14,829271,139,GRUPO ÚNICO,2025-07-16,19:30,20031,Ceará,0.0,20001,Corinthians,1.0,Arena Castelão,Fortaleza,CE,Campeonato Brasileiro,played,AWAY
2025,12606,14,829272,140,GRUPO ÚNICO,2025-08-20,19:00,20027,Juventude,2.0,60646,Vasco da Gama Saf,0.0,Alfredo Jaconi,Caxias do Sul,RS,Campeonato Brasileiro,played,HOME
2025,12606,15,829273,141,GRUPO ÚNICO,2025-07-20,19:30,20016,Flamengo,1.0,20014,Fluminense,0.0,Maracanã,Rio de Janeiro,RJ,Campeonato Brasileiro,played,HOME
2025,12606,15,829274,142,GRUPO ÚNICO,2025-07-19,17:30,60646,Vasco da Gama Saf,1.0,20013,Grêmio,1.0,São Januário,Rio de Janeiro,RJ,Campeonato Brasileiro,played,DRAW
2025,12606,15,829275,143,GRUPO ÚNICO,2025-07-20,17:30,20002,Palmeiras,3.0,62194,Atlético Mineiro,2.0,Nubank Parque,Sao Paulo,SP,Campeonato Brasileiro,played,HOME
2025,12606,15,829276,144,GRUPO ÚNICO,2025-07-19,21:00,20005,São Paulo,2.0,20001,Corinthians,0.0,Morumbi,Sao Paulo,SP,Campeonato Brasileiro,played,HOME
2025,12606,15,829277,145,GRUPO ÚNICO,2025-07-19,18:30,20385,Mirassol,3.0,20008,Santos FC,0.0,José Maria de Campos Maia,Mirassol,SP,Campeonato Brasileiro,played,HOME
2025,12606,15,829278,146,GRUPO ÚNICO,2025-07-20,16:00,59849,Cruzeiro,4.0,20027,Juventude,0.0,Mineirão,Belo Horizonte,MG,Campeonato Brasileiro,played,HOME
2025,12606,15,829279,147,GRUPO ÚNICO,2025-07-20,11:00,20011,Internacional,1.0,20031,Ceará,0.0,Beira-Rio,Porto Alegre,RS,Campeonato Brasileiro,played,HOME
2025,12606,15,829280,148,GRUPO ÚNICO,2025-07-20,16:00,20018,Vitória,1.0,20007,Red Bull Bragantino,0.0,Manoel Barradas,Salvador,BA,Campeonato Brasileiro,played,HOME
2025,12606,15,829281,149,GRUPO ÚNICO,2025-07-19,16:00,63238,Fortaleza SAF,1.0,61377,Bahia,1.0,Arena Castelão,Fortaleza,CE,Campeonato Brasileiro,played,DRAW
2025,12606,15,829282,150,GRUPO ÚNICO,2025-07-20,17:30,20010,Sport Recife,0.0,60175,Botafogo,1.0,Ilha do Retiro,Recife,PE,Campeonato Brasileiro,played,AWAY
2025,12606,16,829283,151,GRUPO ÚNICO,2025-07-23,19:00,20014,Fluminense,1.0,20002,Palmeiras,2.0,Maracanã,Rio de Janeiro,RJ,Campeonato Brasileiro,played,AWAY
2025,12606,16,829284,152,GRUPO ÚNICO,2025-09-24,19:30,60646,Vasco da Gama Saf,3.0,61377,Bahia,1.0,São Januário,Rio de Janeiro,RJ,Campeonato Brasileiro,played,HOME
2025,12606,16,829285,153,GRUPO ÚNICO,2025-07-23,19:30,20001,Corinthians,0.0,59849,Cruzeiro,0.0,Neo Química Arena,Sao Paulo,SP,Campeonato Brasileiro,played,DRAW
2025,12606,16,829286,154,GRUPO ÚNICO,2025-07-23,21:30,20008,Santos FC,1.0,20011,Internacional,2.0,Vila Belmiro,Santos,SP,Campeonato Brasileiro,played,AWAY
2025,12606,16,829287,155,GRUPO ÚNICO,2025-07-23,21:30,20007,Red Bull Bragantino,1.0,20016,Flamengo,2.0,Cícero de Souza Marques,Braganca Paulista,SP,Campeonato Brasileiro,played,AWAY
2025,12606,16,829288,156,GRUPO ÚNICO,2025-11-12,20:30,62194,Atlético Mineiro,3.0,63238,Fortaleza SAF,3.0,ARENA MRV,Belo Horizonte,MG,Campeonato Brasileiro,played,DRAW
2025,12606,16,829290,157,GRUPO ÚNICO,2025-09-24,19:30,20013,Grêmio,1.0,60175,Botafogo,1.0,Arena do Grêmio,Porto Alegre,RS,Campeonato Brasileiro,played,DRAW
2025,12606,16,829291,158,GRUPO ÚNICO,2025-07-23,21:30,20018,Vitória,2.0,20010,Sport Recife,2.0,Manoel Barradas,Salvador,BA,Campeonato Brasileiro,played,DRAW
2025,12606,16,829292,159,GRUPO ÚNICO,2025-07-23,19:00,20031,Ceará,0.0,20385,Mirassol,2.0,Arena Castelão,Fortaleza,CE,Campeonato Brasileiro,played,AWAY
2025,12606,16,829293,160,GRUPO ÚNICO,2025-07-24,19:00,20027,Juventude,0.0,20005,São Paulo,1.0,Alfredo Jaconi,Caxias do Sul,RS,Campeonato Brasileiro,played,AWAY
2025,12606,17,829294,161,GRUPO ÚNICO,2025-07-27,20:30,20016,Flamengo,1.0,62194,Atlético Mineiro,0.0,Maracanã,Rio de Janeiro,RJ,Campeonato Brasileiro,played,HOME
2025,12606,17,829296,162,GRUPO ÚNICO,2025-07-26,18:30,60175,Botafogo,1.0,20001,Corinthians,1.0,Nilton Santos,Rio de Janeiro,RJ,Campeonato Brasileiro,played,DRAW
2025,12606,17,829297,163,GRUPO ÚNICO,2025-07-26,21:00,20002,Palmeiras,1.0,20013,Grêmio,0.0,Nubank Parque,Sao Paulo,SP,Campeonato Brasileiro,played,HOME
2025,12606,17,829298,164,GRUPO ÚNICO,2025-07-27,16:00,20005,São Paulo,3.0,20014,Fluminense,1.0,Morumbi,Sao Paulo,SP,Campeonato Brasileiro,played,HOME
2025,12606,17,829299,165,GRUPO ÚNICO,2025-07-26,18:30,20385,Mirassol,1.0,20018,Vitória,1.0,José Maria de Campos Maia,Mirassol,SP,Campeonato Brasileiro,played,DRAW
2025,12606,17,829300,166,GRUPO ÚNICO,2025-07-27,16:00,59849,Cruzeiro,1.0,20031,Ceará,2.0,Mineirão,Belo Horizonte,MG,Campeonato Brasileiro,played,AWAY
2025,12606,17,829301,167,GRUPO ÚNICO,2025-07-27,18:30,20011,Internacional,1.0,60646,Vasco da Gama Saf,1.0,Beira-Rio,Porto Alegre,RS,Campeonato Brasileiro,played,DRAW
2025,12606,17,829302,168,GRUPO ÚNICO,2025-07-27,18:30,61377,Bahia,3.0,20027,Juventude,0.0,Arena Fonte Nova,Salvador,BA,Campeonato Brasileiro,played,HOME
2025,12606,17,829303,169,GRUPO ÚNICO,2025-07-26,18:30,63238,Fortaleza SAF,3.0,20007,Red Bull Bragantino,1.0,Arena Castelão,Fortaleza,CE,Campeonato Brasileiro,played,HOME
2025,12606,17,829304,170,GRUPO ÚNICO,2025-07-26,18:30,20010,Sport Recife,2.0,20008,Santos FC,2.0,Ilha do Retiro,Recife,PE,Campeonato Brasileiro,played,DRAW
2025,12606,18,829305,171,GRUPO ÚNICO,2025-08-02,21:00,20014,Fluminense,1.0,20013,Grêmio,0.0,Maracanã,Rio de Janeiro,RJ,Campeonato Brasileiro,played,HOME
2025,12606,18,829306,172,GRUPO ÚNICO,2025-08-03,16:00,60175,Botafogo,0.0,59849,Cruzeiro,2.0,Nilton Santos,Rio de Janeiro,RJ,Campeonato Brasileiro,played,AWAY
2025,12606,18,829307,173,GRUPO ÚNICO,2025-08-03,16:00,20001,Corinthians,1.0,63238,Fortaleza SAF,1.0,Neo Química Arena,Sao Paulo,SP,Campeonato Brasileiro,played,DRAW
2025,12606,18,829308,174,GRUPO ÚNICO,2025-08-04,20:00,20008,Santos FC,3.0,20027,Juventude,1.0,Morumbi,Sao Paulo,SP,Campeonato Brasileiro,played,HOME
2025,12606,18,829309,175,GRUPO ÚNICO,2025-08-02,18:30,20385,Mirassol,3.0,60646,Vasco da Gama Saf,2.0,José Maria de Campos Maia,Mirassol,SP,Campeonato Brasileiro,played,HOME
2025,12606,18,829310,176,GRUPO ÚNICO,2025-08-03,18:30,62194,Atlético Mineiro,2.0,20007,Red Bull Bragantino,1.0,ARENA MRV,Belo Horizonte,MG,Campeonato Brasileiro,played,HOME
2025,12606,18,829311,177,GRUPO ÚNICO,2025-08-03,20:30,20011,Internacional,1.0,20005,São Paulo,2.0,Beira-Rio,Porto Alegre,RS,Campeonato Brasileiro,played,AWAY
2025,12606,18,829312,178,GRUPO ÚNICO,2025-08-03,19:30,20018,Vitória,2.0,20002,Palmeiras,2.0,Manoel Barradas,Salvador,BA,Campeonato Brasileiro,played,DRAW
2025,12606,18,829313,179,GRUPO ÚNICO,2025-08-03,18:30,20031,Ceará,1.0,20016,Flamengo,1.0,Arena Castelão,Fortaleza,CE,Campeonato Brasileiro,played,DRAW
2025,12606,18,829314,180,GRUPO ÚNICO,2025-08-02,16:00,20010,Sport Recife,0.0,61377,Bahia,0.0,Ilha do Retiro,Recife,PE,Campeonato Brasileiro,played,DRAW
2025,12606,19,829315,181,GRUPO ÚNICO,2025-08-09,18:30,20016,Flamengo,2.0,20385,Mirassol,1.0,Maracanã,Rio de Janeiro,RJ,Campeonato Brasileiro,played,HOME
2025,12606,19,829316,182,GRUPO ÚNICO,2025-08-10,16:00,60646,Vasco da Gama Saf,1.0,62194,Atlético Mineiro,1.0,São Januário,Rio de Janeiro,RJ,Campeonato Brasileiro,played,DRAW
2025,12606,19,829317,183,GRUPO ÚNICO,2025-08-10,16:00,20002,Palmeiras,2.0,20031,Ceará,1.0,Nubank Parque,Sao Paulo,SP,Campeonato Brasileiro,played,HOME
2025,12606,19,829318,184,GRUPO ÚNICO,2025-08-09,18:30,20005,São Paulo,2.0,20018,Vitória,0.0,Morumbi,Sao Paulo,SP,Campeonato Brasileiro,played,HOME
2025,12606,19,829319,185,GRUPO ÚNICO,2025-08-09,18:30,20007,Red Bull Bragantino,1.0,20011,Internacional,3.0,Cícero de Souza Marques,Braganca Paulista,SP,Campeonato Brasileiro,played,AWAY
2025,12606,19,829320,186,GRUPO ÚNICO,2025-08-10,18:30,59849,Cruzeiro,1.0,20008,Santos FC,2.0,Mineirão,Belo Horizonte,MG,Campeonato Brasileiro,played,AWAY
2025,12606,19,829321,187,GRUPO ÚNICO,2025-08-10,20:30,20013,Grêmio,0.0,20010,Sport Recife,1.0,Arena do Grêmio,Porto Alegre,RS,Campeonato Brasileiro,played,AWAY
2025,12606,19,829322,188,GRUPO ÚNICO,2025-08-09,21:00,61377,Bahia,3.0,20014,Fluminense,3.0,Arena Fonte Nova,Salvador,BA,Campeonato Brasileiro,played,DRAW
2025,12606,19,829323,189,GRUPO ÚNICO,2025-08-09,20:30,63238,Fortaleza SAF,0.0,60175,Botafogo,5.0,Arena Castelão,Fortaleza,CE,Campeonato Brasileiro,played,AWAY
2025,12606,19,829324,190,GRUPO ÚNICO,2025-08-11,20:00,20027,Juventude,2.0,20001,Corinthians,1.0,Alfredo Jaconi,Caxias do Sul,RS,Campeonato Brasileiro,played,HOME
2025,12606,20,829617,191,GRUPO ÚNICO,2025-08-16,16:00,20014,Fluminense,2.0,63238,Fortaleza SAF,1.0,Maracanã,Rio de Janeiro,RJ,Campeonato Brasileiro,played,HOME
2025,12606,20,829618,192,GRUPO ÚNICO,2025-08-17,20:30,60175,Botafogo,0.0,20002,Palmeiras,1.0,Nilton Santos,Rio de Janeiro,RJ,Campeonato Brasileiro,played,AWAY
2025,12606,20,829619,193,GRUPO ÚNICO,2025-08-16,21:00,20001,Corinthians,1.0,61377,Bahia,2.0,Neo Química Arena,Sao Paulo,SP,Campeonato Brasileiro,played,AWAY
2025,12606,20,829620,194,GRUPO ÚNICO,2025-08-17,16:00,20008,Santos FC,0.0,60646,Vasco da Gama Saf,6.0,Morumbi,Sao Paulo,SP,Campeonato Brasileiro,played,AWAY
2025,12606,20,829621,195,GRUPO ÚNICO,2025-08-18,20:00,20385,Mirassol,1.0,59849,Cruzeiro,1.0,José Maria de Campos Maia,Mirassol,SP,Campeonato Brasileiro,played,DRAW
2025,12606,20,829622,196,GRUPO ÚNICO,2025-08-17,16:00,62194,Atlético Mineiro,1.0,20013,Grêmio,3.0,ARENA MRV,Belo Horizonte,MG,Campeonato Brasileiro,played,AWAY
2025,12606,20,829623,197,GRUPO ÚNICO,2025-08-17,18:30,20011,Internacional,1.0,20016,Flamengo,3.0,Beira-Rio,Porto Alegre,RS,Campeonato Brasileiro,played,AWAY
2025,12606,20,829624,198,GRUPO ÚNICO,2025-08-16,18:30,20018,Vitória,2.0,20027,Juventude,2.0,Manoel Barradas,Salvador,BA,Campeonato Brasileiro,played,DRAW
2025,12606,20,829625,199,GRUPO ÚNICO,2025-08-16,16:00,20031,Ceará,1.0,20007,Red Bull Bragantino,0.0,Arena Castelão,Fortaleza,CE,Campeonato Brasileiro,played,HOME
2025,12606,20,829626,200,GRUPO ÚNICO,2025-08-16,18:30,20010,Sport Recife,2.0,20005,São Paulo,2.0,Ilha do Retiro,Recife,PE,Campeonato Brasileiro,played,DRAW
2025,12606,21,829627,201,GRUPO ÚNICO,2025-08-25,21:00,20016,Flamengo,8.0,20018,Vitória,0.0,Maracanã,Rio de Janeiro,RJ,Campeonato Brasileiro,played,HOME
2025,12606,21,829628,202,GRUPO ÚNICO,2025-08-24,16:00,60646,Vasco da Gama Saf,2.0,20001,Corinthians,3.0,São Januário,Rio de Janeiro,RJ,Campeonato Brasileiro,played,AWAY
2025,12606,21,829629,203,GRUPO ÚNICO,2025-08-25,19:00,20002,Palmeiras,3.0,20010,Sport Recife,0.0,Nubank Parque,Sao Paulo,SP,Campeonato Brasileiro,played,HOME
2025,12606,21,829630,204,GRUPO ÚNICO,2025-08-24,20:30,20005,São Paulo,2.0,62194,Atlético Mineiro,0.0,Morumbi,Sao Paulo,SP,Campeonato Brasileiro,played,HOME
2025,12606,21,829631,205,GRUPO ÚNICO,2025-08-23,16:00,20007,Red Bull Bragantino,4.0,20014,Fluminense,2.0,Cícero de Souza Marques,Braganca Paulista,SP,Campeonato Brasileiro,played,HOME
2025,12606,21,829632,206,GRUPO ÚNICO,2025-08-23,18:30,59849,Cruzeiro,2.0,20011,Internacional,1.0,Mineirão,Belo Horizonte,MG,Campeonato Brasileiro,played,HOME
2025,12606,21,829633,207,GRUPO ÚNICO,2025-08-23,21:00,20013,Grêmio,0.0,20031,Ceará,0.0,Arena do Grêmio,Porto Alegre,RS,Campeonato Brasileiro,played,DRAW
2025,12606,21,829634,208,GRUPO ÚNICO,2025-08-24,16:00,61377,Bahia,2.0,20008,Santos FC,0.0,Arena Fonte Nova,Salvador,BA,Campeonato Brasileiro,played,HOME
2025,12606,21,829635,209,GRUPO ÚNICO,2025-08-24,18:30,63238,Fortaleza SAF,0.0,20385,Mirassol,1.0,Arena Castelão,Fortaleza,CE,Campeonato Brasileiro,played,AWAY
2025,12606,21,829636,210,GRUPO ÚNICO,2025-08-24,18:30,20027,Juventude,1.0,60175,Botafogo,3.0,Alfredo Jaconi,Caxias do Sul,RS,Campeonato Brasileiro,played,AWAY
2025,12606,22,829637,211,GRUPO ÚNICO,2025-08-31,16:00,20016,Flamengo,1.0,20013,Grêmio,1.0,Maracanã,Rio de Janeiro,RJ,Campeonato Brasileiro,played,DRAW
2025,12606,22,829638,212,GRUPO ÚNICO,2025-08-30,18:30,60175,Botafogo,4.0,20007,Red Bull Bragantino,1.0,Nilton Santos,Rio de Janeiro,RJ,Campeonato Brasileiro,played,HOME
2025,12606,22,829639,213,GRUPO ÚNICO,2025-08-31,18:30,20001,Corinthians,1.0,20002,Palmeiras,1.0,Neo Química Arena,Sao Paulo,SP,Campeonato Brasileiro,played,DRAW
2025,12606,22,829640,214,GRUPO ÚNICO,2025-08-31,16:00,20008,Santos FC,0.0,20014,Fluminense,0.0,Vila Belmiro,Santos,SP,Campeonato Brasileiro,played,DRAW
2025,12606,22,829641,215,GRUPO ÚNICO,2025-08-31,18:30,20385,Mirassol,5.0,61377,Bahia,1.0,José Maria de Campos Maia,Mirassol,SP,Campeonato Brasileiro,played,HOME
2025,12606,22,829649,216,GRUPO ÚNICO,2025-08-30,21:00,59849,Cruzeiro,1.0,20005,São Paulo,0.0,Mineirão,Belo Horizonte,MG,Campeonato Brasileiro,played,HOME
2025,12606,22,829650,217,GRUPO ÚNICO,2025-08-31,20:30,20011,Internacional,2.0,63238,Fortaleza SAF,1.0,Beira-Rio,Porto Alegre,RS,Campeonato Brasileiro,played,HOME
2025,12606,22,829651,218,GRUPO ÚNICO,2025-08-31,18:30,20018,Vitória,1.0,62194,Atlético Mineiro,0.0,Manoel Barradas,Salvador,BA,Campeonato Brasileiro,played,HOME
2025,12606,22,829652,219,GRUPO ÚNICO,2025-08-30,16:00,20031,Ceará,0.0,20027,Juventude,1.0,Arena Castelão,Fortaleza,CE,Campeonato Brasileiro,played,AWAY
2025,12606,22,829653,220,GRUPO ÚNICO,2025-08-31,20:30,20010,Sport Recife,2.0,60646,Vasco da Gama Saf,3.0,Ilha do Retiro,Recife,PE,Campeonato Brasileiro,played,AWAY
2025,12606,23,829654,221,GRUPO ÚNICO,2025-09-13,21:00,20014,Fluminense,0.0,20001,Corinthians,1.0,Maracanã,Rio de Janeiro,RJ,Campeonato Brasileiro,played,AWAY
2025,12606,23,829655,222,GRUPO ÚNICO,2025-09-14,20:30,60646,Vasco da Gama Saf,2.0,20031,Ceará,2.0,São Januário,Rio de Janeiro,RJ,Campeonato Brasileiro,played,DRAW
2025,12606,23,829656,223,GRUPO ÚNICO,2025-09-13,18:30,20002,Palmeiras,4.0,20011,Internacional,1.0,Nubank Parque,Sao Paulo,SP,Campeonato Brasileiro,played,HOME
2025,12606,23,829657,224,GRUPO ÚNICO,2025-09-14,17:30,20005,São Paulo,1.0,60175,Botafogo,0.0,Morumbi,Sao Paulo,SP,Campeonato Brasileiro,played,HOME
2025,12606,23,829658,225,GRUPO ÚNICO,2025-09-14,11:00,20007,Red Bull Bragantino,1.0,20010,Sport Recife,1.0,Cícero de Souza Marques,Braganca Paulista,SP,Campeonato Brasileiro,played,DRAW
2025,12606,23,829659,226,GRUPO ÚNICO,2025-09-14,16:00,62194,Atlético Mineiro,1.0,20008,Santos FC,1.0,ARENA MRV,Belo Horizonte,MG,Campeonato Brasileiro,played,DRAW
2025,12606,23,829660,227,GRUPO ÚNICO,2025-09-13,16:00,20013,Grêmio,0.0,20385,Mirassol,1.0,Arena do Grêmio,Porto Alegre,RS,Campeonato Brasileiro,played,AWAY
2025,12606,23,829661,228,GRUPO ÚNICO,2025-09-15,20:00,61377,Bahia,1.0,59849,Cruzeiro,2.0,Arena Fonte Nova,Salvador,BA,Campeonato Brasileiro,played,AWAY
2025,12606,23,829662,229,GRUPO ÚNICO,2025-09-13,16:00,63238,Fortaleza SAF,2.0,20018,Vitória,0.0,Arena Castelão,Fortaleza,CE,Campeonato Brasileiro,played,HOME
2025,12606,23,829663,230,GRUPO ÚNICO,2025-09-14,16:00,20027,Juventude,0.0,20016,Flamengo,2.0,Alfredo Jaconi,Caxias do Sul,RS,Campeonato Brasileiro,played,AWAY
2025,12606,24,829664,231,GRUPO ÚNICO,2025-09-21,17:30,20016,Flamengo,1.0,60646,Vasco da Gama Saf,1.0,Maracanã,Rio de Janeiro,RJ,Campeonato Brasileiro,played,DRAW
2025,12606,24,829665,232,GRUPO ÚNICO,2025-09-20,18:30,60175,Botafogo,1.0,62194,Atlético Mineiro,0.0,Nilton Santos,Rio de Janeiro,RJ,Campeonato Brasileiro,played,HOME
2025,12606,24,829666,233,GRUPO ÚNICO,2025-09-20,21:00,20002,Palmeiras,4.0,63238,Fortaleza SAF,1.0,Nubank Parque,Sao Paulo,SP,Campeonato Brasileiro,played,HOME
2025,12606,24,829668,234,GRUPO ÚNICO,2025-09-21,20:30,20008,Santos FC,1.0,20005,São Paulo,0.0,Vila Belmiro,Santos,SP,Campeonato Brasileiro,played,HOME
2025,12606,24,829670,235,GRUPO ÚNICO,2025-09-21,16:00,20385,Mirassol,2.0,20027,Juventude,0.0,José Maria de Campos Maia,Mirassol,SP,Campeonato Brasileiro,played,HOME
2025,12606,24,829671,236,GRUPO ÚNICO,2025-09-21,20:30,59849,Cruzeiro,2.0,20007,Red Bull Bragantino,1.0,Mineirão,Belo Horizonte,MG,Campeonato Brasileiro,played,HOME
2025,12606,24,829673,237,GRUPO ÚNICO,2025-09-21,17:30,20011,Internacional,2.0,20013,Grêmio,3.0,Beira-Rio,Porto Alegre,RS,Campeonato Brasileiro,played,AWAY
2025,12606,24,829674,238,GRUPO ÚNICO,2025-09-20,16:00,20018,Vitória,0.0,20014,Fluminense,1.0,Manoel Barradas,Salvador,BA,Campeonato Brasileiro,played,AWAY
2025,12606,24,829675,239,GRUPO ÚNICO,2025-09-20,18:30,20031,Ceará,1.0,61377,Bahia,1.0,Arena Castelão,Fortaleza,CE,Campeonato Brasileiro,played,DRAW
2025,12606,24,829676,240,GRUPO ÚNICO,2025-09-21,17:30,20010,Sport Recife,1.0,20001,Corinthians,0.0,Ilha do Retiro,Recife,PE,Campeonato Brasileiro,played,HOME
2025,12606,25,829677,241,GRUPO ÚNICO,2025-09-28,16:00,20014,Fluminense,2.0,60175,Botafogo,0.0,Maracanã,Rio de Janeiro,RJ,Campeonato Brasileiro,played,HOME
2025,12606,25,829678,242,GRUPO ÚNICO,2025-09-27,18:30,60646,Vasco da Gama Saf,2.0,59849,Cruzeiro,0.0,São Januário,Rio de Janeiro,RJ,Campeonato Brasileiro,played,HOME
2025,12606,25,829680,243,GRUPO ÚNICO,2025-09-28,20:30,20001,Corinthians,1.0,20016,Flamengo,2.0,Neo Química Arena,Sao Paulo,SP,Campeonato Brasileiro,played,AWAY
2025,12606,25,829681,244,GRUPO ÚNICO,2025-09-29,20:00,20005,São Paulo,0.0,20031,Ceará,1.0,Morumbi,Sao Paulo,SP,Campeonato Brasileiro,played,AWAY
2025,12606,25,829682,245,GRUPO ÚNICO,2025-09-28,18:30,20007,Red Bull Bragantino,2.0,20008,Santos FC,2.0,Cícero de Souza Marques,Braganca Paulista,SP,Campeonato Brasileiro,played,DRAW
2025,12606,25,829683,246,GRUPO ÚNICO,2025-09-27,21:00,62194,Atlético Mineiro,1.0,20385,Mirassol,0.0,ARENA MRV,Belo Horizonte,MG,Campeonato Brasileiro,played,HOME
2025,12606,25,829684,247,GRUPO ÚNICO,2025-09-28,11:00,20013,Grêmio,3.0,20018,Vitória,1.0,Arena do Grêmio,Porto Alegre,RS,Campeonato Brasileiro,played,HOME
2025,12606,25,829685,248,GRUPO ÚNICO,2025-09-28,16:00,61377,Bahia,1.0,20002,Palmeiras,0.0,Arena Fonte Nova,Salvador,BA,Campeonato Brasileiro,played,HOME
2025,12606,25,829686,249,GRUPO ÚNICO,2025-09-27,16:00,63238,Fortaleza SAF,1.0,20010,Sport Recife,0.0,Arena Castelão,Fortaleza,CE,Campeonato Brasileiro,played,HOME
2025,12606,25,829687,250,GRUPO ÚNICO,2025-09-27,18:30,20027,Juventude,1.0,20011,Internacional,1.0,Alfredo Jaconi,Caxias do Sul,RS,Campeonato Brasileiro,played,DRAW
2025,12606,26,829702,251,GRUPO ÚNICO,2025-10-02,20:30,20016,Flamengo,0.0,59849,Cruzeiro,0.0,Maracanã,Rio de Janeiro,RJ,Campeonato Brasileiro,played,DRAW
2025,12606,26,829703,252,GRUPO ÚNICO,2025-10-01,21:30,60175,Botafogo,2.0,61377,Bahia,1.0,Nilton Santos,Rio de Janeiro,RJ,Campeonato Brasileiro,played,HOME
2025,12606,26,829704,253,GRUPO ÚNICO,2025-10-01,19:00,20002,Palmeiras,3.0,60646,Vasco da Gama Saf,0.0,Nubank Parque,Sao Paulo,SP,Campeonato Brasileiro,played,HOME
2025,12606,26,829705,254,GRUPO ÚNICO,2025-10-01,21:30,20008,Santos FC,1.0,20013,Grêmio,1.0,Vila Belmiro,Santos,SP,Campeonato Brasileiro,played,DRAW
2025,12606,26,829706,255,GRUPO ÚNICO,2025-10-01,19:00,20385,Mirassol,1.0,20007,Red Bull Bragantino,1.0,José Maria de Campos Maia,Mirassol,SP,Campeonato Brasileiro,played,DRAW
2025,12606,26,829707,256,GRUPO ÚNICO,2025-09-30,21:30,62194,Atlético Mineiro,0.0,20027,Juventude,0.0,ARENA MRV,Belo Horizonte,MG,Campeonato Brasileiro,played,DRAW
2025,12606,26,829708,257,GRUPO ÚNICO,2025-10-01,19:30,20011,Internacional,1.0,20001,Corinthians,1.0,Beira-Rio,Porto Alegre,RS,Campeonato Brasileiro,played,DRAW
2025,12606,26,829710,258,GRUPO ÚNICO,2025-10-02,19:00,20018,Vitória,1.0,20031,Ceará,0.0,Manoel Barradas,Salvador,BA,Campeonato Brasileiro,played,HOME
2025,12606,26,829711,259,GRUPO ÚNICO,2025-10-02,19:30,63238,Fortaleza SAF,0.0,20005,São Paulo,2.0,Arena Castelão,Fortaleza,CE,Campeonato Brasileiro,played,AWAY
2025,12606,26,829712,260,GRUPO ÚNICO,2025-10-01,19:00,20010,Sport Recife,2.0,20014,Fluminense,2.0,Ilha do Retiro,Recife,PE,Campeonato Brasileiro,played,DRAW
2025,12606,27,829713,261,GRUPO ÚNICO,2025-10-04,18:30,20014,Fluminense,3.0,62194,Atlético Mineiro,0.0,Maracanã,Rio de Janeiro,RJ,Campeonato Brasileiro,played,HOME
2025,12606,27,829715,262,GRUPO ÚNICO,2025-10-05,16:00,60646,Vasco da Gama Saf,4.0,20018,Vitória,3.0,São Januário,Rio de Janeiro,RJ,Campeonato Brasileiro,played,HOME
2025,12606,27,829716,263,GRUPO ÚNICO,2025-10-04,21:00,20001,Corinthians,3.0,20385,Mirassol,0.0,Neo Química Arena,Sao Paulo,SP,Campeonato Brasileiro,played,HOME
2025,12606,27,829719,264,GRUPO ÚNICO,2025-10-05,16:00,20005,São Paulo,2.0,20002,Palmeiras,3.0,Morumbi,Sao Paulo,SP,Campeonato Brasileiro,played,AWAY
2025,12606,27,829720,265,GRUPO ÚNICO,2025-10-04,18:30,20007,Red Bull Bragantino,1.0,20013,Grêmio,0.0,Cícero de Souza Marques,Braganca Paulista,SP,Campeonato Brasileiro,played,HOME
2025,12606,27,829722,266,GRUPO ÚNICO,2025-10-05,20:30,59849,Cruzeiro,1.0,20010,Sport Recife,1.0,Mineirão,Belo Horizonte,MG,Campeonato Brasileiro,played,DRAW
2025,12606,27,829723,267,GRUPO ÚNICO,2025-10-04,18:30,20011,Internacional,2.0,60175,Botafogo,0.0,Beira-Rio,Porto Alegre,RS,Campeonato Brasileiro,played,HOME
2025,12606,27,829724,268,GRUPO ÚNICO,2025-10-05,18:30,61377,Bahia,1.0,20016,Flamengo,0.0,Arena Fonte Nova,Salvador,BA,Campeonato Brasileiro,played,HOME
2025,12606,27,829725,269,GRUPO ÚNICO,2025-10-05,20:30,20031,Ceará,3.0,20008,Santos FC,0.0,Arena Castelão,Fortaleza,CE,Campeonato Brasileiro,played,HOME
2025,12606,27,829726,270,GRUPO ÚNICO,2025-10-05,18:30,20027,Juventude,1.0,63238,Fortaleza SAF,2.0,Alfredo Jaconi,Caxias do Sul,RS,Campeonato Brasileiro,played,AWAY
2025,12606,28,829731,271,GRUPO ÚNICO,2025-10-16,21:30,20014,Fluminense,1.0,20027,Juventude,0.0,Maracanã,Rio de Janeiro,RJ,Campeonato Brasileiro,played,HOME
2025,12606,28,829732,272,GRUPO ÚNICO,2025-10-15,19:30,60175,Botafogo,0.0,20016,Flamengo,3.0,Nilton Santos,Rio de Janeiro,RJ,Campeonato Brasileiro,played,AWAY
2025,12606,28,829733,273,GRUPO ÚNICO,2025-10-15,19:00,20002,Palmeiras,5.0,20007,Red Bull Bragantino,1.0,Nubank Parque,Sao Paulo,SP,Campeonato Brasileiro,played,HOME
2025,12606,28,829734,274,GRUPO ÚNICO,2025-10-15,21:30,20008,Santos FC,3.0,20001,Corinthians,1.0,Vila Belmiro,Santos,SP,Campeonato Brasileiro,played,HOME
2025,12606,28,829735,275,GRUPO ÚNICO,2025-10-15,20:00,20385,Mirassol,3.0,20011,Internacional,1.0,José Maria de Campos Maia,Mirassol,SP,Campeonato Brasileiro,played,HOME
2025,12606,28,829737,276,GRUPO ÚNICO,2025-10-15,21:30,62194,Atlético Mineiro,1.0,59849,Cruzeiro,1.0,ARENA MRV,Belo Horizonte,MG,Campeonato Brasileiro,played,DRAW
2025,12606,28,829738,277,GRUPO ÚNICO,2025-10-16,19:00,20013,Grêmio,2.0,20005,São Paulo,0.0,Arena do Grêmio,Porto Alegre,RS,Campeonato Brasileiro,played,HOME
2025,12606,28,829739,278,GRUPO ÚNICO,2025-10-16,21:30,20018,Vitória,2.0,61377,Bahia,1.0,Manoel Barradas,Salvador,BA,Campeonato Brasileiro,played,HOME
2025,12606,28,829740,279,GRUPO ÚNICO,2025-10-15,21:30,63238,Fortaleza SAF,0.0,60646,Vasco da Gama Saf,2.0,Arena Castelão,Fortaleza,CE,Campeonato Brasileiro,played,AWAY
2025,12606,28,829741,280,GRUPO ÚNICO,2025-10-15,20:00,20010,Sport Recife,1.0,20031,Ceará,1.0,Ilha do Retiro,Recife,PE,Campeonato Brasileiro,played,DRAW
2025,12606,29,829743,281,GRUPO ÚNICO,2025-10-19,16:00,20016,Flamengo,3.0,20002,Palmeiras,2.0,Maracanã,Rio de Janeiro,RJ,Campeonato Brasileiro,played,HOME
2025,12606,29,829744,282,GRUPO ÚNICO,2025-10-20,19:30,60646,Vasco da Gama Saf,2.0,20014,Fluminense,0.0,Maracanã,Rio de Janeiro,RJ,Campeonato Brasileiro,played,HOME
2025,12606,29,829745,283,GRUPO ÚNICO,2025-10-18,18:30,20001,Corinthians,1.0,62194,Atlético Mineiro,0.0,Neo Química Arena,Sao Paulo,SP,Campeonato Brasileiro,played,HOME
2025,12606,29,829746,284,GRUPO ÚNICO,2025-10-20,21:30,20008,Santos FC,0.0,20018,Vitória,1.0,Vila Belmiro,Santos,SP,Campeonato Brasileiro,played,AWAY
2025,12606,29,829747,285,GRUPO ÚNICO,2025-10-19,18:30,20385,Mirassol,3.0,20005,São Paulo,0.0,José Maria de Campos Maia,Mirassol,SP,Campeonato Brasileiro,played,HOME
2025,12606,29,829748,286,GRUPO ÚNICO,2025-10-18,21:00,59849,Cruzeiro,1.0,63238,Fortaleza SAF,0.0,Mineirão,Belo Horizonte,MG,Campeonato Brasileiro,played,HOME
2025,12606,29,829749,287,GRUPO ÚNICO,2025-10-19,18:30,20011,Internacional,2.0,20010,Sport Recife,0.0,Beira-Rio,Porto Alegre,RS,Campeonato Brasileiro,played,HOME
2025,12606,29,829750,288,GRUPO ÚNICO,2025-10-19,20:30,61377,Bahia,4.0,20013,Grêmio,0.0,Arena Fonte Nova,Salvador,BA,Campeonato Brasileiro,played,HOME
2025,12606,29,829751,289,GRUPO ÚNICO,2025-10-19,18:30,20031,Ceará,0.0,60175,Botafogo,2.0,Arena Castelão,Fortaleza,CE,Campeonato Brasileiro,played,AWAY
2025,12606,29,829752,290,GRUPO ÚNICO,2025-10-20,19:00,20027,Juventude,1.0,20007,Red Bull Bragantino,0.0,Alfredo Jaconi,Caxias do Sul,RS,Campeonato Brasileiro,played,HOME
2025,12606,30,829755,291,GRUPO ÚNICO,2025-10-25,17:30,20014,Fluminense,1.0,20011,Internacional,0.0,Maracanã,Rio de Janeiro,RJ,Campeonato Brasileiro,played,HOME
2025,12606,30,829756,292,GRUPO ÚNICO,2025-10-26,16:00,60175,Botafogo,2.0,20008,Santos FC,2.0,Nilton Santos,Rio de Janeiro,RJ,Campeonato Brasileiro,played,DRAW
2025,12606,30,829757,293,GRUPO ÚNICO,2025-10-26,20:30,20002,Palmeiras,0.0,59849,Cruzeiro,0.0,Nubank Parque,Sao Paulo,SP,Campeonato Brasileiro,played,DRAW
2025,12606,30,829758,294,GRUPO ÚNICO,2025-10-25,21:30,20005,São Paulo,2.0,61377,Bahia,0.0,Morumbi,Sao Paulo,SP,Campeonato Brasileiro,played,HOME
2025,12606,30,829759,295,GRUPO ÚNICO,2025-10-26,18:30,20007,Red Bull Bragantino,0.0,60646,Vasco da Gama Saf,3.0,Cícero de Souza Marques,Braganca Paulista,SP,Campeonato Brasileiro,played,AWAY
2025,12606,30,829760,296,GRUPO ÚNICO,2025-10-25,16:00,62194,Atlético Mineiro,1.0,20031,Ceará,0.0,ARENA MRV,Belo Horizonte,MG,Campeonato Brasileiro,played,HOME
2025,12606,30,829761,297,GRUPO ÚNICO,2025-10-26,16:00,20013,Grêmio,3.0,20027,Juventude,1.0,Arena do Grêmio,Porto Alegre,RS,Campeonato Brasileiro,played,HOME
2025,12606,30,829762,298,GRUPO ÚNICO,2025-10-25,16:00,20018,Vitória,0.0,20001,Corinthians,1.0,Manoel Barradas,Salvador,BA,Campeonato Brasileiro,played,AWAY
2025,12606,30,829763,299,GRUPO ÚNICO,2025-10-25,19:30,63238,Fortaleza SAF,1.0,20016,Flamengo,0.0,Arena Castelão,Fortaleza,CE,Campeonato Brasileiro,played,HOME
2025,12606,30,829764,300,GRUPO ÚNICO,2025-10-25,18:30,20010,Sport Recife,1.0,20385,Mirassol,2.0,Ilha do Retiro,Recife,PE,Campeonato Brasileiro,played,AWAY
2025,12606,31,829767,301,GRUPO ÚNICO,2025-11-01,21:00,20016,Flamengo,3.0,20010,Sport Recife,0.0,Maracanã,Rio de Janeiro,RJ,Campeonato Brasileiro,played,HOME
2025,12606,31,829769,302,GRUPO ÚNICO,2025-11-02,20:30,60646,Vasco da Gama Saf,0.0,20005,São Paulo,2.0,São Januário,Rio de Janeiro,RJ,Campeonato Brasileiro,played,AWAY
2025,12606,31,829770,303,GRUPO ÚNICO,2025-11-02,16:00,20001,Corinthians,2.0,20013,Grêmio,0.0,Neo Química Arena,Sao Paulo,SP,Campeonato Brasileiro,played,HOME
2025,12606,31,829772,304,GRUPO ÚNICO,2025-11-01,16:00,20008,Santos FC,1.0,63238,Fortaleza SAF,1.0,Vila Belmiro,Santos,SP,Campeonato Brasileiro,played,DRAW
2025,12606,31,829774,305,GRUPO ÚNICO,2025-11-01,18:00,20385,Mirassol,0.0,60175,Botafogo,0.0,José Maria de Campos Maia,Mirassol,SP,Campeonato Brasileiro,played,DRAW
2025,12606,31,829775,306,GRUPO ÚNICO,2025-11-01,16:00,59849,Cruzeiro,3.0,20018,Vitória,1.0,Mineirão,Belo Horizonte,MG,Campeonato Brasileiro,played,HOME
2025,12606,31,829777,307,GRUPO ÚNICO,2025-11-02,18:30,20011,Internacional,0.0,62194,Atlético Mineiro,0.0,Beira-Rio,Porto Alegre,RS,Campeonato Brasileiro,played,DRAW
2025,12606,31,829780,308,GRUPO ÚNICO,2025-11-02,16:00,61377,Bahia,2.0,20007,Red Bull Bragantino,1.0,Arena Fonte Nova,Salvador,BA,Campeonato Brasileiro,played,HOME
2025,12606,31,829781,309,GRUPO ÚNICO,2025-11-02,16:00,20031,Ceará,2.0,20014,Fluminense,0.0,Arena Castelão,Fortaleza,CE,Campeonato Brasileiro,played,HOME
2025,12606,31,829782,310,GRUPO ÚNICO,2025-11-02,18:30,20027,Juventude,0.0,20002,Palmeiras,2.0,Alfredo Jaconi,Caxias do Sul,RS,Campeonato Brasileiro,played,AWAY
2025,12606,32,829785,311,GRUPO ÚNICO,2025-11-06,19:30,20014,Fluminense,1.0,20385,Mirassol,0.0,Maracanã,Rio de Janeiro,RJ,Campeonato Brasileiro,played,HOME
2025,12606,32,829789,312,GRUPO ÚNICO,2025-11-05,19:30,60175,Botafogo,3.0,60646,Vasco da Gama Saf,0.0,Nilton Santos,Rio de Janeiro,RJ,Campeonato Brasileiro,played,HOME
2025,12606,32,829790,313,GRUPO ÚNICO,2025-11-06,21:30,20002,Palmeiras,2.0,20008,Santos FC,0.0,Nubank Parque,Sao Paulo,SP,Campeonato Brasileiro,played,HOME
2025,12606,32,829791,314,GRUPO ÚNICO,2025-11-05,21:30,20005,São Paulo,2.0,20016,Flamengo,2.0,Vila Belmiro,Santos,SP,Campeonato Brasileiro,played,DRAW
2025,12606,32,829792,315,GRUPO ÚNICO,2025-11-05,19:00,20007,Red Bull Bragantino,2.0,20001,Corinthians,1.0,Cícero de Souza Marques,Braganca Paulista,SP,Campeonato Brasileiro,played,HOME
2025,12606,32,829793,316,GRUPO ÚNICO,2025-11-05,20:00,62194,Atlético Mineiro,3.0,61377,Bahia,0.0,ARENA MRV,Belo Horizonte,MG,Campeonato Brasileiro,played,HOME
2025,12606,32,829795,317,GRUPO ÚNICO,2025-11-05,20:00,20013,Grêmio,0.0,59849,Cruzeiro,1.0,Arena do Grêmio,Porto Alegre,RS,Campeonato Brasileiro,played,AWAY
2025,12606,32,829796,318,GRUPO ÚNICO,2025-11-05,19:00,20018,Vitória,1.0,20011,Internacional,0.0,Manoel Barradas,Salvador,BA,Campeonato Brasileiro,played,HOME
2025,12606,32,829797,319,GRUPO ÚNICO,2025-11-06,20:00,20031,Ceará,1.0,63238,Fortaleza SAF,1.0,Arena Castelão,Fortaleza,CE,Campeonato Brasileiro,played,DRAW
2025,12606,32,829798,320,GRUPO ÚNICO,2025-11-05,19:00,20010,Sport Recife,0.0,20027,Juventude,2.0,Ilha do Retiro,Recife,PE,Campeonato Brasileiro,played,AWAY
2025,12606,33,829822,321,GRUPO ÚNICO,2025-11-09,18:30,20016,Flamengo,3.0,20008,Santos FC,2.0,Maracanã,Rio de Janeiro,RJ,Campeonato Brasileiro,played,HOME
2025,12606,33,829823,322,GRUPO ÚNICO,2025-11-08,18:00,60646,Vasco da Gama Saf,1.0,20027,Juventude,3.0,São Januário,Rio de Janeiro,RJ,Campeonato Brasileiro,played,AWAY
2025,12606,33,829824,323,GRUPO ÚNICO,2025-11-09,16:00,20001,Corinthians,0.0,20031,Ceará,1.0,Neo Química Arena,Sao Paulo,SP,Campeonato Brasileiro,played,AWAY
2025,12606,33,829825,324,GRUPO ÚNICO,2025-11-08,21:00,20005,São Paulo,0.0,20007,Red Bull Bragantino,1.0,Vila Belmiro,Santos,SP,Campeonato Brasileiro,played,AWAY
2025,12606,33,829826,325,GRUPO ÚNICO,2025-11-09,20:30,20385,Mirassol,2.0,20002,Palmeiras,1.0,José Maria de Campos Maia,Mirassol,SP,Campeonato Brasileiro,played,HOME
2025,12606,33,829827,326,GRUPO ÚNICO,2025-11-09,16:00,59849,Cruzeiro,0.0,20014,Fluminense,0.0,Mineirão,Belo Horizonte,MG,Campeonato Brasileiro,played,DRAW
2025,12606,33,829828,327,GRUPO ÚNICO,2025-11-08,18:30,20011,Internacional,2.0,61377,Bahia,2.0,Beira-Rio,Porto Alegre,RS,Campeonato Brasileiro,played,DRAW
2025,12606,33,829829,328,GRUPO ÚNICO,2025-11-09,16:00,20018,Vitória,0.0,60175,Botafogo,0.0,Manoel Barradas,Salvador,BA,Campeonato Brasileiro,played,DRAW
2025,12606,33,829830,329,GRUPO ÚNICO,2025-11-09,20:30,63238,Fortaleza SAF,2.0,20013,Grêmio,2.0,Arena Castelão,Fortaleza,CE,Campeonato Brasileiro,played,DRAW
2025,12606,33,829831,330,GRUPO ÚNICO,2025-11-08,16:00,20010,Sport Recife,2.0,62194,Atlético Mineiro,4.0,Ilha do Retiro,Recife,PE,Campeonato Brasileiro,played,AWAY
2025,12606,34,829832,331,GRUPO ÚNICO,2025-11-19,21:30,20014,Fluminense,2.0,20016,Flamengo,1.0,Maracanã,Rio de Janeiro,RJ,Campeonato Brasileiro,played,HOME
2025,12606,34,829833,332,GRUPO ÚNICO,2025-11-18,20:30,60175,Botafogo,3.0,20010,Sport Recife,2.0,Nilton Santos,Rio de Janeiro,RJ,Campeonato Brasileiro,played,HOME
2025,12606,34,829834,333,GRUPO ÚNICO,2025-11-20,19:30,20001,Corinthians,3.0,20005,São Paulo,1.0,Neo Química Arena,Sao Paulo,SP,Campeonato Brasileiro,played,HOME
2025,12606,34,829835,334,GRUPO ÚNICO,2025-11-19,21:30,20008,Santos FC,1.0,20385,Mirassol,1.0,Vila Belmiro,Santos,SP,Campeonato Brasileiro,played,DRAW
2025,12606,34,829836,335,GRUPO ÚNICO,2025-12-03,19:00,20007,Red Bull Bragantino,4.0,20018,Vitória,0.0,Cícero de Souza Marques,Braganca Paulista,SP,Campeonato Brasileiro,played,HOME
2025,12606,34,829837,336,GRUPO ÚNICO,2025-12-03,21:30,62194,Atlético Mineiro,0.0,20002,Palmeiras,3.0,ARENA MRV,Belo Horizonte,MG,Campeonato Brasileiro,played,AWAY
2025,12606,34,829838,337,GRUPO ÚNICO,2025-11-19,21:30,20013,Grêmio,2.0,60646,Vasco da Gama Saf,0.0,Arena do Grêmio,Porto Alegre,RS,Campeonato Brasileiro,played,HOME
2025,12606,34,829839,338,GRUPO ÚNICO,2025-11-20,18:00,61377,Bahia,2.0,63238,Fortaleza SAF,3.0,Arena Fonte Nova,Salvador,BA,Campeonato Brasileiro,played,AWAY
2025,12606,34,829840,339,GRUPO ÚNICO,2025-11-20,21:30,20031,Ceará,1.0,20011,Internacional,2.0,Arena Castelão,Fortaleza,CE,Campeonato Brasileiro,played,AWAY
2025,12606,34,829841,340,GRUPO ÚNICO,2025-11-20,16:00,20027,Juventude,3.0,59849,Cruzeiro,3.0,Alfredo Jaconi,Caxias do Sul,RS,Campeonato Brasileiro,played,DRAW
2025,12606,35,829842,341,GRUPO ÚNICO,2025-11-22,21:30,20016,Flamengo,3.0,20007,Red Bull Bragantino,0.0,Maracanã,Rio de Janeiro,RJ,Campeonato Brasileiro,played,HOME
2025,12606,35,829843,342,GRUPO ÚNICO,2025-11-22,19:30,60175,Botafogo,3.0,20013,Grêmio,2.0,Nilton Santos,Rio de Janeiro,RJ,Campeonato Brasileiro,played,HOME
2025,12606,35,829844,343,GRUPO ÚNICO,2025-11-22,21:30,20002,Palmeiras,0.0,20014,Fluminense,0.0,Nubank Parque,Sao Paulo,SP,Campeonato Brasileiro,played,DRAW
2025,12606,35,829845,344,GRUPO ÚNICO,2025-11-23,16:00,20005,São Paulo,2.0,20027,Juventude,1.0,Vila Belmiro,Santos,SP,Campeonato Brasileiro,played,HOME
2025,12606,35,829846,345,GRUPO ÚNICO,2025-11-24,19:00,20385,Mirassol,3.0,20031,Ceará,0.0,José Maria de Campos Maia,Mirassol,SP,Campeonato Brasileiro,played,HOME
2025,12606,35,829847,346,GRUPO ÚNICO,2025-11-23,20:30,59849,Cruzeiro,3.0,20001,Corinthians,0.0,Mineirão,Belo Horizonte,MG,Campeonato Brasileiro,played,HOME
2025,12606,35,829848,347,GRUPO ÚNICO,2025-11-24,21:00,20011,Internacional,1.0,20008,Santos FC,1.0,Beira-Rio,Porto Alegre,RS,Campeonato Brasileiro,played,DRAW
2025,12606,35,829849,348,GRUPO ÚNICO,2025-11-23,16:00,61377,Bahia,1.0,60646,Vasco da Gama Saf,0.0,Arena Fonte Nova,Salvador,BA,Campeonato Brasileiro,played,HOME
2025,12606,35,829850,349,GRUPO ÚNICO,2025-11-30,18:30,63238,Fortaleza SAF,1.0,62194,Atlético Mineiro,0.0,Arena Castelão,Fortaleza,CE,Campeonato Brasileiro,played,HOME
2025,12606,35,829851,350,GRUPO ÚNICO,2025-11-23,18:30,20010,Sport Recife,1.0,20018,Vitória,3.0,Ilha do Retiro,Recife,PE,Campeonato Brasileiro,played,AWAY
2025,12606,36,829852,351,GRUPO ÚNICO,2025-11-27,20:30,20014,Fluminense,6.0,20005,São Paulo,0.0,Maracanã,Rio de Janeiro,RJ,Campeonato Brasileiro,played,HOME
2025,12606,36,829853,352,GRUPO ÚNICO,2025-11-28,19:30,60646,Vasco da Gama Saf,5.0,20011,Internacional,1.0,São Januário,Rio de Janeiro,RJ,Campeonato Brasileiro,played,HOME
2025,12606,36,829854,353,GRUPO ÚNICO,2025-11-30,16:00,20001,Corinthians,2.0,60175,Botafogo,2.0,Neo Química Arena,Sao Paulo,SP,Campeonato Brasileiro,played,DRAW
2025,12606,36,829855,354,GRUPO ÚNICO,2025-11-28,21:30,20008,Santos FC,3.0,20010,Sport Recife,0.0,Vila Belmiro,Santos,SP,Campeonato Brasileiro,played,HOME
2025,12606,36,829856,355,GRUPO ÚNICO,2025-11-26,19:00,20007,Red Bull Bragantino,0.0,63238,Fortaleza SAF,1.0,Cícero de Souza Marques,Braganca Paulista,SP,Campeonato Brasileiro,played,AWAY
2025,12606,36,829857,356,GRUPO ÚNICO,2025-11-25,21:30,62194,Atlético Mineiro,1.0,20016,Flamengo,1.0,ARENA MRV,Belo Horizonte,MG,Campeonato Brasileiro,played,DRAW
2025,12606,36,829858,357,GRUPO ÚNICO,2025-11-25,21:30,20013,Grêmio,3.0,20002,Palmeiras,2.0,Arena do Grêmio,Porto Alegre,RS,Campeonato Brasileiro,played,HOME
2025,12606,36,829859,358,GRUPO ÚNICO,2025-11-29,16:00,20018,Vitória,2.0,20385,Mirassol,0.0,Manoel Barradas,Salvador,BA,Campeonato Brasileiro,played,HOME
2025,12606,36,829860,359,GRUPO ÚNICO,2025-11-29,21:00,20031,Ceará,1.0,59849,Cruzeiro,1.0,Arena Castelão,Fortaleza,CE,Campeonato Brasileiro,played,DRAW
2025,12606,36,829861,360,GRUPO ÚNICO,2025-11-28,19:00,20027,Juventude,1.0,61377,Bahia,1.0,Alfredo Jaconi,Caxias do Sul,RS,Campeonato Brasileiro,played,DRAW
2025,12606,37,829862,361,GRUPO ÚNICO,2025-12-03,21:30,20016,Flamengo,1.0,20031,Ceará,0.0,Maracanã,Rio de Janeiro,RJ,Campeonato Brasileiro,played,HOME
2025,12606,37,829863,362,GRUPO ÚNICO,2025-12-02,19:00,60646,Vasco da Gama Saf,0.0,20385,Mirassol,2.0,São Januário,Rio de Janeiro,RJ,Campeonato Brasileiro,played,AWAY
2025,12606,37,829864,363,GRUPO ÚNICO,2025-11-19,19:30,20002,Palmeiras,0.0,20018,Vitória,0.0,Nubank Parque,Sao Paulo,SP,Campeonato Brasileiro,played,DRAW
2025,12606,37,829865,364,GRUPO ÚNICO,2025-12-03,20:00,20005,São Paulo,3.0,20011,Internacional,0.0,Vila Belmiro,Santos,SP,Campeonato Brasileiro,played,HOME
2025,12606,37,829866,365,GRUPO ÚNICO,2025-11-16,19:00,20007,Red Bull Bragantino,2.0,62194,Atlético Mineiro,0.0,Cícero de Souza Marques,Braganca Paulista,SP,Campeonato Brasileiro,played,HOME
2025,12606,37,829867,366,GRUPO ÚNICO,2025-12-04,19:30,59849,Cruzeiro,2.0,60175,Botafogo,2.0,Mineirão,Belo Horizonte,MG,Campeonato Brasileiro,played,DRAW
2025,12606,37,829868,367,GRUPO ÚNICO,2025-12-02,21:30,20013,Grêmio,1.0,20014,Fluminense,2.0,Arena do Grêmio,Porto Alegre,RS,Campeonato Brasileiro,played,AWAY
2025,12606,37,829869,368,GRUPO ÚNICO,2025-12-03,20:00,61377,Bahia,2.0,20010,Sport Recife,0.0,Arena Fonte Nova,Salvador,BA,Campeonato Brasileiro,played,HOME
2025,12606,37,829870,369,GRUPO ÚNICO,2025-12-03,19:00,63238,Fortaleza SAF,2.0,20001,Corinthians,1.0,Arena Castelão,Fortaleza,CE,Campeonato Brasileiro,played,HOME
2025,12606,37,829871,370,GRUPO ÚNICO,2025-12-03,19:30,20027,Juventude,0.0,20008,Santos FC,3.0,Alfredo Jaconi,Caxias do Sul,RS,Campeonato Brasileiro,played,AWAY
2025,12606,38,829872,371,GRUPO ÚNICO,2025-12-07,16:00,20014,Fluminense,2.0,61377,Bahia,0.0,Maracanã,Rio de Janeiro,RJ,Campeonato Brasileiro,played,HOME
2025,12606,38,829873,372,GRUPO ÚNICO,2025-12-07,16:00,60175,Botafogo,4.0,63238,Fortaleza SAF,2.0,Nilton Santos,Rio de Janeiro,RJ,Campeonato Brasileiro,played,HOME
2025,12606,38,829874,373,GRUPO ÚNICO,2025-12-07,16:00,20001,Corinthians,1.0,20027,Juventude,1.0,Neo Química Arena,Sao Paulo,SP,Campeonato Brasileiro,played,DRAW
2025,12606,38,829875,374,GRUPO ÚNICO,2025-12-07,16:00,20008,Santos FC,3.0,59849,Cruzeiro,0.0,Vila Belmiro,Santos,SP,Campeonato Brasileiro,played,HOME
2025,12606,38,829876,375,GRUPO ÚNICO,2025-12-06,18:30,20385,Mirassol,3.0,20016,Flamengo,3.0,José Maria de Campos Maia,Mirassol,SP,Campeonato Brasileiro,played,DRAW
2025,12606,38,829877,376,GRUPO ÚNICO,2025-12-07,16:00,62194,Atlético Mineiro,5.0,60646,Vasco da Gama Saf,0.0,ARENA MRV,Belo Horizonte,MG,Campeonato Brasileiro,played,HOME
2025,12606,38,829878,377,GRUPO ÚNICO,2025-12-07,16:00,20011,Internacional,3.0,20007,Red Bull Bragantino,1.0,Beira-Rio,Porto Alegre,RS,Campeonato Brasileiro,played,HOME
2025,12606,38,829879,378,GRUPO ÚNICO,2025-12-07,16:00,20018,Vitória,1.0,20005,São Paulo,0.0,Manoel Barradas,Salvador,BA,Campeonato Brasileiro,played,HOME
2025,12606,38,829880,379,GRUPO ÚNICO,2025-12-07,16:00,20031,Ceará,1.0,20002,Palmeiras,3.0,Arena Castelão,Fortaleza,CE,Campeonato Brasileiro,played,AWAY
2025,12606,38,829881,380,GRUPO ÚNICO,2025-12-07,16:00,20010,Sport Recife,0.0,20013,Grêmio,4.0,Ilha do Retiro,Recife,PE,Campeonato Brasileiro,played,AWAY
2026,1260611,1,831889,1,GRUPO ÚNICO,2026-01-28,19:30,20014,Fluminense,2.0,20013,Grêmio,1.0,Maracanã,Rio de Janeiro,RJ,Campeonato Brasileiro,played,HOME
2026,1260611,1,831890,2,GRUPO ÚNICO,2026-01-29,21:30,60175,Botafogo,4.0,59849,Cruzeiro,0.0,Nilton Santos,Rio de Janeiro,RJ,Campeonato Brasileiro,played,HOME
2026,1260611,1,831891,3,GRUPO ÚNICO,2026-01-28,21:30,20005,São Paulo,2.0,20016,Flamengo,1.0,Morumbi,Sao Paulo,SP,Campeonato Brasileiro,played,HOME
2026,1260611,1,831892,4,GRUPO ÚNICO,2026-01-28,20:00,20001,Corinthians,1.0,61377,Bahia,2.0,Vila Belmiro,Santos,SP,Campeonato Brasileiro,played,AWAY
2026,1260611,1,831893,5,GRUPO ÚNICO,2026-01-29,20:00,20385,Mirassol,2.0,60646,Vasco da Gama Saf,1.0,José Maria de Campos Maia,Mirassol,SP,Campeonato Brasileiro,played,HOME
2026,1260611,1,831894,6,GRUPO ÚNICO,2026-01-28,19:00,62194,Atlético Mineiro,2.0,20002,Palmeiras,2.0,ARENA MRV,Belo Horizonte,MG,Campeonato Brasileiro,played,DRAW
2026,1260611,1,831895,7,GRUPO ÚNICO,2026-01-28,19:00,20011,Internacional,0.0,20052,Athletico Paranaense,1.0,Beira-Rio,Porto Alegre,RS,Campeonato Brasileiro,played,AWAY
2026,1260611,1,831896,8,GRUPO ÚNICO,2026-01-28,19:00,61590,Coritiba SAF,0.0,20007,Red Bull Bragantino,1.0,Couto Pereira,Curitiba,PR,Campeonato Brasileiro,played,AWAY
2026,1260611,1,831897,9,GRUPO ÚNICO,2026-01-28,19:00,20018,Vitória,2.0,20022,Remo,0.0,Manoel Barradas,Salvador,BA,Campeonato Brasileiro,played,HOME
2026,1260611,1,831898,10,GRUPO ÚNICO,2026-01-28,20:00,20086,Chapecoense,4.0,20008,Santos FC,2.0,Arena Condá,Chapeco,SC,Campeonato Brasileiro,played,HOME
2026,1260611,2,831899,11,GRUPO ÚNICO,2026-02-04,19:00,20016,Flamengo,1.0,20011,Internacional,1.0,Maracanã,Rio de Janeiro,RJ,Campeonato Brasileiro,played,DRAW
2026,1260611,2,831900,12,GRUPO ÚNICO,2026-02-05,20:00,60646,Vasco da Gama Saf,1.0,20086,Chapecoense,1.0,São Januário,Rio de Janeiro,RJ,Campeonato Brasileiro,played,DRAW
2026,1260611,2,831901,13,GRUPO ÚNICO,2026-02-04,20:00,20008,Santos FC,1.0,20005,São Paulo,1.0,Vila Belmiro,Santos,SP,Campeonato Brasileiro,played,DRAW
2026,1260611,2,831902,14,GRUPO ÚNICO,2026-02-04,21:30,20002,Palmeiras,5.0,20018,Vitória,1.0,Arena Barueri,Barueri,SP,Campeonato Brasileiro,played,HOME
2026,1260611,2,831903,15,GRUPO ÚNICO,2026-02-04,19:00,20007,Red Bull Bragantino,1.0,62194,Atlético Mineiro,0.0,Cícero de Souza Marques,Braganca Paulista,SP,Campeonato Brasileiro,played,HOME
2026,1260611,2,831904,16,GRUPO ÚNICO,2026-02-05,21:30,59849,Cruzeiro,1.0,61590,Coritiba SAF,2.0,Mineirão,Belo Horizonte,MG,Campeonato Brasileiro,played,AWAY
2026,1260611,2,831905,17,GRUPO ÚNICO,2026-02-04,21:30,20013,Grêmio,5.0,60175,Botafogo,3.0,Arena do Grêmio,Porto Alegre,RS,Campeonato Brasileiro,played,HOME
2026,1260611,2,831906,18,GRUPO ÚNICO,2026-02-19,19:30,20052,Athletico Paranaense,0.0,20001,Corinthians,1.0,Arena da Baixada,Curitiba,PR,Campeonato Brasileiro,played,AWAY
2026,1260611,2,831907,19,GRUPO ÚNICO,2026-02-05,19:00,61377,Bahia,1.0,20014,Fluminense,1.0,Arena Fonte Nova,Salvador,BA,Campeonato Brasileiro,played,DRAW
2026,1260611,2,831908,20,GRUPO ÚNICO,2026-02-04,20:00,20022,Remo,2.0,20385,Mirassol,2.0,Mangueirão,Belem,PA,Campeonato Brasileiro,played,DRAW
2026,1260611,3,831909,21,GRUPO ÚNICO,2026-02-12,19:30,20014,Fluminense,1.0,60175,Botafogo,0.0,Maracanã,Rio de Janeiro,RJ,Campeonato Brasileiro,played,HOME
2026,1260611,3,831910,22,GRUPO ÚNICO,2026-02-11,21:30,60646,Vasco da Gama Saf,0.0,61377,Bahia,1.0,São Januário,Rio de Janeiro,RJ,Campeonato Brasileiro,played,AWAY
2026,1260611,3,831911,23,GRUPO ÚNICO,2026-02-11,21:30,20005,São Paulo,2.0,20013,Grêmio,0.0,Morumbi,Sao Paulo,SP,Campeonato Brasileiro,played,HOME
2026,1260611,3,831912,24,GRUPO ÚNICO,2026-02-12,20:00,20001,Corinthians,2.0,20007,Red Bull Bragantino,0.0,Neo Química Arena,Sao Paulo,SP,Campeonato Brasileiro,played,HOME
2026,1260611,3,831913,25,GRUPO ÚNICO,2026-02-11,19:00,20385,Mirassol,2.0,59849,Cruzeiro,2.0,José Maria de Campos Maia,Mirassol,SP,Campeonato Brasileiro,played,DRAW
2026,1260611,3,831914,26,GRUPO ÚNICO,2026-02-11,20:00,62194,Atlético Mineiro,3.0,20022,Remo,3.0,ARENA MRV,Belo Horizonte,MG,Campeonato Brasileiro,played,DRAW
2026,1260611,3,831915,27,GRUPO ÚNICO,2026-02-12,21:30,20011,Internacional,1.0,20002,Palmeiras,3.0,Beira-Rio,Porto Alegre,RS,Campeonato Brasileiro,played,AWAY
2026,1260611,3,831916,28,GRUPO ÚNICO,2026-02-12,19:00,20052,Athletico Paranaense,2.0,20008,Santos FC,1.0,Arena da Baixada,Curitiba,PR,Campeonato Brasileiro,played,HOME
2026,1260611,3,831917,29,GRUPO ÚNICO,2026-02-10,21:30,20018,Vitória,1.0,20016,Flamengo,2.0,Manoel Barradas,Salvador,BA,Campeonato Brasileiro,played,AWAY
2026,1260611,3,831918,30,GRUPO ÚNICO,2026-02-11,19:00,20086,Chapecoense,3.0,61590,Coritiba SAF,3.0,Arena Condá,Chapeco,SC,Campeonato Brasileiro,played,DRAW
2026,1260611,4,831919,31,GRUPO ÚNICO,2026-09-02,19:30,20016,Flamengo,,20385,Mirassol,,Maracanã,Rio de Janeiro,RJ,Campeonato Brasileiro,upcoming,
2026,1260611,4,831920,32,GRUPO ÚNICO,2026-07-23,19:30,60175,Botafogo,0.0,20018,Vitória,0.0,Nilton Santos,Rio de Janeiro,RJ,Campeonato Brasileiro,played,DRAW
2026,1260611,4,831921,33,GRUPO ÚNICO,2026-02-26,19:00,20008,Santos FC,2.0,60646,Vasco da Gama Saf,1.0,Vila Belmiro,Santos,SP,Campeonato Brasileiro,played,HOME
2026,1260611,4,831922,34,GRUPO ÚNICO,2026-02-25,21:30,20002,Palmeiras,2.0,20014,Fluminense,1.0,Arena Barueri,Barueri,SP,Campeonato Brasileiro,played,HOME
2026,1260611,4,831923,35,GRUPO ÚNICO,2026-02-25,19:00,20007,Red Bull Bragantino,1.0,20052,Athletico Paranaense,1.0,Cícero de Souza Marques,Braganca Paulista,SP,Campeonato Brasileiro,played,DRAW
2026,1260611,4,831924,36,GRUPO ÚNICO,2026-02-25,20:00,59849,Cruzeiro,1.0,20001,Corinthians,1.0,Mineirão,Belo Horizonte,MG,Campeonato Brasileiro,played,DRAW
2026,1260611,4,831925,37,GRUPO ÚNICO,2026-02-25,21:30,20013,Grêmio,2.0,62194,Atlético Mineiro,1.0,Arena do Grêmio,Porto Alegre,RS,Campeonato Brasileiro,played,HOME
2026,1260611,4,831926,38,GRUPO ÚNICO,2026-02-25,19:30,61590,Coritiba SAF,0.0,20005,São Paulo,1.0,Couto Pereira,Curitiba,PR,Campeonato Brasileiro,played,AWAY
2026,1260611,4,831927,39,GRUPO ÚNICO,2026-07-17,19:30,61377,Bahia,2.0,20086,Chapecoense,0.0,Arena Fonte Nova,Salvador,BA,Campeonato Brasileiro,played,HOME
2026,1260611,4,831928,40,GRUPO ÚNICO,2026-02-25,19:00,20022,Remo,1.0,20011,Internacional,1.0,Mangueirão,Belem,PA,Campeonato Brasileiro,played,DRAW
2026,1260611,5,831929,41,GRUPO ÚNICO,2026-03-11,21:30,20016,Flamengo,2.0,59849,Cruzeiro,0.0,Maracanã,Rio de Janeiro,RJ,Campeonato Brasileiro,played,HOME
2026,1260611,5,831930,42,GRUPO ÚNICO,2026-03-12,19:30,60646,Vasco da Gama Saf,2.0,20002,Palmeiras,1.0,São Januário,Rio de Janeiro,RJ,Campeonato Brasileiro,played,HOME
2026,1260611,5,831931,43,GRUPO ÚNICO,2026-03-12,20:00,20005,São Paulo,2.0,20086,Chapecoense,0.0,Canindé,Sao Paulo,SP,Campeonato Brasileiro,played,HOME
2026,1260611,5,831932,44,GRUPO ÚNICO,2026-03-11,21:30,20001,Corinthians,0.0,61590,Coritiba SAF,2.0,Neo Química Arena,Sao Paulo,SP,Campeonato Brasileiro,played,AWAY
2026,1260611,5,831933,45,GRUPO ÚNICO,2026-03-10,21:30,20385,Mirassol,2.0,20008,Santos FC,2.0,José Maria de Campos Maia,Mirassol,SP,Campeonato Brasileiro,played,DRAW
2026,1260611,5,831934,46,GRUPO ÚNICO,2026-03-11,19:00,62194,Atlético Mineiro,1.0,20011,Internacional,0.0,ARENA MRV,Belo Horizonte,MG,Campeonato Brasileiro,played,HOME
2026,1260611,5,831935,47,GRUPO ÚNICO,2026-03-12,21:30,20013,Grêmio,1.0,20007,Red Bull Bragantino,1.0,Arena do Grêmio,Porto Alegre,RS,Campeonato Brasileiro,played,DRAW
2026,1260611,5,831936,48,GRUPO ÚNICO,2026-03-29,19:30,20052,Athletico Paranaense,4.0,60175,Botafogo,1.0,Arena da Baixada,Curitiba,PR,Campeonato Brasileiro,played,HOME
2026,1260611,5,831937,49,GRUPO ÚNICO,2026-03-11,20:00,61377,Bahia,1.0,20018,Vitória,1.0,Arena Fonte Nova,Salvador,BA,Campeonato Brasileiro,played,DRAW
2026,1260611,5,831938,50,GRUPO ÚNICO,2026-03-12,19:00,20022,Remo,0.0,20014,Fluminense,2.0,Mangueirão,Belem,PA,Campeonato Brasileiro,played,AWAY
2026,1260611,6,831939,51,GRUPO ÚNICO,2026-03-15,16:00,20014,Fluminense,3.0,20052,Athletico Paranaense,2.0,Maracanã,Rio de Janeiro,RJ,Campeonato Brasileiro,played,HOME
2026,1260611,6,831940,52,GRUPO ÚNICO,2026-03-14,20:30,60175,Botafogo,0.0,20016,Flamengo,3.0,Nilton Santos,Rio de Janeiro,RJ,Campeonato Brasileiro,played,AWAY
2026,1260611,6,831941,53,GRUPO ÚNICO,2026-03-15,16:00,20008,Santos FC,1.0,20001,Corinthians,1.0,Vila Belmiro,Santos,SP,Campeonato Brasileiro,played,DRAW
2026,1260611,6,831942,54,GRUPO ÚNICO,2026-03-15,18:30,20002,Palmeiras,1.0,20385,Mirassol,0.0,Nubank Parque,Sao Paulo,SP,Campeonato Brasileiro,played,HOME
2026,1260611,6,831943,55,GRUPO ÚNICO,2026-03-15,20:30,20007,Red Bull Bragantino,1.0,20005,São Paulo,2.0,Cícero de Souza Marques,Braganca Paulista,SP,Campeonato Brasileiro,played,AWAY
2026,1260611,6,831944,56,GRUPO ÚNICO,2026-03-15,20:30,59849,Cruzeiro,3.0,60646,Vasco da Gama Saf,3.0,Mineirão,Belo Horizonte,MG,Campeonato Brasileiro,played,DRAW
2026,1260611,6,831945,57,GRUPO ÚNICO,2026-03-15,16:00,20011,Internacional,0.0,61377,Bahia,1.0,Beira-Rio,Porto Alegre,RS,Campeonato Brasileiro,played,AWAY
2026,1260611,6,831946,58,GRUPO ÚNICO,2026-03-15,18:30,61590,Coritiba SAF,1.0,20022,Remo,0.0,Couto Pereira,Curitiba,PR,Campeonato Brasileiro,played,HOME
2026,1260611,6,831947,59,GRUPO ÚNICO,2026-03-14,18:30,20018,Vitória,2.0,62194,Atlético Mineiro,0.0,Manoel Barradas,Salvador,BA,Campeonato Brasileiro,played,HOME
2026,1260611,6,831948,60,GRUPO ÚNICO,2026-03-16,20:00,20086,Chapecoense,1.0,20013,Grêmio,1.0,Arena Condá,Chapeco,SC,Campeonato Brasileiro,played,DRAW
2026,1260611,7,831949,61,GRUPO ÚNICO,2026-03-19,20:00,20016,Flamengo,3.0,20022,Remo,0.0,Maracanã,Rio de Janeiro,RJ,Campeonato Brasileiro,played,HOME
2026,1260611,7,831950,62,GRUPO ÚNICO,2026-03-18,21:30,60646,Vasco da Gama Saf,3.0,20014,Fluminense,2.0,Maracanã,Rio de Janeiro,RJ,Campeonato Brasileiro,played,HOME
2026,1260611,7,831951,63,GRUPO ÚNICO,2026-03-18,21:30,20008,Santos FC,1.0,20011,Internacional,2.0,Vila Belmiro,Santos,SP,Campeonato Brasileiro,played,AWAY
2026,1260611,7,831952,64,GRUPO ÚNICO,2026-03-18,19:00,20002,Palmeiras,2.0,60175,Botafogo,1.0,Nubank Parque,Sao Paulo,SP,Campeonato Brasileiro,played,HOME
2026,1260611,7,831953,65,GRUPO ÚNICO,2026-03-18,20:00,20385,Mirassol,0.0,61590,Coritiba SAF,1.0,José Maria de Campos Maia,Mirassol,SP,Campeonato Brasileiro,played,AWAY
2026,1260611,7,831954,66,GRUPO ÚNICO,2026-03-18,20:00,62194,Atlético Mineiro,1.0,20005,São Paulo,0.0,ARENA MRV,Belo Horizonte,MG,Campeonato Brasileiro,played,HOME
2026,1260611,7,831955,67,GRUPO ÚNICO,2026-03-19,19:00,20013,Grêmio,2.0,20018,Vitória,0.0,Arena do Grêmio,Porto Alegre,RS,Campeonato Brasileiro,played,HOME
2026,1260611,7,831956,68,GRUPO ÚNICO,2026-03-18,19:30,20052,Athletico Paranaense,2.0,59849,Cruzeiro,1.0,Arena da Baixada,Curitiba,PR,Campeonato Brasileiro,played,HOME
2026,1260611,7,831957,69,GRUPO ÚNICO,2026-03-18,19:00,61377,Bahia,2.0,20007,Red Bull Bragantino,0.0,Arena Fonte Nova,Salvador,BA,Campeonato Brasileiro,played,HOME
2026,1260611,7,831958,70,GRUPO ÚNICO,2026-03-19,21:30,20086,Chapecoense,0.0,20001,Corinthians,0.0,Arena Condá,Chapeco,SC,Campeonato Brasileiro,played,DRAW
2026,1260611,8,831959,71,GRUPO ÚNICO,2026-03-21,18:30,20014,Fluminense,1.0,62194,Atlético Mineiro,0.0,Maracanã,Rio de Janeiro,RJ,Campeonato Brasileiro,played,HOME
2026,1260611,8,831960,72,GRUPO ÚNICO,2026-03-22,16:00,60646,Vasco da Gama Saf,2.0,20013,Grêmio,1.0,São Januário,Rio de Janeiro,RJ,Campeonato Brasileiro,played,HOME
2026,1260611,8,831961,73,GRUPO ÚNICO,2026-03-21,21:00,20005,São Paulo,0.0,20002,Palmeiras,1.0,Morumbi,Sao Paulo,SP,Campeonato Brasileiro,played,AWAY
2026,1260611,8,831962,74,GRUPO ÚNICO,2026-03-22,20:30,20001,Corinthians,1.0,20016,Flamengo,1.0,Neo Química Arena,Sao Paulo,SP,Campeonato Brasileiro,played,DRAW
2026,1260611,8,831963,75,GRUPO ÚNICO,2026-03-21,16:00,20007,Red Bull Bragantino,1.0,60175,Botafogo,2.0,Cícero de Souza Marques,Braganca Paulista,SP,Campeonato Brasileiro,played,AWAY
2026,1260611,8,831964,76,GRUPO ÚNICO,2026-03-22,16:00,59849,Cruzeiro,0.0,20008,Santos FC,0.0,Mineirão,Belo Horizonte,MG,Campeonato Brasileiro,played,DRAW
2026,1260611,8,831965,77,GRUPO ÚNICO,2026-03-22,18:30,20011,Internacional,2.0,20086,Chapecoense,0.0,Beira-Rio,Porto Alegre,RS,Campeonato Brasileiro,played,HOME
2026,1260611,8,831966,78,GRUPO ÚNICO,2026-03-22,16:00,20052,Athletico Paranaense,2.0,61590,Coritiba SAF,0.0,Arena da Baixada,Curitiba,PR,Campeonato Brasileiro,played,HOME
2026,1260611,8,831967,79,GRUPO ÚNICO,2026-03-22,18:30,20018,Vitória,1.0,20385,Mirassol,0.0,Manoel Barradas,Salvador,BA,Campeonato Brasileiro,played,HOME
2026,1260611,8,831968,80,GRUPO ÚNICO,2026-03-22,16:00,20022,Remo,4.0,61377,Bahia,1.0,Mangueirão,Belem,PA,Campeonato Brasileiro,played,HOME
2026,1260611,9,831970,81,GRUPO ÚNICO,2026-04-01,21:30,20014,Fluminense,3.0,20001,Corinthians,1.0,Maracanã,Rio de Janeiro,RJ,Campeonato Brasileiro,played,HOME
2026,1260611,9,831971,82,GRUPO ÚNICO,2026-04-01,19:30,60175,Botafogo,3.0,20385,Mirassol,2.0,Nilton Santos,Rio de Janeiro,RJ,Campeonato Brasileiro,played,HOME
2026,1260611,9,831972,83,GRUPO ÚNICO,2026-04-02,19:00,20008,Santos FC,2.0,20022,Remo,0.0,Vila Belmiro,Santos,SP,Campeonato Brasileiro,played,HOME
2026,1260611,9,831973,84,GRUPO ÚNICO,2026-04-02,21:30,20002,Palmeiras,2.0,20013,Grêmio,1.0,Arena Barueri,Barueri,SP,Campeonato Brasileiro,played,HOME
2026,1260611,9,831974,85,GRUPO ÚNICO,2026-04-02,21:30,20007,Red Bull Bragantino,3.0,20016,Flamengo,0.0,Cícero de Souza Marques,Braganca Paulista,SP,Campeonato Brasileiro,played,HOME
2026,1260611,9,831975,86,GRUPO ÚNICO,2026-04-01,20:00,59849,Cruzeiro,3.0,20018,Vitória,0.0,Mineirão,Belo Horizonte,MG,Campeonato Brasileiro,played,HOME
2026,1260611,9,831976,87,GRUPO ÚNICO,2026-04-01,19:30,20011,Internacional,1.0,20005,São Paulo,1.0,Beira-Rio,Porto Alegre,RS,Campeonato Brasileiro,played,DRAW
2026,1260611,9,831977,88,GRUPO ÚNICO,2026-04-01,20:30,61590,Coritiba SAF,1.0,60646,Vasco da Gama Saf,1.0,Couto Pereira,Curitiba,PR,Campeonato Brasileiro,played,DRAW
2026,1260611,9,831978,89,GRUPO ÚNICO,2026-04-01,20:00,61377,Bahia,3.0,20052,Athletico Paranaense,0.0,Arena Fonte Nova,Salvador,BA,Campeonato Brasileiro,played,HOME
2026,1260611,9,831979,90,GRUPO ÚNICO,2026-04-02,19:00,20086,Chapecoense,0.0,62194,Atlético Mineiro,4.0,Arena Condá,Chapeco,SC,Campeonato Brasileiro,played,AWAY
2026,1260611,10,831980,91,GRUPO ÚNICO,2026-04-05,17:30,20016,Flamengo,3.0,20008,Santos FC,1.0,Maracanã,Rio de Janeiro,RJ,Campeonato Brasileiro,played,HOME
2026,1260611,10,831981,92,GRUPO ÚNICO,2026-04-04,21:00,60646,Vasco da Gama Saf,1.0,60175,Botafogo,2.0,São Januário,Rio de Janeiro,RJ,Campeonato Brasileiro,played,AWAY
2026,1260611,10,831982,93,GRUPO ÚNICO,2026-04-04,18:30,20005,São Paulo,4.0,59849,Cruzeiro,1.0,Morumbi,Sao Paulo,SP,Campeonato Brasileiro,played,HOME
2026,1260611,10,831983,94,GRUPO ÚNICO,2026-04-05,19:30,20001,Corinthians,0.0,20011,Internacional,1.0,Neo Química Arena,Sao Paulo,SP,Campeonato Brasileiro,played,AWAY
2026,1260611,10,831984,95,GRUPO ÚNICO,2026-04-05,20:00,20385,Mirassol,0.0,20007,Red Bull Bragantino,1.0,José Maria de Campos Maia,Mirassol,SP,Campeonato Brasileiro,played,AWAY
2026,1260611,10,831985,96,GRUPO ÚNICO,2026-04-05,17:30,62194,Atlético Mineiro,2.0,20052,Athletico Paranaense,1.0,ARENA MRV,Belo Horizonte,MG,Campeonato Brasileiro,played,HOME
2026,1260611,10,831986,97,GRUPO ÚNICO,2026-04-05,20:30,20013,Grêmio,0.0,20022,Remo,0.0,Arena do Grêmio,Porto Alegre,RS,Campeonato Brasileiro,played,DRAW
2026,1260611,10,831987,98,GRUPO ÚNICO,2026-04-04,20:30,61590,Coritiba SAF,1.0,20014,Fluminense,1.0,Couto Pereira,Curitiba,PR,Campeonato Brasileiro,played,DRAW
2026,1260611,10,831988,99,GRUPO ÚNICO,2026-04-05,19:30,61377,Bahia,1.0,20002,Palmeiras,2.0,Arena Fonte Nova,Salvador,BA,Campeonato Brasileiro,played,AWAY
2026,1260611,10,831989,100,GRUPO ÚNICO,2026-04-05,16:00,20086,Chapecoense,1.0,20018,Vitória,1.0,Arena Condá,Chapeco,SC,Campeonato Brasileiro,played,DRAW
2026,1260611,11,831990,101,GRUPO ÚNICO,2026-04-12,18:00,20014,Fluminense,1.0,20016,Flamengo,2.0,Maracanã,Rio de Janeiro,RJ,Campeonato Brasileiro,played,AWAY
2026,1260611,11,831991,102,GRUPO ÚNICO,2026-04-12,16:00,60175,Botafogo,2.0,61590,Coritiba SAF,2.0,Nilton Santos,Rio de Janeiro,RJ,Campeonato Brasileiro,played,DRAW
2026,1260611,11,831992,103,GRUPO ÚNICO,2026-04-11,20:00,20008,Santos FC,1.0,62194,Atlético Mineiro,0.0,Vila Belmiro,Santos,SP,Campeonato Brasileiro,played,HOME
2026,1260611,11,831993,104,GRUPO ÚNICO,2026-04-12,18:30,20001,Corinthians,0.0,20002,Palmeiras,0.0,Neo Química Arena,Sao Paulo,SP,Campeonato Brasileiro,played,DRAW
2026,1260611,11,831994,105,GRUPO ÚNICO,2026-04-11,18:30,20385,Mirassol,1.0,61377,Bahia,2.0,José Maria de Campos Maia,Mirassol,SP,Campeonato Brasileiro,played,AWAY
2026,1260611,11,831995,106,GRUPO ÚNICO,2026-04-12,18:30,59849,Cruzeiro,2.0,20007,Red Bull Bragantino,1.0,Mineirão,Belo Horizonte,MG,Campeonato Brasileiro,played,HOME
2026,1260611,11,831996,107,GRUPO ÚNICO,2026-04-11,20:30,20011,Internacional,0.0,20013,Grêmio,0.0,Beira-Rio,Porto Alegre,RS,Campeonato Brasileiro,played,DRAW
2026,1260611,11,831997,108,GRUPO ÚNICO,2026-04-12,11:00,20052,Athletico Paranaense,2.0,20086,Chapecoense,0.0,Arena da Baixada,Curitiba,PR,Campeonato Brasileiro,played,HOME
2026,1260611,11,831998,109,GRUPO ÚNICO,2026-04-11,16:30,20018,Vitória,2.0,20005,São Paulo,0.0,Manoel Barradas,Salvador,BA,Campeonato Brasileiro,played,HOME
2026,1260611,11,831999,110,GRUPO ÚNICO,2026-04-11,16:30,20022,Remo,1.0,60646,Vasco da Gama Saf,1.0,Mangueirão,Belem,PA,Campeonato Brasileiro,played,DRAW
2026,1260611,12,832000,111,GRUPO ÚNICO,2026-04-19,19:30,20016,Flamengo,2.0,61377,Bahia,0.0,Maracanã,Rio de Janeiro,RJ,Campeonato Brasileiro,played,HOME
2026,1260611,12,832001,112,GRUPO ÚNICO,2026-04-18,18:30,60646,Vasco da Gama Saf,2.0,20005,São Paulo,1.0,São Januário,Rio de Janeiro,RJ,Campeonato Brasileiro,played,HOME
2026,1260611,12,832002,113,GRUPO ÚNICO,2026-04-19,16:00,20008,Santos FC,2.0,20014,Fluminense,3.0,Vila Belmiro,Santos,SP,Campeonato Brasileiro,played,AWAY
2026,1260611,12,832003,114,GRUPO ÚNICO,2026-04-19,18:30,20002,Palmeiras,1.0,20052,Athletico Paranaense,0.0,Nubank Parque,Sao Paulo,SP,Campeonato Brasileiro,played,HOME
2026,1260611,12,832004,115,GRUPO ÚNICO,2026-04-19,18:30,20007,Red Bull Bragantino,4.0,20022,Remo,2.0,Cícero de Souza Marques,Braganca Paulista,SP,Campeonato Brasileiro,played,HOME
2026,1260611,12,832005,116,GRUPO ÚNICO,2026-04-18,20:30,59849,Cruzeiro,2.0,20013,Grêmio,0.0,Mineirão,Belo Horizonte,MG,Campeonato Brasileiro,played,HOME
2026,1260611,12,832006,117,GRUPO ÚNICO,2026-04-19,11:00,20011,Internacional,1.0,20385,Mirassol,2.0,Beira-Rio,Porto Alegre,RS,Campeonato Brasileiro,played,AWAY
2026,1260611,12,832007,118,GRUPO ÚNICO,2026-04-19,16:00,61590,Coritiba SAF,2.0,62194,Atlético Mineiro,0.0,Couto Pereira,Curitiba,PR,Campeonato Brasileiro,played,HOME
2026,1260611,12,832008,119,GRUPO ÚNICO,2026-04-18,20:00,20018,Vitória,0.0,20001,Corinthians,0.0,Manoel Barradas,Salvador,BA,Campeonato Brasileiro,played,DRAW
2026,1260611,12,832009,120,GRUPO ÚNICO,2026-04-18,18:30,20086,Chapecoense,1.0,60175,Botafogo,4.0,Arena Condá,Chapeco,SC,Campeonato Brasileiro,played,AWAY
2026,1260611,13,832010,121,GRUPO ÚNICO,2026-04-26,20:30,20014,Fluminense,2.0,20086,Chapecoense,1.0,Maracanã,Rio de Janeiro,RJ,Campeonato Brasileiro,played,HOME
2026,1260611,13,832011,122,GRUPO ÚNICO,2026-04-25,18:30,60175,Botafogo,2.0,20011,Internacional,2.0,Mané Garrincha,Brasilia,DF,Campeonato Brasileiro,played,DRAW
2026,1260611,13,832012,123,GRUPO ÚNICO,2026-04-25,21:00,20005,São Paulo,1.0,20385,Mirassol,0.0,Brinco de Ouro,Campinas,SP,Campeonato Brasileiro,played,HOME
2026,1260611,13,832013,124,GRUPO ÚNICO,2026-04-26,16:00,20001,Corinthians,1.0,60646,Vasco da Gama Saf,0.0,Neo Química Arena,Sao Paulo,SP,Campeonato Brasileiro,played,HOME
2026,1260611,13,832014,125,GRUPO ÚNICO,2026-04-26,18:30,20007,Red Bull Bragantino,0.0,20002,Palmeiras,1.0,Cícero de Souza Marques,Braganca Paulista,SP,Campeonato Brasileiro,played,AWAY
2026,1260611,13,832015,126,GRUPO ÚNICO,2026-04-26,20:30,62194,Atlético Mineiro,0.0,20016,Flamengo,4.0,ARENA MRV,Belo Horizonte,MG,Campeonato Brasileiro,played,AWAY
2026,1260611,13,832016,127,GRUPO ÚNICO,2026-04-26,16:00,20013,Grêmio,1.0,61590,Coritiba SAF,0.0,Arena do Grêmio,Porto Alegre,RS,Campeonato Brasileiro,played,HOME
2026,1260611,13,832017,128,GRUPO ÚNICO,2026-04-26,18:30,20052,Athletico Paranaense,3.0,20018,Vitória,1.0,Arena da Baixada,Curitiba,PR,Campeonato Brasileiro,played,HOME
2026,1260611,13,832018,129,GRUPO ÚNICO,2026-04-25,18:30,61377,Bahia,2.0,20008,Santos FC,2.0,Arena Fonte Nova,Salvador,BA,Campeonato Brasileiro,played,DRAW
2026,1260611,13,832019,130,GRUPO ÚNICO,2026-04-25,18:30,20022,Remo,0.0,59849,Cruzeiro,1.0,Baenão,Belem,PA,Campeonato Brasileiro,played,AWAY
2026,1260611,14,832020,131,GRUPO ÚNICO,2026-05-03,16:00,20016,Flamengo,2.0,60646,Vasco da Gama Saf,2.0,Maracanã,Rio de Janeiro,RJ,Campeonato Brasileiro,played,DRAW
2026,1260611,14,832021,132,GRUPO ÚNICO,2026-05-02,16:00,60175,Botafogo,1.0,20022,Remo,2.0,Nilton Santos,Rio de Janeiro,RJ,Campeonato Brasileiro,played,AWAY
2026,1260611,14,832022,133,GRUPO ÚNICO,2026-05-03,16:00,20005,São Paulo,2.0,61377,Bahia,2.0,Cícero de Souza Marques,Braganca Paulista,SP,Campeonato Brasileiro,played,DRAW
2026,1260611,14,832023,134,GRUPO ÚNICO,2026-05-02,18:30,20002,Palmeiras,1.0,20008,Santos FC,1.0,Nubank Parque,Sao Paulo,SP,Campeonato Brasileiro,played,DRAW
2026,1260611,14,832024,135,GRUPO ÚNICO,2026-05-03,20:30,20385,Mirassol,2.0,20001,Corinthians,1.0,José Maria de Campos Maia,Mirassol,SP,Campeonato Brasileiro,played,HOME
2026,1260611,14,832025,136,GRUPO ÚNICO,2026-05-02,21:00,59849,Cruzeiro,1.0,62194,Atlético Mineiro,3.0,Mineirão,Belo Horizonte,MG,Campeonato Brasileiro,played,AWAY
2026,1260611,14,832026,137,GRUPO ÚNICO,2026-05-03,18:30,20011,Internacional,2.0,20014,Fluminense,0.0,Beira-Rio,Porto Alegre,RS,Campeonato Brasileiro,played,HOME
2026,1260611,14,832027,138,GRUPO ÚNICO,2026-05-02,20:30,20052,Athletico Paranaense,0.0,20013,Grêmio,0.0,Arena da Baixada,Curitiba,PR,Campeonato Brasileiro,played,DRAW
2026,1260611,14,832028,139,GRUPO ÚNICO,2026-05-02,18:30,20018,Vitória,4.0,61590,Coritiba SAF,1.0,Manoel Barradas,Salvador,BA,Campeonato Brasileiro,played,HOME
2026,1260611,14,832029,140,GRUPO ÚNICO,2026-05-03,18:30,20086,Chapecoense,1.0,20007,Red Bull Bragantino,2.0,Arena Condá,Chapeco,SC,Campeonato Brasileiro,played,AWAY
2026,1260611,15,832030,141,GRUPO ÚNICO,2026-05-09,18:00,20014,Fluminense,2.0,20018,Vitória,2.0,Maracanã,Rio de Janeiro,RJ,Campeonato Brasileiro,played,DRAW
2026,1260611,15,832031,142,GRUPO ÚNICO,2026-05-10,20:30,60646,Vasco da Gama Saf,1.0,20052,Athletico Paranaense,0.0,São Januário,Rio de Janeiro,RJ,Campeonato Brasileiro,played,HOME
2026,1260611,15,832032,143,GRUPO ÚNICO,2026-05-10,18:30,20008,Santos FC,2.0,20007,Red Bull Bragantino,0.0,Vila Belmiro,Santos,SP,Campeonato Brasileiro,played,HOME
2026,1260611,15,832033,144,GRUPO ÚNICO,2026-05-10,18:30,20001,Corinthians,3.0,20005,São Paulo,2.0,Neo Química Arena,Sao Paulo,SP,Campeonato Brasileiro,played,HOME
2026,1260611,15,832034,145,GRUPO ÚNICO,2026-05-10,18:30,20385,Mirassol,1.0,20086,Chapecoense,1.0,José Maria de Campos Maia,Mirassol,SP,Campeonato Brasileiro,played,DRAW
2026,1260611,15,832035,146,GRUPO ÚNICO,2026-05-10,16:00,62194,Atlético Mineiro,1.0,60175,Botafogo,1.0,ARENA MRV,Belo Horizonte,MG,Campeonato Brasileiro,played,DRAW
2026,1260611,15,832036,147,GRUPO ÚNICO,2026-05-10,19:30,20013,Grêmio,0.0,20016,Flamengo,1.0,Arena do Grêmio,Porto Alegre,RS,Campeonato Brasileiro,played,AWAY
2026,1260611,15,832037,148,GRUPO ÚNICO,2026-05-09,16:00,61590,Coritiba SAF,2.0,20011,Internacional,2.0,Couto Pereira,Curitiba,PR,Campeonato Brasileiro,played,DRAW
2026,1260611,15,832038,149,GRUPO ÚNICO,2026-05-09,21:00,61377,Bahia,1.0,59849,Cruzeiro,2.0,Arena Fonte Nova,Salvador,BA,Campeonato Brasileiro,played,AWAY
2026,1260611,15,832039,150,GRUPO ÚNICO,2026-05-10,16:00,20022,Remo,1.0,20002,Palmeiras,1.0,Mangueirão,Belem,PA,Campeonato Brasileiro,played,DRAW
2026,1260611,16,832040,151,GRUPO ÚNICO,2026-05-16,19:00,20014,Fluminense,2.0,20005,São Paulo,1.0,Maracanã,Rio de Janeiro,RJ,Campeonato Brasileiro,played,HOME
2026,1260611,16,832041,152,GRUPO ÚNICO,2026-05-17,16:00,60175,Botafogo,3.0,20001,Corinthians,1.0,Nilton Santos,Rio de Janeiro,RJ,Campeonato Brasileiro,played,HOME
2026,1260611,16,832042,153,GRUPO ÚNICO,2026-05-17,11:00,20008,Santos FC,0.0,61590,Coritiba SAF,3.0,Neo Química Arena,Sao Paulo,SP,Campeonato Brasileiro,played,AWAY
2026,1260611,16,832043,154,GRUPO ÚNICO,2026-05-16,21:00,20002,Palmeiras,1.0,59849,Cruzeiro,1.0,Arena Barueri,Barueri,SP,Campeonato Brasileiro,played,DRAW
2026,1260611,16,832044,155,GRUPO ÚNICO,2026-05-17,18:30,20007,Red Bull Bragantino,2.0,20018,Vitória,0.0,Cícero de Souza Marques,Braganca Paulista,SP,Campeonato Brasileiro,played,HOME
2026,1260611,16,832045,156,GRUPO ÚNICO,2026-05-16,18:30,62194,Atlético Mineiro,3.0,20385,Mirassol,1.0,ARENA MRV,Belo Horizonte,MG,Campeonato Brasileiro,played,HOME
2026,1260611,16,832046,157,GRUPO ÚNICO,2026-05-16,18:30,20011,Internacional,4.0,60646,Vasco da Gama Saf,1.0,Beira-Rio,Porto Alegre,RS,Campeonato Brasileiro,played,HOME
2026,1260611,16,832047,158,GRUPO ÚNICO,2026-05-17,19:30,20052,Athletico Paranaense,1.0,20016,Flamengo,1.0,Arena da Baixada,Curitiba,PR,Campeonato Brasileiro,played,DRAW
2026,1260611,16,832048,159,GRUPO ÚNICO,2026-05-17,16:00,61377,Bahia,1.0,20013,Grêmio,1.0,Arena Fonte Nova,Salvador,BA,Campeonato Brasileiro,played,DRAW
2026,1260611,16,832049,160,GRUPO ÚNICO,2026-05-17,18:30,20086,Chapecoense,2.0,20022,Remo,3.0,Arena Condá,Chapeco,SC,Campeonato Brasileiro,played,AWAY
2026,1260611,17,832050,161,GRUPO ÚNICO,2026-05-23,21:00,20016,Flamengo,0.0,20002,Palmeiras,3.0,Maracanã,Rio de Janeiro,RJ,Campeonato Brasileiro,played,AWAY
2026,1260611,17,832051,162,GRUPO ÚNICO,2026-05-24,20:30,60646,Vasco da Gama Saf,0.0,20007,Red Bull Bragantino,3.0,São Januário,Rio de Janeiro,RJ,Campeonato Brasileiro,played,AWAY
2026,1260611,17,832052,163,GRUPO ÚNICO,2026-05-23,17:00,20005,São Paulo,1.0,60175,Botafogo,1.0,Morumbi,Sao Paulo,SP,Campeonato Brasileiro,played,DRAW
2026,1260611,17,832053,164,GRUPO ÚNICO,2026-05-24,18:30,20001,Corinthians,1.0,62194,Atlético Mineiro,0.0,Neo Química Arena,Sao Paulo,SP,Campeonato Brasileiro,played,HOME
2026,1260611,17,832054,165,GRUPO ÚNICO,2026-05-23,19:00,20385,Mirassol,1.0,20014,Fluminense,0.0,José Maria de Campos Maia,Mirassol,SP,Campeonato Brasileiro,played,HOME
2026,1260611,17,832055,166,GRUPO ÚNICO,2026-05-24,16:00,59849,Cruzeiro,2.0,20086,Chapecoense,1.0,Mineirão,Belo Horizonte,MG,Campeonato Brasileiro,played,HOME
2026,1260611,17,832056,167,GRUPO ÚNICO,2026-05-23,19:00,20013,Grêmio,3.0,20008,Santos FC,2.0,Arena do Grêmio,Porto Alegre,RS,Campeonato Brasileiro,played,HOME
2026,1260611,17,832057,168,GRUPO ÚNICO,2026-05-25,20:00,61590,Coritiba SAF,3.0,61377,Bahia,2.0,Couto Pereira,Curitiba,PR,Campeonato Brasileiro,played,HOME
2026,1260611,17,832058,169,GRUPO ÚNICO,2026-05-23,17:00,20018,Vitória,2.0,20011,Internacional,0.0,Manoel Barradas,Salvador,BA,Campeonato Brasileiro,played,HOME
2026,1260611,17,832059,170,GRUPO ÚNICO,2026-05-24,16:00,20022,Remo,1.0,20052,Athletico Paranaense,2.0,Mangueirão,Belem,PA,Campeonato Brasileiro,played,AWAY
2026,1260611,18,832060,171,GRUPO ÚNICO,2026-05-30,16:00,20016,Flamengo,3.0,61590,Coritiba SAF,0.0,Maracanã,Rio de Janeiro,RJ,Campeonato Brasileiro,played,HOME
2026,1260611,18,832061,172,GRUPO ÚNICO,2026-05-31,16:00,60646,Vasco da Gama Saf,0.0,62194,Atlético Mineiro,1.0,São Januário,Rio de Janeiro,RJ,Campeonato Brasileiro,played,AWAY
2026,1260611,18,832062,173,GRUPO ÚNICO,2026-05-30,20:00,20008,Santos FC,3.0,20018,Vitória,1.0,Vila Belmiro,Santos,SP,Campeonato Brasileiro,played,HOME
2026,1260611,18,832063,174,GRUPO ÚNICO,2026-05-31,16:00,20002,Palmeiras,1.0,20086,Chapecoense,0.0,Nubank Parque,Sao Paulo,SP,Campeonato Brasileiro,played,HOME
2026,1260611,18,832064,175,GRUPO ÚNICO,2026-05-31,11:00,20007,Red Bull Bragantino,3.0,20011,Internacional,1.0,Cícero de Souza Marques,Braganca Paulista,SP,Campeonato Brasileiro,played,HOME
2026,1260611,18,832065,176,GRUPO ÚNICO,2026-05-31,20:30,59849,Cruzeiro,1.0,20014,Fluminense,1.0,Mineirão,Belo Horizonte,MG,Campeonato Brasileiro,played,DRAW
2026,1260611,18,832066,177,GRUPO ÚNICO,2026-05-30,17:30,20013,Grêmio,1.0,20001,Corinthians,3.0,Arena do Grêmio,Porto Alegre,RS,Campeonato Brasileiro,played,AWAY
2026,1260611,18,832067,178,GRUPO ÚNICO,2026-05-30,16:00,20052,Athletico Paranaense,1.0,20385,Mirassol,0.0,Arena da Baixada,Curitiba,PR,Campeonato Brasileiro,played,HOME
2026,1260611,18,832068,179,GRUPO ÚNICO,2026-05-30,17:30,61377,Bahia,2.0,60175,Botafogo,1.0,Arena Fonte Nova,Salvador,BA,Campeonato Brasileiro,played,HOME
2026,1260611,18,832069,180,GRUPO ÚNICO,2026-05-31,20:30,20022,Remo,1.0,20005,São Paulo,0.0,Mangueirão,Belem,PA,Campeonato Brasileiro,played,HOME
2026,1260611,19,832070,181,GRUPO ÚNICO,2026-07-17,20:00,20014,Fluminense,1.0,20007,Red Bull Bragantino,1.0,Maracanã,Rio de Janeiro,RJ,Campeonato Brasileiro,played,DRAW
2026,1260611,19,832071,182,GRUPO ÚNICO,2026-07-16,19:30,60175,Botafogo,2.0,20008,Santos FC,1.0,Nilton Santos,Rio de Janeiro,RJ,Campeonato Brasileiro,played,HOME
2026,1260611,19,832072,183,GRUPO ÚNICO,2026-07-22,21:30,20005,São Paulo,1.0,20052,Athletico Paranaense,2.0,Cícero de Souza Marques,Braganca Paulista,SP,Campeonato Brasileiro,played,AWAY
2026,1260611,19,832073,184,GRUPO ÚNICO,2026-07-23,19:30,20001,Corinthians,3.0,20022,Remo,0.0,Neo Química Arena,Sao Paulo,SP,Campeonato Brasileiro,played,HOME
2026,1260611,19,832074,185,GRUPO ÚNICO,2026-07-17,20:00,20385,Mirassol,2.0,20013,Grêmio,1.0,José Maria de Campos Maia,Mirassol,SP,Campeonato Brasileiro,played,HOME
2026,1260611,19,832075,186,GRUPO ÚNICO,2026-07-21,19:30,62194,Atlético Mineiro,1.0,61377,Bahia,1.0,ARENA MRV,Belo Horizonte,MG,Campeonato Brasileiro,played,DRAW
2026,1260611,19,832076,187,GRUPO ÚNICO,2026-07-22,21:30,20011,Internacional,1.0,59849,Cruzeiro,2.0,Beira-Rio,Porto Alegre,RS,Campeonato Brasileiro,played,AWAY
2026,1260611,19,832077,188,GRUPO ÚNICO,2026-07-22,19:30,61590,Coritiba SAF,1.0,20002,Palmeiras,3.0,Couto Pereira,Curitiba,PR,Campeonato Brasileiro,played,AWAY
2026,1260611,19,832078,189,GRUPO ÚNICO,2026-07-16,19:30,20018,Vitória,1.0,60646,Vasco da Gama Saf,0.0,Manoel Barradas,Salvador,BA,Campeonato Brasileiro,played,HOME
2026,1260611,19,832079,190,GRUPO ÚNICO,2026-07-22,21:30,20086,Chapecoense,0.0,20016,Flamengo,4.0,Arena Condá,Chapeco,SC,Campeonato Brasileiro,played,AWAY
2026,1260611,20,832080,191,GRUPO ÚNICO,2026-07-26,18:30,20016,Flamengo,1.0,20005,São Paulo,1.0,Maracanã,Rio de Janeiro,RJ,Campeonato Brasileiro,played,DRAW
2026,1260611,20,832081,192,GRUPO ÚNICO,2026-07-25,20:30,60646,Vasco da Gama Saf,1.0,20385,Mirassol,1.0,São Januário,Rio de Janeiro,RJ,Campeonato Brasileiro,played,DRAW
2026,1260611,20,832082,193,GRUPO ÚNICO,2026-07-25,18:30,20008,Santos FC,2.0,20086,Chapecoense,2.0,Vila Belmiro,Santos,SP,Campeonato Brasileiro,played,DRAW
2026,1260611,20,832083,194,GRUPO ÚNICO,2026-07-26,19:30,20002,Palmeiras,1.0,62194,Atlético Mineiro,2.0,Nubank Parque,Sao Paulo,SP,Campeonato Brasileiro,played,AWAY
2026,1260611,20,832084,195,GRUPO ÚNICO,2026-07-26,18:30,20007,Red Bull Bragantino,0.0,61590,Coritiba SAF,0.0,Cícero de Souza Marques,Braganca Paulista,SP,Campeonato Brasileiro,played,DRAW
2026,1260611,20,832085,196,GRUPO ÚNICO,2026-07-26,16:00,59849,Cruzeiro,0.0,60175,Botafogo,1.0,Mineirão,Belo Horizonte,MG,Campeonato Brasileiro,played,AWAY
2026,1260611,20,832086,197,GRUPO ÚNICO,2026-07-26,18:30,20013,Grêmio,1.0,20014,Fluminense,1.0,Arena do Grêmio,Porto Alegre,RS,Campeonato Brasileiro,played,DRAW
2026,1260611,20,832087,198,GRUPO ÚNICO,2026-07-25,18:30,20052,Athletico Paranaense,2.0,20011,Internacional,0.0,Arena da Baixada,Curitiba,PR,Campeonato Brasileiro,played,HOME
2026,1260611,20,832088,199,GRUPO ÚNICO,2026-07-26,16:00,61377,Bahia,1.0,20001,Corinthians,1.0,Arena Fonte Nova,Salvador,BA,Campeonato Brasileiro,played,DRAW
2026,1260611,20,832089,200,GRUPO ÚNICO,2026-07-26,19:30,20022,Remo,2.0,20018,Vitória,0.0,Mangueirão,Belem,PA,Campeonato Brasileiro,played,HOME
2026,1260611,21,832090,201,GRUPO ÚNICO,2026-07-29,21:30,20014,Fluminense,0.0,61377,Bahia,0.0,Maracanã,Rio de Janeiro,RJ,Campeonato Brasileiro,played,DRAW
2026,1260611,21,832091,202,GRUPO ÚNICO,,,60175,Botafogo,,20013,Grêmio,,-  -,,,Campeonato Brasileiro,upcoming,
2026,1260611,21,832092,203,GRUPO ÚNICO,,,20005,São Paulo,,20008,Santos FC,,-  -,,,Campeonato Brasileiro,upcoming,
2026,1260611,21,832093,204,GRUPO ÚNICO,2026-07-30,19:30,20001,Corinthians,0.0,20052,Athletico Paranaense,0.0,Neo Química Arena,Sao Paulo,SP,Campeonato Brasileiro,played,DRAW
2026,1260611,21,832094,205,GRUPO ÚNICO,2026-07-29,19:30,20385,Mirassol,2.0,20022,Remo,1.0,José Maria de Campos Maia,Mirassol,SP,Campeonato Brasileiro,played,HOME
2026,1260611,21,832095,206,GRUPO ÚNICO,,,62194,Atlético Mineiro,,20007,Red Bull Bragantino,,-  -,,,Campeonato Brasileiro,upcoming,
2026,1260611,21,832096,207,GRUPO ÚNICO,2026-07-29,19:30,20011,Internacional,1.0,20016,Flamengo,1.0,Beira-Rio,Porto Alegre,RS,Campeonato Brasileiro,played,DRAW
2026,1260611,21,832097,208,GRUPO ÚNICO,2026-07-30,21:30,61590,Coritiba SAF,0.0,59849,Cruzeiro,1.0,Couto Pereira,Curitiba,PR,Campeonato Brasileiro,played,AWAY
2026,1260611,21,832098,209,GRUPO ÚNICO,2026-07-29,21:30,20018,Vitória,0.0,20002,Palmeiras,4.0,Manoel Barradas,Salvador,BA,Campeonato Brasileiro,played,AWAY
2026,1260611,21,832099,210,GRUPO ÚNICO,,,20086,Chapecoense,,60646,Vasco da Gama Saf,,-  -,,,Campeonato Brasileiro,upcoming,
2026,1260611,22,832100,211,GRUPO ÚNICO,2026-08-09,19:30,20016,Flamengo,2.0,20018,Vitória,0.0,Maracanã,Rio de Janeiro,RJ,Campeonato Brasileiro,played,HOME
2026,1260611,22,832101,212,GRUPO ÚNICO,2026-08-08,21:00,60175,Botafogo,1.0,20014,Fluminense,1.0,Nilton Santos,Rio de Janeiro,RJ,Campeonato Brasileiro,played,DRAW
2026,1260611,22,832102,213,GRUPO ÚNICO,2026-08-09,18:30,20008,Santos FC,0.0,20052,Athletico Paranaense,2.0,Vila Belmiro,Santos,SP,Campeonato Brasileiro,played,AWAY
2026,1260611,22,832103,214,GRUPO ÚNICO,2026-08-09,16:00,20002,Palmeiras,0.0,20011,Internacional,0.0,Nubank Parque,Sao Paulo,SP,Campeonato Brasileiro,played,DRAW
2026,1260611,22,832104,215,GRUPO ÚNICO,2026-08-09,18:30,20007,Red Bull Bragantino,0.0,20001,Corinthians,2.0,Cícero de Souza Marques,Braganca Paulista,SP,Campeonato Brasileiro,played,AWAY
2026,1260611,22,832105,216,GRUPO ÚNICO,2026-08-09,11:00,59849,Cruzeiro,3.0,20385,Mirassol,1.0,Mineirão,Belo Horizonte,MG,Campeonato Brasileiro,played,HOME
2026,1260611,22,832106,217,GRUPO ÚNICO,2026-08-08,16:00,20013,Grêmio,2.0,20005,São Paulo,1.0,Arena do Grêmio,Porto Alegre,RS,Campeonato Brasileiro,played,HOME
2026,1260611,22,832107,218,GRUPO ÚNICO,2026-08-08,20:30,61590,Coritiba SAF,2.0,20086,Chapecoense,1.0,Couto Pereira,Curitiba,PR,Campeonato Brasileiro,played,HOME
2026,1260611,22,832108,219,GRUPO ÚNICO,2026-08-09,16:00,61377,Bahia,0.0,60646,Vasco da Gama Saf,0.0,Arena Fonte Nova,Salvador,BA,Campeonato Brasileiro,played,DRAW
2026,1260611,22,832109,220,GRUPO ÚNICO,2026-08-08,18:30,20022,Remo,2.0,62194,Atlético Mineiro,2.0,Mangueirão,Belem,PA,Campeonato Brasileiro,played,DRAW
2026,1260611,23,832110,221,GRUPO ÚNICO,2026-08-15,16:30,20014,Fluminense,3.0,20002,Palmeiras,2.0,Maracanã,Rio de Janeiro,RJ,Campeonato Brasileiro,played,HOME
2026,1260611,23,832111,222,GRUPO ÚNICO,2026-08-16,16:00,60646,Vasco da Gama Saf,0.0,20008,Santos FC,3.0,São Januário,Rio de Janeiro,RJ,Campeonato Brasileiro,played,AWAY
2026,1260611,23,832112,223,GRUPO ÚNICO,2026-08-15,21:00,20005,São Paulo,1.0,61590,Coritiba SAF,1.0,Morumbi,Sao Paulo,SP,Campeonato Brasileiro,played,DRAW
2026,1260611,23,832113,224,GRUPO ÚNICO,2026-08-16,19:30,20001,Corinthians,1.0,59849,Cruzeiro,2.0,Neo Química Arena,Sao Paulo,SP,Campeonato Brasileiro,played,AWAY
2026,1260611,23,832114,225,GRUPO ÚNICO,2026-08-16,18:30,20385,Mirassol,1.0,20016,Flamengo,5.0,José Maria de Campos Maia,Mirassol,SP,Campeonato Brasileiro,played,AWAY
2026,1260611,23,832115,226,GRUPO ÚNICO,2026-08-16,16:00,62194,Atlético Mineiro,3.0,20013,Grêmio,0.0,ARENA MRV,Belo Horizonte,MG,Campeonato Brasileiro,played,HOME
2026,1260611,23,832116,227,GRUPO ÚNICO,2026-08-17,20:00,20011,Internacional,1.0,20022,Remo,1.0,Beira-Rio,Porto Alegre,RS,Campeonato Brasileiro,played,DRAW
2026,1260611,23,832117,228,GRUPO ÚNICO,2026-08-15,18:30,20052,Athletico Paranaense,1.0,20007,Red Bull Bragantino,1.0,Arena da Baixada,Curitiba,PR,Campeonato Brasileiro,played,DRAW
2026,1260611,23,832118,229,GRUPO ÚNICO,2026-08-16,18:30,20018,Vitória,1.0,60175,Botafogo,0.0,Manoel Barradas,Salvador,BA,Campeonato Brasileiro,played,HOME
2026,1260611,23,832119,230,GRUPO ÚNICO,2026-08-16,11:00,20086,Chapecoense,3.0,61377,Bahia,3.0,Arena Condá,Chapeco,SC,Campeonato Brasileiro,played,DRAW
2026,1260611,24,832120,231,GRUPO ÚNICO,2026-08-22,16:00,20014,Fluminense,2.0,20022,Remo,1.0,Maracanã,Rio de Janeiro,RJ,Campeonato Brasileiro,played,HOME
2026,1260611,24,832121,232,GRUPO ÚNICO,2026-08-24,20:00,60175,Botafogo,2.0,20052,Athletico Paranaense,3.0,Nilton Santos,Rio de Janeiro,RJ,Campeonato Brasileiro,played,AWAY
2026,1260611,24,832122,233,GRUPO ÚNICO,2026-08-23,18:30,20008,Santos FC,1.0,20385,Mirassol,1.0,Vila Belmiro,Santos,SP,Campeonato Brasileiro,played,DRAW
2026,1260611,24,832123,234,GRUPO ÚNICO,2026-08-23,16:00,20002,Palmeiras,4.0,60646,Vasco da Gama Saf,1.0,Nubank Parque,Sao Paulo,SP,Campeonato Brasileiro,played,HOME
2026,1260611,24,832124,235,GRUPO ÚNICO,2026-08-23,16:00,20007,Red Bull Bragantino,1.0,20013,Grêmio,0.0,Cícero de Souza Marques,Braganca Paulista,SP,Campeonato Brasileiro,played,HOME
2026,1260611,24,832125,236,GRUPO ÚNICO,2026-08-22,20:30,59849,Cruzeiro,2.0,20016,Flamengo,1.0,Mineirão,Belo Horizonte,MG,Campeonato Brasileiro,played,HOME
2026,1260611,24,832126,237,GRUPO ÚNICO,2026-08-22,18:30,20011,Internacional,0.0,62194,Atlético Mineiro,0.0,Beira-Rio,Porto Alegre,RS,Campeonato Brasileiro,played,DRAW
2026,1260611,24,832127,238,GRUPO ÚNICO,2026-08-23,19:30,61590,Coritiba SAF,2.0,20001,Corinthians,1.0,Couto Pereira,Curitiba,PR,Campeonato Brasileiro,played,HOME
2026,1260611,24,832128,239,GRUPO ÚNICO,2026-08-23,16:00,20018,Vitória,0.0,61377,Bahia,2.0,Manoel Barradas,Salvador,BA,Campeonato Brasileiro,played,AWAY
2026,1260611,24,832129,240,GRUPO ÚNICO,2026-08-23,18:30,20086,Chapecoense,1.0,20005,São Paulo,0.0,Arena Condá,Chapeco,SC,Campeonato Brasileiro,played,HOME
2026,1260611,25,832130,241,GRUPO ÚNICO,2026-08-30,16:00,20016,Flamengo,3.0,60175,Botafogo,0.0,Maracanã,Rio de Janeiro,RJ,Campeonato Brasileiro,played,HOME
2026,1260611,25,832131,242,GRUPO ÚNICO,2026-08-29,21:20,60646,Vasco da Gama Saf,3.0,59849,Cruzeiro,1.0,São Januário,Rio de Janeiro,RJ,Campeonato Brasileiro,played,HOME
2026,1260611,25,832132,243,GRUPO ÚNICO,2026-08-29,20:00,20005,São Paulo,2.0,20007,Red Bull Bragantino,1.0,Morumbi,Sao Paulo,SP,Campeonato Brasileiro,played,HOME
2026,1260611,25,832133,244,GRUPO ÚNICO,2026-08-30,16:00,20001,Corinthians,0.0,20008,Santos FC,1.0,Neo Química Arena,Sao Paulo,SP,Campeonato Brasileiro,played,AWAY
2026,1260611,25,832134,245,GRUPO ÚNICO,2026-08-30,18:30,20385,Mirassol,1.0,20002,Palmeiras,1.0,José Maria de Campos Maia,Mirassol,SP,Campeonato Brasileiro,played,DRAW
2026,1260611,25,832135,246,GRUPO ÚNICO,2026-08-29,18:30,62194,Atlético Mineiro,2.0,20018,Vitória,1.0,ARENA MRV,Belo Horizonte,MG,Campeonato Brasileiro,played,HOME
2026,1260611,25,832136,247,GRUPO ÚNICO,2026-08-30,18:30,20013,Grêmio,3.0,20086,Chapecoense,1.0,Arena do Grêmio,Porto Alegre,RS,Campeonato Brasileiro,played,HOME
2026,1260611,25,832137,248,GRUPO ÚNICO,2026-08-30,11:00,20052,Athletico Paranaense,3.0,20014,Fluminense,3.0,Arena da Baixada,Curitiba,PR,Campeonato Brasileiro,played,DRAW
2026,1260611,25,832138,249,GRUPO ÚNICO,2026-08-30,19:30,61377,Bahia,,20011,Internacional,,Arena Fonte Nova,Salvador,BA,Campeonato Brasileiro,upcoming,
2026,1260611,25,832139,250,GRUPO ÚNICO,2026-08-31,20:00,20022,Remo,,61590,Coritiba SAF,,Mangueirão,Belem,PA,Campeonato Brasileiro,upcoming,
2026,1260611,26,832140,251,GRUPO ÚNICO,2026-09-05,21:00,20014,Fluminense,,60646,Vasco da Gama Saf,,Maracanã,Rio de Janeiro,RJ,Campeonato Brasileiro,upcoming,
2026,1260611,26,832141,252,GRUPO ÚNICO,2026-09-06,18:30,60175,Botafogo,,20002,Palmeiras,,Nilton Santos,Rio de Janeiro,RJ,Campeonato Brasileiro,upcoming,
2026,1260611,26,832142,253,GRUPO ÚNICO,2026-09-05,18:30,20005,São Paulo,,62194,Atlético Mineiro,,Morumbi,Sao Paulo,SP,Campeonato Brasileiro,upcoming,
2026,1260611,26,832143,254,GRUPO ÚNICO,2026-09-06,19:30,20001,Corinthians,,20086,Chapecoense,,Neo Química Arena,Sao Paulo,SP,Campeonato Brasileiro,upcoming,
2026,1260611,26,832144,255,GRUPO ÚNICO,2026-09-05,16:00,20007,Red Bull Bragantino,,61377,Bahia,,Cícero de Souza Marques,Braganca Paulista,SP,Campeonato Brasileiro,upcoming,
2026,1260611,26,832145,256,GRUPO ÚNICO,2026-09-06,16:00,59849,Cruzeiro,,20052,Athletico Paranaense,,Mineirão,Belo Horizonte,MG,Campeonato Brasileiro,upcoming,
2026,1260611,26,832146,257,GRUPO ÚNICO,2026-09-06,16:00,20011,Internacional,,20008,Santos FC,,Beira-Rio,Porto Alegre,RS,Campeonato Brasileiro,upcoming,
2026,1260611,26,832147,258,GRUPO ÚNICO,2026-09-06,11:00,61590,Coritiba SAF,,20385,Mirassol,,Couto Pereira,Curitiba,PR,Campeonato Brasileiro,upcoming,
2026,1260611,26,832148,259,GRUPO ÚNICO,2026-09-07,20:00,20018,Vitória,,20013,Grêmio,,Manoel Barradas,Salvador,BA,Campeonato Brasileiro,upcoming,
2026,1260611,26,832149,260,GRUPO ÚNICO,2026-09-06,16:00,20022,Remo,,20016,Flamengo,,Mangueirão,Belem,PA,Campeonato Brasileiro,upcoming,
2026,1260611,27,832151,261,GRUPO ÚNICO,,,20016,Flamengo,,20001,Corinthians,,-  -,,,Campeonato Brasileiro,upcoming,
2026,1260611,27,832152,262,GRUPO ÚNICO,,,60175,Botafogo,,20007,Red Bull Bragantino,,-  -,,,Campeonato Brasileiro,upcoming,
2026,1260611,27,832153,263,GRUPO ÚNICO,,,20008,Santos FC,,59849,Cruzeiro,,-  -,,,Campeonato Brasileiro,upcoming,
2026,1260611,27,832154,264,GRUPO ÚNICO,,,20002,Palmeiras,,20005,São Paulo,,-  -,,,Campeonato Brasileiro,upcoming,
2026,1260611,27,832155,265,GRUPO ÚNICO,,,20385,Mirassol,,20018,Vitória,,-  -,,,Campeonato Brasileiro,upcoming,
2026,1260611,27,832156,266,GRUPO ÚNICO,,,62194,Atlético Mineiro,,20014,Fluminense,,-  -,,,Campeonato Brasileiro,upcoming,
2026,1260611,27,832157,267,GRUPO ÚNICO,,,20013,Grêmio,,60646,Vasco da Gama Saf,,-  -,,,Campeonato Brasileiro,upcoming,
2026,1260611,27,832158,268,GRUPO ÚNICO,,,61590,Coritiba SAF,,20052,Athletico Paranaense,,-  -,,,Campeonato Brasileiro,upcoming,
2026,1260611,27,832159,269,GRUPO ÚNICO,,,61377,Bahia,,20022,Remo,,-  -,,,Campeonato Brasileiro,upcoming,
2026,1260611,27,832160,270,GRUPO ÚNICO,,,20086,Chapecoense,,20011,Internacional,,-  -,,,Campeonato Brasileiro,upcoming,
2026,1260611,28,832161,271,GRUPO ÚNICO,,,20016,Flamengo,,20007,Red Bull Bragantino,,-  -,,,Campeonato Brasileiro,upcoming,
2026,1260611,28,832162,272,GRUPO ÚNICO,,,60646,Vasco da Gama Saf,,61590,Coritiba SAF,,-  -,,,Campeonato Brasileiro,upcoming,
2026,1260611,28,832163,273,GRUPO ÚNICO,,,20005,São Paulo,,20011,Internacional,,-  -,,,Campeonato Brasileiro,upcoming,
2026,1260611,28,832164,274,GRUPO ÚNICO,,,20001,Corinthians,,20014,Fluminense,,-  -,,,Campeonato Brasileiro,upcoming,
2026,1260611,28,832165,275,GRUPO ÚNICO,,,20385,Mirassol,,60175,Botafogo,,-  -,,,Campeonato Brasileiro,upcoming,
2026,1260611,28,832166,276,GRUPO ÚNICO,,,62194,Atlético Mineiro,,20086,Chapecoense,,-  -,,,Campeonato Brasileiro,upcoming,
2026,1260611,28,832167,277,GRUPO ÚNICO,,,20013,Grêmio,,20002,Palmeiras,,-  -,,,Campeonato Brasileiro,upcoming,
2026,1260611,28,832168,278,GRUPO ÚNICO,,,20052,Athletico Paranaense,,61377,Bahia,,-  -,,,Campeonato Brasileiro,upcoming,
2026,1260611,28,832169,279,GRUPO ÚNICO,,,20018,Vitória,,59849,Cruzeiro,,-  -,,,Campeonato Brasileiro,upcoming,
2026,1260611,28,832170,280,GRUPO ÚNICO,,,20022,Remo,,20008,Santos FC,,-  -,,,Campeonato Brasileiro,upcoming,
2026,1260611,29,832171,281,GRUPO ÚNICO,,,20014,Fluminense,,61590,Coritiba SAF,,-  -,,,Campeonato Brasileiro,upcoming,
2026,1260611,29,832172,282,GRUPO ÚNICO,,,60175,Botafogo,,60646,Vasco da Gama Saf,,-  -,,,Campeonato Brasileiro,upcoming,
2026,1260611,29,832173,283,GRUPO ÚNICO,,,20008,Santos FC,,20016,Flamengo,,-  -,,,Campeonato Brasileiro,upcoming,
2026,1260611,29,832174,284,GRUPO ÚNICO,,,20002,Palmeiras,,61377,Bahia,,-  -,,,Campeonato Brasileiro,upcoming,
2026,1260611,29,832175,285,GRUPO ÚNICO,,,20007,Red Bull Bragantino,,20385,Mirassol,,-  -,,,Campeonato Brasileiro,upcoming,
2026,1260611,29,832176,286,GRUPO ÚNICO,,,59849,Cruzeiro,,20005,São Paulo,,-  -,,,Campeonato Brasileiro,upcoming,
2026,1260611,29,832177,287,GRUPO ÚNICO,,,20011,Internacional,,20001,Corinthians,,-  -,,,Campeonato Brasileiro,upcoming,
2026,1260611,29,832178,288,GRUPO ÚNICO,,,20052,Athletico Paranaense,,62194,Atlético Mineiro,,-  -,,,Campeonato Brasileiro,upcoming,
2026,1260611,29,832179,289,GRUPO ÚNICO,,,20018,Vitória,,20086,Chapecoense,,-  -,,,Campeonato Brasileiro,upcoming,
2026,1260611,29,832180,290,GRUPO ÚNICO,,,20022,Remo,,20013,Grêmio,,-  -,,,Campeonato Brasileiro,upcoming,
2026,1260611,30,832181,291,GRUPO ÚNICO,,,20016,Flamengo,,20014,Fluminense,,-  -,,,Campeonato Brasileiro,upcoming,
2026,1260611,30,832182,292,GRUPO ÚNICO,,,60646,Vasco da Gama Saf,,20022,Remo,,-  -,,,Campeonato Brasileiro,upcoming,
2026,1260611,30,832183,293,GRUPO ÚNICO,,,20005,São Paulo,,20018,Vitória,,-  -,,,Campeonato Brasileiro,upcoming,
2026,1260611,30,832184,294,GRUPO ÚNICO,,,20002,Palmeiras,,20001,Corinthians,,-  -,,,Campeonato Brasileiro,upcoming,
2026,1260611,30,832185,295,GRUPO ÚNICO,,,20007,Red Bull Bragantino,,59849,Cruzeiro,,-  -,,,Campeonato Brasileiro,upcoming,
2026,1260611,30,832186,296,GRUPO ÚNICO,,,62194,Atlético Mineiro,,20008,Santos FC,,-  -,,,Campeonato Brasileiro,upcoming,
2026,1260611,30,832187,297,GRUPO ÚNICO,,,20013,Grêmio,,20011,Internacional,,-  -,,,Campeonato Brasileiro,upcoming,
2026,1260611,30,832188,298,GRUPO ÚNICO,,,61590,Coritiba SAF,,60175,Botafogo,,-  -,,,Campeonato Brasileiro,upcoming,
2026,1260611,30,832189,299,GRUPO ÚNICO,,,61377,Bahia,,20385,Mirassol,,-  -,,,Campeonato Brasileiro,upcoming,
2026,1260611,30,832190,300,GRUPO ÚNICO,,,20086,Chapecoense,,20052,Athletico Paranaense,,-  -,,,Campeonato Brasileiro,upcoming,
2026,1260611,31,832191,301,GRUPO ÚNICO,,,20014,Fluminense,,20008,Santos FC,,-  -,,,Campeonato Brasileiro,upcoming,
2026,1260611,31,832192,302,GRUPO ÚNICO,,,60175,Botafogo,,20086,Chapecoense,,-  -,,,Campeonato Brasileiro,upcoming,
2026,1260611,31,832193,303,GRUPO ÚNICO,,,20005,São Paulo,,60646,Vasco da Gama Saf,,-  -,,,Campeonato Brasileiro,upcoming,
2026,1260611,31,832194,304,GRUPO ÚNICO,,,20001,Corinthians,,20018,Vitória,,-  -,,,Campeonato Brasileiro,upcoming,
2026,1260611,31,832195,305,GRUPO ÚNICO,,,20385,Mirassol,,20011,Internacional,,-  -,,,Campeonato Brasileiro,upcoming,
2026,1260611,31,832196,306,GRUPO ÚNICO,,,62194,Atlético Mineiro,,61590,Coritiba SAF,,-  -,,,Campeonato Brasileiro,upcoming,
2026,1260611,31,832197,307,GRUPO ÚNICO,,,20013,Grêmio,,59849,Cruzeiro,,-  -,,,Campeonato Brasileiro,upcoming,
2026,1260611,31,832198,308,GRUPO ÚNICO,,,20052,Athletico Paranaense,,20002,Palmeiras,,-  -,,,Campeonato Brasileiro,upcoming,
2026,1260611,31,832199,309,GRUPO ÚNICO,,,61377,Bahia,,20016,Flamengo,,-  -,,,Campeonato Brasileiro,upcoming,
2026,1260611,31,832200,310,GRUPO ÚNICO,,,20022,Remo,,20007,Red Bull Bragantino,,-  -,,,Campeonato Brasileiro,upcoming,
2026,1260611,32,832201,311,GRUPO ÚNICO,,,20016,Flamengo,,62194,Atlético Mineiro,,-  -,,,Campeonato Brasileiro,upcoming,
2026,1260611,32,832202,312,GRUPO ÚNICO,,,60646,Vasco da Gama Saf,,20001,Corinthians,,-  -,,,Campeonato Brasileiro,upcoming,
2026,1260611,32,832203,313,GRUPO ÚNICO,,,20008,Santos FC,,61377,Bahia,,-  -,,,Campeonato Brasileiro,upcoming,
2026,1260611,32,832204,314,GRUPO ÚNICO,,,20002,Palmeiras,,20007,Red Bull Bragantino,,-  -,,,Campeonato Brasileiro,upcoming,
2026,1260611,32,832205,315,GRUPO ÚNICO,,,20385,Mirassol,,20005,São Paulo,,-  -,,,Campeonato Brasileiro,upcoming,
2026,1260611,32,832206,316,GRUPO ÚNICO,,,59849,Cruzeiro,,20022,Remo,,-  -,,,Campeonato Brasileiro,upcoming,
2026,1260611,32,832207,317,GRUPO ÚNICO,,,20011,Internacional,,60175,Botafogo,,-  -,,,Campeonato Brasileiro,upcoming,
2026,1260611,32,832208,318,GRUPO ÚNICO,,,61590,Coritiba SAF,,20013,Grêmio,,-  -,,,Campeonato Brasileiro,upcoming,
2026,1260611,32,832209,319,GRUPO ÚNICO,,,20018,Vitória,,20052,Athletico Paranaense,,-  -,,,Campeonato Brasileiro,upcoming,
2026,1260611,32,832210,320,GRUPO ÚNICO,,,20086,Chapecoense,,20014,Fluminense,,-  -,,,Campeonato Brasileiro,upcoming,
2026,1260611,33,832211,321,GRUPO ÚNICO,,,20014,Fluminense,,20011,Internacional,,-  -,,,Campeonato Brasileiro,upcoming,
2026,1260611,33,832212,322,GRUPO ÚNICO,,,60646,Vasco da Gama Saf,,20016,Flamengo,,-  -,,,Campeonato Brasileiro,upcoming,
2026,1260611,33,832213,323,GRUPO ÚNICO,,,20008,Santos FC,,20002,Palmeiras,,-  -,,,Campeonato Brasileiro,upcoming,
2026,1260611,33,832214,324,GRUPO ÚNICO,,,20001,Corinthians,,20385,Mirassol,,-  -,,,Campeonato Brasileiro,upcoming,
2026,1260611,33,832215,325,GRUPO ÚNICO,,,20007,Red Bull Bragantino,,20086,Chapecoense,,-  -,,,Campeonato Brasileiro,upcoming,
2026,1260611,33,832216,326,GRUPO ÚNICO,,,62194,Atlético Mineiro,,59849,Cruzeiro,,-  -,,,Campeonato Brasileiro,upcoming,
2026,1260611,33,832217,327,GRUPO ÚNICO,,,20013,Grêmio,,20052,Athletico Paranaense,,-  -,,,Campeonato Brasileiro,upcoming,
2026,1260611,33,832218,328,GRUPO ÚNICO,,,61590,Coritiba SAF,,20018,Vitória,,-  -,,,Campeonato Brasileiro,upcoming,
2026,1260611,33,832219,329,GRUPO ÚNICO,,,61377,Bahia,,20005,São Paulo,,-  -,,,Campeonato Brasileiro,upcoming,
2026,1260611,33,832220,330,GRUPO ÚNICO,,,20022,Remo,,60175,Botafogo,,-  -,,,Campeonato Brasileiro,upcoming,
2026,1260611,34,832221,331,GRUPO ÚNICO,,,20016,Flamengo,,20013,Grêmio,,-  -,,,Campeonato Brasileiro,upcoming,
2026,1260611,34,832222,332,GRUPO ÚNICO,,,60175,Botafogo,,62194,Atlético Mineiro,,-  -,,,Campeonato Brasileiro,upcoming,
2026,1260611,34,832223,333,GRUPO ÚNICO,,,20005,São Paulo,,20001,Corinthians,,-  -,,,Campeonato Brasileiro,upcoming,
2026,1260611,34,832224,334,GRUPO ÚNICO,,,20002,Palmeiras,,20022,Remo,,-  -,,,Campeonato Brasileiro,upcoming,
2026,1260611,34,832225,335,GRUPO ÚNICO,,,20007,Red Bull Bragantino,,20008,Santos FC,,-  -,,,Campeonato Brasileiro,upcoming,
2026,1260611,34,832226,336,GRUPO ÚNICO,,,59849,Cruzeiro,,61377,Bahia,,-  -,,,Campeonato Brasileiro,upcoming,
2026,1260611,34,832227,337,GRUPO ÚNICO,,,20011,Internacional,,61590,Coritiba SAF,,-  -,,,Campeonato Brasileiro,upcoming,
2026,1260611,34,832228,338,GRUPO ÚNICO,,,20052,Athletico Paranaense,,60646,Vasco da Gama Saf,,-  -,,,Campeonato Brasileiro,upcoming,
2026,1260611,34,832229,339,GRUPO ÚNICO,,,20018,Vitória,,20014,Fluminense,,-  -,,,Campeonato Brasileiro,upcoming,
2026,1260611,34,832230,340,GRUPO ÚNICO,,,20086,Chapecoense,,20385,Mirassol,,-  -,,,Campeonato Brasileiro,upcoming,
2026,1260611,35,832231,341,GRUPO ÚNICO,,,20016,Flamengo,,20052,Athletico Paranaense,,-  -,,,Campeonato Brasileiro,upcoming,
2026,1260611,35,832232,342,GRUPO ÚNICO,,,60646,Vasco da Gama Saf,,20011,Internacional,,-  -,,,Campeonato Brasileiro,upcoming,
2026,1260611,35,832233,343,GRUPO ÚNICO,,,20005,São Paulo,,20014,Fluminense,,-  -,,,Campeonato Brasileiro,upcoming,
2026,1260611,35,832234,344,GRUPO ÚNICO,,,20001,Corinthians,,60175,Botafogo,,-  -,,,Campeonato Brasileiro,upcoming,
2026,1260611,35,832235,345,GRUPO ÚNICO,,,20385,Mirassol,,62194,Atlético Mineiro,,-  -,,,Campeonato Brasileiro,upcoming,
2026,1260611,35,832236,346,GRUPO ÚNICO,,,59849,Cruzeiro,,20002,Palmeiras,,-  -,,,Campeonato Brasileiro,upcoming,
2026,1260611,35,832237,347,GRUPO ÚNICO,,,20013,Grêmio,,61377,Bahia,,-  -,,,Campeonato Brasileiro,upcoming,
2026,1260611,35,832238,348,GRUPO ÚNICO,,,61590,Coritiba SAF,,20008,Santos FC,,-  -,,,Campeonato Brasileiro,upcoming,
2026,1260611,35,832239,349,GRUPO ÚNICO,,,20018,Vitória,,20007,Red Bull Bragantino,,-  -,,,Campeonato Brasileiro,upcoming,
2026,1260611,35,832240,350,GRUPO ÚNICO,,,20022,Remo,,20086,Chapecoense,,-  -,,,Campeonato Brasileiro,upcoming,
2026,1260611,36,832241,351,GRUPO ÚNICO,,,20014,Fluminense,,20385,Mirassol,,-  -,,,Campeonato Brasileiro,upcoming,
2026,1260611,36,832242,352,GRUPO ÚNICO,,,60175,Botafogo,,20005,São Paulo,,-  -,,,Campeonato Brasileiro,upcoming,
2026,1260611,36,832243,353,GRUPO ÚNICO,,,20008,Santos FC,,20013,Grêmio,,-  -,,,Campeonato Brasileiro,upcoming,
2026,1260611,36,832244,354,GRUPO ÚNICO,,,20002,Palmeiras,,20016,Flamengo,,-  -,,,Campeonato Brasileiro,upcoming,
2026,1260611,36,832245,355,GRUPO ÚNICO,,,20007,Red Bull Bragantino,,60646,Vasco da Gama Saf,,-  -,,,Campeonato Brasileiro,upcoming,
2026,1260611,36,832246,356,GRUPO ÚNICO,,,62194,Atlético Mineiro,,20001,Corinthians,,-  -,,,Campeonato Brasileiro,upcoming,
2026,1260611,36,832247,357,GRUPO ÚNICO,,,20011,Internacional,,20018,Vitória,,-  -,,,Campeonato Brasileiro,upcoming,
2026,1260611,36,832248,358,GRUPO ÚNICO,,,20052,Athletico Paranaense,,20022,Remo,,-  -,,,Campeonato Brasileiro,upcoming,
2026,1260611,36,832249,359,GRUPO ÚNICO,,,61377,Bahia,,61590,Coritiba SAF,,-  -,,,Campeonato Brasileiro,upcoming,
2026,1260611,36,832250,360,GRUPO ÚNICO,,,20086,Chapecoense,,59849,Cruzeiro,,-  -,,,Campeonato Brasileiro,upcoming,
2026,1260611,37,832251,361,GRUPO ÚNICO,,,20014,Fluminense,,59849,Cruzeiro,,-  -,,,Campeonato Brasileiro,upcoming,
2026,1260611,37,832252,362,GRUPO ÚNICO,,,60175,Botafogo,,61377,Bahia,,-  -,,,Campeonato Brasileiro,upcoming,
2026,1260611,37,832253,363,GRUPO ÚNICO,,,20005,São Paulo,,20022,Remo,,-  -,,,Campeonato Brasileiro,upcoming,
2026,1260611,37,832254,364,GRUPO ÚNICO,,,20001,Corinthians,,20013,Grêmio,,-  -,,,Campeonato Brasileiro,upcoming,
2026,1260611,37,832255,365,GRUPO ÚNICO,,,20385,Mirassol,,20052,Athletico Paranaense,,-  -,,,Campeonato Brasileiro,upcoming,
2026,1260611,37,832256,366,GRUPO ÚNICO,,,62194,Atlético Mineiro,,60646,Vasco da Gama Saf,,-  -,,,Campeonato Brasileiro,upcoming,
2026,1260611,37,832257,367,GRUPO ÚNICO,,,20011,Internacional,,20007,Red Bull Bragantino,,-  -,,,Campeonato Brasileiro,upcoming,
2026,1260611,37,832258,368,GRUPO ÚNICO,,,61590,Coritiba SAF,,20016,Flamengo,,-  -,,,Campeonato Brasileiro,upcoming,
2026,1260611,37,832259,369,GRUPO ÚNICO,,,20018,Vitória,,20008,Santos FC,,-  -,,,Campeonato Brasileiro,upcoming,
2026,1260611,37,832260,370,GRUPO ÚNICO,,,20086,Chapecoense,,20002,Palmeiras,,-  -,,,Campeonato Brasileiro,upcoming,
2026,1260611,38,832261,371,GRUPO ÚNICO,,,20016,Flamengo,,20086,Chapecoense,,-  -,,,Campeonato Brasileiro,upcoming,
2026,1260611,38,832262,372,GRUPO ÚNICO,,,60646,Vasco da Gama Saf,,20018,Vitória,,-  -,,,Campeonato Brasileiro,upcoming,
2026,1260611,38,832263,373,GRUPO ÚNICO,,,20008,Santos FC,,60175,Botafogo,,-  -,,,Campeonato Brasileiro,upcoming,
2026,1260611,38,832264,374,GRUPO ÚNICO,,,20002,Palmeiras,,61590,Coritiba SAF,,-  -,,,Campeonato Brasileiro,upcoming,
2026,1260611,38,832265,375,GRUPO ÚNICO,,,20007,Red Bull Bragantino,,20014,Fluminense,,-  -,,,Campeonato Brasileiro,upcoming,
2026,1260611,38,832266,376,GRUPO ÚNICO,,,59849,Cruzeiro,,20011,Internacional,,-  -,,,Campeonato Brasileiro,upcoming,
2026,1260611,38,832267,377,GRUPO ÚNICO,,,20013,Grêmio,,20385,Mirassol,,-  -,,,Campeonato Brasileiro,upcoming,
2026,1260611,38,832268,378,GRUPO ÚNICO,,,20052,Athletico Paranaense,,20005,São Paulo,,-  -,,,Campeonato Brasileiro,upcoming,
2026,1260611,38,832269,379,GRUPO ÚNICO,,,61377,Bahia,,62194,Atlético Mineiro,,-  -,,,Campeonato Brasileiro,upcoming,
2026,1260611,38,832270,380,GRUPO ÚNICO,,,20022,Remo,,20001,Corinthians,,-  -,,,Campeonato Brasileiro,upcoming,
